URL,Ignored (Yes/No),Tag status
www.avito.ma/ar/سلا/عقار/شقة_للرهن,No,Tagged
www.avito.ma/fr/casablanca/appartements/شقة_للكراء_شقة_للكراء--à_vendre,No,Not tagged
www.avito.ma/fr/ad/edit/74213162/2,No,Not tagged
www.avito.ma/adminapp/stores/4171/details,No,Not tagged
www.avito.ma/fr/maroc/cuisine_évolutive--à_vendre,No,Not tagged
www.avito.ma/fr/rabat/sports_et_loisirs/rameur--à_vendre,No,Not tagged
www.avito.ma/fr/el_jadida/pièces_et_accessoires_véhicules/غطاء_سيارة--à_vendre,No,Not tagged
www.avito.ma/fr/maroc/ordinateurs_portables/acer_expertboock--à_vendre,No,Not tagged
www.avito.ma/ar/العرائش/عقارات_للبيع-للبيع,No,Not tagged
www.avito.ma/fr/maroc/meubles_et_décoration/table--à_vendre,No,Not tagged
www.avito.ma/fr/autre_secteur/chaussures/Des_bouttines_menilli_made_in_Spain_plusieur_model_25380877.htm,No,Not tagged
www.avito.ma/fr/maroc/hueawi_p50_pro_256_gb--à_vendre,No,Not tagged
www.avito.ma/auto/neuf/volkswagen/tiguan/,No,Not tagged
www.avito.ma/ar/الدار_البيضاء/حي_الحسني/برطما_شقة/chambre--للبيع,No,Not tagged
www.avito.ma/fr/maroc/appartement_jnan_tisser--à_vendre,No,Not tagged
www.avito.ma/fr/maroc/superduke--à_vendre,No,Not tagged
www.avito.ma/fr/belvédère/matériels_professionnels/DTF_Complet_ثمن_الجملة_عروض_منخفضة_54079632.htm,No,Not tagged
www.avito.ma/fr/maroc/boite_a_gants--à_vendre,No,Not tagged
www.avito.ma/fr/nador/maisons_et_villas-à_vendre,No,Not tagged
www.avito.ma/adminapp/stores/3235/details,No,Not tagged
www.avito.ma/fr/temara/appartements/nassim--à_louer,No,Not tagged
www.avito.ma/adminapp/stores/2456/details,No,Not tagged
www.avito.ma/fr/fès/véhicules-à_vendre,No,Not tagged
www.avito.ma/fr/kénitra/locations_de_vacances-location_de_vacances,No,Not tagged
www.avito.ma/fr/maroc/body_kit_svr_2021--à_vendre,No,Not tagged
www.avito.ma/adminapp/stores/1238/details,No,Not tagged
www.avito.ma/adminapp/stores/5800/details,No,Not tagged
www.avito.ma/adminapp/stores/5799/details,No,Not tagged
www.avito.ma/adminapp/stores/1973/details,No,Not tagged
www.avito.ma/fr/maroc/beaucejour--à_vendre,No,Not tagged
www.avito.ma/adminapp/stores/6589/details,No,Not tagged
www.avito.ma/adminapp/stores/4761/details,No,Not tagged
www.avito.ma/auto/neuf/land-rover/defender/90-station-wagon/,No,Not tagged
www.avito.ma/auto/neuf/hyundai/i10/,No,Not tagged
www.avito.ma/fr/maroc/شنطة_الدراجة_الهوائية--à_vendre,No,Not tagged
www.avito.ma/fr/maroc/voitures/nikoncoolpixs9400--à_vendre,No,Not tagged
www.avito.ma/fr/maroc/canon_elph360--à_vendre,No,Not tagged
www.avito.ma/ar/مراكش/حي_إزدهار/عقارات_للكراء-ﺕﺄﺠﻳﺭ,No,Not tagged
www.avito.ma/ar/فاس/meubles_et_décoration-à_vendre,No,Not tagged
www.avito.ma/fr/maroc/منزل_للكراأ_تطوان--à_vendre,No,Not tagged
www.avito.ma/auto/neuf/mercedes-benz/sls/,No,Not tagged
www.avito.ma/fr/maroc/peugut_407--à_vendre,No,Not tagged
www.avito.ma/fr/maroc/vêtements_toni--à_vendre,No,Not tagged
www.avito.ma/fr/casablanca/encg--à_vendre,No,Not tagged
www.avito.ma/fr/casablanca/electorménager_et_vaisselle/samsung--à_vendre,No,Not tagged
www.avito.ma/fr/maroc/parchok_audi_a4--à_vendre,No,Not tagged
www.avito.ma/ar/حي_الرياض/سيارات_مستعملة/Fiat_500_pack_sport_2022_54772568.htm,No,Not tagged
www.avito.ma/vi/55244724.htm,No,Not tagged
www.avito.ma/fr/ksar_el-kebir/à_vendre,No,Not tagged
www.avito.ma/fr/maroc/instruments_demusique,No,Not tagged
www.avito.ma/fr/maroc/abs_seat_leon_2012--à_vendre,No,Not tagged
www.avito.ma/fr/maroc/voitures..pick_up--à_vendre,No,Not tagged
www.avito.ma/sp/renault/12,No,Not tagged
www.avito.ma/fr/casablanca/voitures_d_occasion/ford_titanium--à_vendre,No,Not tagged
www.avito.ma/ar/حي_الغولف/الأثاث_والديكور/غرفة_نوم_كاملا__53578497.htm,No,Not tagged
www.avito.ma/fr/maroc/voitures/chevrolet_aveo_i5--à_vendre,No,Not tagged
www.avito.ma/fr/les_princesses/appartements/studio_neuf_moderne_à_louer_54699580.htm,No,Not tagged
www.avito.ma/fr/rabat/meubles_et_décoration-à_vendre,No,Not tagged
www.avito.ma/adminapp/stores/144/details,No,Not tagged
www.avito.ma/ar/المغرب/بياس_موطور--للبيع,No,Not tagged
www.avito.ma/fr/maroc/skoda_oktavia_2018_automatique--à_vendre,No,Not tagged
www.avito.ma/fr/maroc/mercidis_cla_c180--à_vendre,No,Not tagged
www.avito.ma/fr/maroc/بلايستيشن_3,No,Not tagged
www.avito.ma/ar/maroc/à_vendre,No,Not tagged
www.avito.ma/fr/agdal/voitures_d'occasion/Mercedes_Benz_Classe_C_220d_2024_54351145.htm,No,Not tagged
www.avito.ma/fr/tétouan/immobilier,No,Not tagged
www.avito.ma/fr/hay_moulay_rachid/animaux/Chien_chiwawa_croisée_teckel__54750399.htm,No,Not tagged
www.avito.ma/fr/maroc/pièces_et_accessoires_véhicules/bmw_x4--à_vendre,No,Not tagged
www.avito.ma/fr/maroc/motos/honda_cf_100_cc--à_vendre,No,Not tagged
www.avito.ma/fr/maroc/optique_xadv--à_vendre,No,Not tagged
www.avito.ma/fr/safi/meubles_et_décoration-à_vendre,No,Not tagged
www.avito.ma/adminapp/stores/5925/details,No,Not tagged
www.avito.ma/ar/المغرب/أقفاص_الارانب--للبيع,No,Not tagged
www.avito.ma/adminapp/stores/6547/details,No,Not tagged
www.avito.ma/fr/maroc/ventes_immobilieres/anfa--à_vendre,No,Not tagged
www.avito.ma/fr/maroc/appartements/appartement_meublé_a_louer_hay_riad_rabat--à_vendre,No,Not tagged
www.avito.ma/fr/maroc/motos/hyosung_250cc--à_vendre,No,Not tagged
www.avito.ma/fr/safi/latitude_5490--à_vendre,No,Not tagged
www.avito.ma/vi/55101236.htm,No,Not tagged
www.avito.ma/fr/tanger/bureaux_et_plateaux,No,Not tagged
www.avito.ma/auto/neuf/porsche/,No,Not tagged
www.avito.ma/notify-UBPCoached,No,Not tagged
www.avito.ma/auto/neuf/iveco/,No,Not tagged
www.avito.ma/adminapp/stores/5416/details,No,Not tagged
www.avito.ma/fr/essaouira/magasins_et_commerces,No,Not tagged
www.avito.ma/fr/al_hoceima/table_salle--à_vendre,No,Not tagged
www.avito.ma/fr/marrakech/locations_de_vacances/location_appartement--à_louer,No,Not tagged
www.avito.ma/fr/casablanca/meubles_et_décoration/chambre_a_coucher--à_vendre,No,Not tagged
www.avito.ma/fr/temara/camions/isuzu__52097788.htm,No,Not tagged
www.avito.ma/fr/maroc/maroc_liberia--à_vendre,No,Not tagged
www2.avito.ma/payment/vas/choose/ad/37625721,No,Not tagged
www.avito.ma/fr/maroc/beneli_cross--à_vendre,No,Not tagged
www.avito.ma/fr/hassan/equipements_pour_enfant_et_bébé/kg0_a_25kg_siege_auto__54544102.htm,No,Not tagged
www.avito.ma/fr/tanger/de_la_plage/locations_de_vacances-à_louer,No,Not tagged
www.avito.ma/fr/aïn_chock/meubles_et_décoration/Lit_coffre__a_Casablanca__49166106.htm,No,Not tagged
www.avito.ma/fr/autre_secteur/meubles_et_décoration/Salon_sur_mezour_50721862.htm,No,Not tagged
www.avito.ma/fr/branes_1/voitures_d'occasion/Volkswagen_Caddy_Diesel_Automatique_2020_à_Tanger_54743485.htm,No,Not tagged
www.avito.ma/fr/bouskoura/appartements/bel_Appartement_125m²_en_Vente_à_Bouskoura_50309670.htm,No,Not tagged
www.avito.ma/ar/المغرب/معدات_مهنية/نيسان_كاشف--للبيع,No,Not tagged
www.avito.ma/fr/maroc/motos/gs_110--à_vendre,No,Not tagged
www.avito.ma/fr/maroc/honeywell_eda51--à_vendre,No,Not tagged
www.avito.ma/auto/neuf/seat/leon/,No,Not tagged
www.avito.ma/fr/maroc/salle_a_manger_4_chaises,No,Not tagged
www.avito.ma/fr/maroc/informatique_et_multimedia/s20_ultra--à_vendre,No,Not tagged
m.avito.ma/ad,No,Not tagged
www.avito.ma/fr/marrakech/route_de_fes/maisons_et_villas-à_vendre,No,Not tagged
www.avito.ma/fr/errachidia/maisons_et_villas-à_vendre,No,Not tagged
www.avito.ma/fr/hay_mohammadi/voitures_d'occasion/Ford_Fiesta_Diesel_Manuelle_2020_à_Casablanca_53925539.htm,No,Not tagged
www.avito.ma/sp/toyota/yaris,No,Not tagged
www.avito.ma/sp/renault/clio,No,Not tagged
www.avito.ma/auto/neuf/fiat/,No,Not tagged
www.avito.ma/fr/maroc/appartement_à_vendre_almaz--à_vendre,No,Not tagged
www.avito.ma/ar/أكادير/برطما_شقة/الحي_المحمدي,No,Not tagged
www.avito.ma/fr/agadir/montres_et_bijoux/montres_pour_hommes--à_vendre,No,Not tagged
www.avito.ma/fr/maroc/ventes_immobilieres/ain_aouda--à_vendre,No,Not tagged
www.avito.ma/fr/casablanca/oulfa/femme_de_menage_nounou_chauffeurs,No,Not tagged
www.avito.ma/vi/55234219.htm,No,Not tagged
www.avito.ma/adminapp/stores/6344/details,No,Not tagged
www.avito.ma/fr/maroc/voitures_d_occasion/safi--à_vendre,No,Not tagged
www.avito.ma/fr/ain_chock/appartements/شقة_عين_الشق_حي_ياسمينة_49250638.htm,No,Not tagged
www.avito.ma/fr/maroc/locations_de_vacances/tetouan--location_de_vacances,No,Not tagged
www.avito.ma/fr/meknès/appartements,No,Not tagged
www.avito.ma/fr/guelmim/maisons_et_villas-à_vendre,No,Not tagged
www.avito.ma/fr/agdal/montres_et_bijoux/Montre_deluxe_SWATCH_IRONY_AG_2021_ORIGINAL_49104976.htm,No,Not tagged
immoneuf.avito.ma/fr,No,Not tagged
www.avito.ma/fr/taroudant/maisons_et_villas-à_vendre,No,Not tagged
www.avito.ma/fr/maroc/gestion_des_réseaux_sociaux,No,Not tagged
www.avito.ma/fr/autre_secteur/services/TOP_Premium_iptv_4K_UHD_HD_Chaînes_Stables_Vod_41377224.htm,No,Not tagged
www.avito.ma/vi/54147392.htm,No,Not tagged
www.avito.ma/sp/bmw/serie-4,No,Not tagged
www.avito.ma/fr/saad-auto,No,Not tagged
www.avito.ma/fr/ad/edit/74074541,No,Not tagged
www.avito.ma/fr/maroc/مكينة_مثلاجة--à_vendre,No,Not tagged
www.avito.ma/fr/hassan/tablettes/iPad_9th_Generation_256GB_battery_100__54792337.htm,No,Not tagged
www.avito.ma/fr/salé/animaux/chat--à_vendre,No,Not tagged
www.avito.ma/fr/salé/bettana/appartements-à_louer,No,Not tagged
www.avito.ma/fr/ain_sebaa/matériel_médical/Tensiomètre_SPENGLER__54978740.htm,No,Not tagged
www.avito.ma/fr/salé/locations_immobilieres-à_louer,No,Not tagged
www.avito.ma/auto/neuf/ford/kuga/1.5-tdci-120-trend-plus-4x2/,No,Not tagged
www.avito.ma/fr/tiznit/,No,Not tagged
www.avito.ma/vi/55219054.htm,No,Not tagged
www.avito.ma/fr/casablanca/meubles_et_décoration/meuble_salle_de_bain__54730107.htm,No,Not tagged
www.avito.ma/fr/maroc/moto_sania_7000_dr--à_vendre,No,Not tagged
www.avito.ma/adminapp/stores/4037/details,No,Not tagged
www.avito.ma/fr/meknès/mercedes_220--à_vendre,No,Not tagged
www.avito.ma/fr/rabat/location_des_appartement--à_vendre,No,Not tagged
www.avito.ma/fr/maroc/microsoft_surface_go_3--à_vendre,No,Not tagged
www.avito.ma/fr/al_maghrib_al_arabi/maisons_et_villas/Maison_2_facdes_a_Kénitra_43755752.htm,No,Not tagged
www.avito.ma/fr/maroc/jeux_vidéo_et_consoles/xbox_one_deux--à_vendre,No,Not tagged
www.avito.ma/fr/maroc/voitures/rono_scinic--à_vendre,No,Not tagged
www.avito.ma/fr/agadir/camions/PEUGEOT_BOXER__50099809.htm,No,Not tagged
www.avito.ma/fr/essaouira/voitures_d_occasion/jeep--à_vendre,No,Not tagged
www.avito.ma/fr/oujda/appartements/iphone_15_pro--à_vendre,No,Not tagged
www.avito.ma/fr/settat/maisons_et_villas-à_vendre,No,Not tagged
www.avito.ma/fr/maroc/208_allure_tanger--à_vendre,No,Not tagged
www.avito.ma/fr/maroc/rog_strict_scar_18--à_vendre,No,Not tagged
www.avito.ma/fr/ouled_teima/maisons_et_villas-à_vendre,No,Not tagged
www.avito.ma/fr/maroc/rayonnage_para,No,Not tagged
www.avito.ma/ar/حي_الكمال/سيارات_مستعملة/hyundai_santa_fe_très_bon_état_54553270.htm,No,Not tagged
www.avito.ma/fr/la_gare/autres/Bulldog_francais__53252477.htm,No,Not tagged
www.avito.ma/fr/hay_ennasr/maisons_et_villas/maison_a_hay_nsar_45535027.htm,No,Not tagged
www.avito.ma/fr/maroc/xiaomi_smart_band_8_pro--à_vendre,No,Not tagged
www.avito.ma/fr/centre_ville/voitures_d'occasion/Dacia_Dokker_Stepway__54771863.htm,No,Not tagged
www.avito.ma/fr/fès/voitures/clio--à_vendre,No,Not tagged
www.avito.ma/fr/fès/locations_de_vacances-location_de_vacances,No,Not tagged
www.avito.ma/auto/neuf/peugeot/207-sw/,No,Not tagged
www.avito.ma/fr/asilah/maisons_et_villas-à_vendre,No,Not tagged
www.avito.ma/fr/casablanca/خزانة_الاحذية--à_vendre,No,Not tagged
www.avito.ma/fr/maroc/appartement_location_de_vacances/moulay_yaacoub--location_de_vacances,No,Not tagged
www.avito.ma/vi/53660982.htm,No,Not tagged
www.avito.ma/adminapp/stores/4778/details,No,Not tagged
www.avito.ma/fr/maroc/ريدمي--à_vendre,No,Not tagged
www.avito.ma/fr/maroc/immobilier/nador,No,Not tagged
www.avito.ma/fr/hay_el_fath/voitures_d'occasion/BMW_520d_Pack_M__2018_Ded_2022_54086345.htm,No,Not tagged
www.avito.ma/ar/مبروكة/شقق/شقة_للبيع_عمارة_خاصة_بالمسبح_قرب_جلييز__54896072.htm,No,Not tagged
www.avito.ma/fr/maroc/voiture_r19_isance--à_vendre,No,Not tagged
www.avito.ma/ar/المغرب/canon_4k_camera--للبيع,No,Not tagged
www.avito.ma/ar/المغرب/iphone_xs_max--à_vendre,No,Not tagged
www.avito.ma/fr/maroc/volkswagen_touareg_automatique_2010--à_vendre,No,Not tagged
www.avito.ma/fr/maroc/volkswagen_touareg_r5_diesel_automatique_2010,No,Not tagged
www.avito.ma/fr/meknès/matériels_professionnels/bureau--à_vendre,No,Not tagged
www.avito.ma/fr/maroc/شقق_للكراء_باصيلة--à_vendre,No,Not tagged
www.avito.ma/fr/maroc/polissage_rkham--à_vendre,No,Not tagged
www.avito.ma/fr/x/voitures/x_53818042.htm,No,Not tagged
www.avito.ma/fr/casablanca/aïn_borja/ventes_immobilieres-à_vendre,No,Not tagged
www.avito.ma/fr/maroc/siège_coiffeur_homme--à_vendre,No,Not tagged
www.avito.ma/ar/boutiques/مراكش/porte_en_fer_coulissante--للبيع,No,Not tagged
www.avito.ma/ar/المغرب/بيجو__206_essence_2012--للبيع,No,Not tagged
www.avito.ma/fr/maroc/moniter,No,Not tagged
www.avito.ma/fr/maroc/appartements/apparemment_al_louer,No,Not tagged
www.avito.ma/fr/mohammedia/la_siesta/appartements/hassan--à_louer,No,Not tagged
www.avito.ma/adminapp/stores/4495/details,No,Not tagged
www.avito.ma/fr/larache/appartements/appartement_meublé__50908649.htm,No,Not tagged
www.avito.ma/fr/autre_secteur/meubles_et_décoration/Table_et_chaise_pour_le_jardin_53362556.htm,No,Not tagged
www.avito.ma/adminapp/stores/2822/details,No,Not tagged
www.avito.ma/fr/sidi_rahal_chatai/locations_de_vacances/appt_pour_vacances_à_sidi_rahhal__50456959.htm,No,Not tagged
www.avito.ma/fr/maroc/immobilier/سيدي_عابد,No,Not tagged
www.avito.ma/fr/casablanca/matériels_professionnels/scie_a_onglet--à_vendre,No,Not tagged
www.avito.ma/fr/mohammedia/meubles_et_décoration/table--à_vendre,No,Not tagged
www.avito.ma/fr/agadir/ventes_immobilieres/suisse--à_vendre,No,Not tagged
www.avito.ma/fr/tanger/dressing_sur_mesure--à_vendre,No,Not tagged
www.avito.ma/fr/maroc/multiprises,No,Not tagged
www.avito.ma/fr/tétouan/appartements-à_vendre,No,Not tagged
www.avito.ma/fr/maroc/motos/malagoti--à_vendre,No,Not tagged
www.avito.ma/fr/sidi_bouzid/maisons_et_villas-à_louer,No,Not tagged
www.avito.ma/fr/maroc/versace_chain_reaction--à_vendre,No,Not tagged
www.avito.ma/fr/maroc/machine_a_café_mise--à_vendre,No,Not tagged
www.avito.ma/ar/المغرب/ثيوت--للبيع,No,Not tagged
www.avito.ma/fr/maroc/magasins_et_commerces/particulier--à_vendre,No,Not tagged
www.avito.ma/fr/bouskoura/appartements/appartement_meublé--à_louer,No,Not tagged
www.avito.ma/fr/rabat/maisons_et_villas-à_louer,No,Not tagged
www.avito.ma/fr/bouznika/autre_secteur/terrains_fermes_et_equipement_professionels--à_vendre,No,Not tagged
www.avito.ma/fr/souk_sebt_ouled_nemma/voitures/Nissan_pick_up_48943157.htm,No,Not tagged
www.avito.ma/fr/maroc/mitsubishi_lancer_2016--à_vendre,No,Not tagged
www.avito.ma/fr/maroc/téléphones/bank_cross_x--à_vendre,No,Not tagged
www.avito.ma/vi/54734046.htm,No,Not tagged
www.avito.ma/fr/tan-Tan/véhicules,No,Not tagged
www.avito.ma/fr/maroc/ticket_final_maroc_futsal--à_vendre,No,Not tagged
www.avito.ma/adminapp/stores/325/details,No,Not tagged
www.avito.ma/adminapp/stores/1313/details,No,Not tagged
www.avito.ma/fr/maroc/terrains_et_fermes/ifrane--à_vendre,No,Not tagged
www.avito.ma/vi/45696663.htm,No,Not tagged
www.avito.ma/fr/manar/bateaux/bateau_peche_et_plaissance_48242870.htm,No,Not tagged
www.avito.ma/fr/maroc/appartements/appartement_a_errahma_vendre,No,Not tagged
www.avito.ma/sp/hyundai/elantra,No,Not tagged
www.avito.ma/vi/55216054.htm,No,Not tagged
www.avito.ma/fr/rabat/locations_immobilieres/hay_nahda--à_louer,No,Not tagged
www.avito.ma/vi/53918197.htm,No,Not tagged
www.avito.ma/fr/maroc/ventes_immobilieres/guercif--à_vendre,No,Not tagged
www.avito.ma/fr/maroc/hanaya--à_vendre,No,Not tagged
www.avito.ma/fr/maroc/mercedes_amg_gtr--à_vendre,No,Not tagged
www.avito.ma/fr/casablanca/electorménager_et_vaisselle/refrigerateur--à_vendre,No,Not tagged
www.avito.ma/sp/land-rover/range-rover-evoque,No,Not tagged
www.avito.ma/auto/neuf/volkswagen/crafter/,No,Not tagged
www.avito.ma/fr/maroc/ordinateurs_portables/macbook_pro_i7_4th--à_vendre,No,Not tagged
www.avito.ma/auto/neuf/hyundai/veloster/,No,Not tagged
www.avito.ma/fr/maroc/grue_à_vendre--à_vendre,No,Not tagged
www.avito.ma/fr/Oujda,No,Not tagged
www.avito.ma/fr/maroc/chefchaouen,No,Not tagged
www.avito.ma/fr/maroc/villas_riad/mediouna--à_vendre,No,Not tagged
www.avito.ma/fr/maroc/ridmi_note_11_s--à_vendre,No,Not tagged
www.avito.ma/vi/55188189.htm,No,Not tagged
www.avito.ma/ar/السويهلة/دكاكين_محلات_تجارية/الكراء,No,Not tagged
www.avito.ma/fr/derb_ghallef/téléphones/Google_Pixel_8_Pro_256_12_Bleu__54006256.htm,No,Not tagged
www.avito.ma/fr/béni_mellal/voitures_d_occasion-à_vendre,No,Not tagged
www.avito.ma/adminapp/stores/5501/details,No,Not tagged
www.avito.ma/adminapp/stores/5168/details,No,Not tagged
www.avito.ma/fr/salé/hay_chmaou/maisons_et_villas,No,Not tagged
www.avito.ma/fr/maroc/motos/200_raptor--à_vendre,No,Not tagged
www.avito.ma/fr/maroc/maisons_et_villas/piscine--à_vendre,No,Not tagged
www.avito.ma/adminapp/stores/6549/details,No,Not tagged
www.avito.ma/adminapp/stores/6273/details,No,Not tagged
www.avito.ma/fr/maroc/qashqai_2008_8ch--à_vendre,No,Not tagged
www.avito.ma/adminapp/stores/4996/details,No,Not tagged
www.avito.ma/fr/maroc/matériels_professionnels/armoire_bureautique--à_vendre,No,Not tagged
www.avito.ma/fr/maroc/nanette_xbox_360--à_vendre,No,Not tagged
www.avito.ma/fr/el_jadida/maisons_et_villas/منزل_للرهن,No,Not tagged
www.avito.ma/adminapp/stores/2629/details,No,Not tagged
www.avito.ma/auto/neuf/peugeot/508-sw/,No,Not tagged
www.avito.ma/fr/maroc/voitures/alfa_147--à_vendre,No,Not tagged
www.avito.ma/fr/maroc/tog_bag,No,Not tagged
www.avito.ma/ar/وسط_المدينة/معدات_رياضية/Planche_de_surf_Tribord__55205974.htm,No,Not tagged
www.avito.ma/fr/maroc/cantir_fiso--à_vendre,No,Not tagged
www.avito.ma/fr/maroc/قيدية--à_vendre,No,Not tagged
www.avito.ma/auto/neuf/nissan/micra/,No,Not tagged
www.avito.ma/fr/fès/austin_gtr_125--à_vendre,No,Not tagged
www.avito.ma/fr/maroc/fond_de_commerce_à_vendre--à_vendre,No,Not tagged
www.avito.ma/fr/saies/voitures_d'occasion/Dacia_Duster_Diesel_Manuelle_2017_à_Fès_53621442.htm,No,Not tagged
www.avito.ma/fr/azemmour/iphone_7_normal--à_vendre,No,Not tagged
www.avito.ma/adminapp/admng/search,No,Not tagged
www.avito.ma/fr/casablanca/pour_la_maision_et_jardin/bureau_mdf--à_vendre,No,Not tagged
www.avito.ma/fr/maroc/bipeur_client--à_vendre,No,Not tagged
www.avito.ma/fr/maroc/ventes_immobilieres/errahma--à_vendre,No,Not tagged
www.avito.ma/fr/maroc/tablet_pen--à_vendre,No,Not tagged
www.avito.ma/auto/neuf/peugeot/208/,No,Not tagged
www.avito.ma/fr/la_prairie/locations_de_vacances/appartements_et_Chalets_à_louer_à_ifrane__41286680.htm,No,Not tagged
www.avito.ma/adminapp/stores/5451/details,No,Not tagged
www.avito.ma/adminapp/stores/5871/details,No,Not tagged
www.avito.ma/fr/temara/maisons_et_villas-à_louer,No,Not tagged
www.avito.ma/adminapp/stores/4105/details,No,Not tagged
www.avito.ma/fr/maroc/voitures_d_occasion/208_carnet_maison--à_vendre,No,Not tagged
www.avito.ma/fr/meknès/motos-à_vendre,No,Not tagged
www.avito.ma/adminapp/login,No,Not tagged
www.avito.ma/fr/la_ville_haute/appareils_photo_et_caméras/Canon_18_135_nano_54007751.htm,No,Not tagged
www.avito.ma/adminapp/stores/5200/details,No,Not tagged
immoneuf.avito.ma/,No,Not tagged
www.avito.ma/fr/casablanca/locations_immobilieres/bachkou--à_louer,No,Not tagged
www.avito.ma/auto/neuf/opel/corsa/,No,Not tagged
www.avito.ma/fr/maroc/ouarzazate,No,Not tagged
www.avito.ma/fr/fès/sanya_x1000--à_vendre,No,Not tagged
www.avito.ma/fr/ad/edit/74186920/1,No,Not tagged
www.avito.ma/adminapp/accounts/1746450/details,No,Not tagged
www.avito.ma/adminapp/stores/4560/details,No,Not tagged
www.avito.ma/adminapp/stores/3727/details,No,Not tagged
www.avito.ma/fr/maroc/yamaha_125_2003--à_vendre,No,Not tagged
www.avito.ma/fr/fes/meubles_et_décoration/salle_a_manger--à_vendre,No,Not tagged
www.avito.ma/fr/ad/edit/74172531/3,No,Not tagged
www.avito.ma/fr/casablanca/maisons/منزل--à_vendre,No,Not tagged
www.avito.ma/fr/rabat/agdal/appartements/atlas--à_louer,No,Not tagged
www.avito.ma/fr/casablanca/immobilier/rahma,No,Not tagged
www.avito.ma/fr/maroc/locations_immobilieres/mohammedia--à_louer,No,Not tagged
www.avito.ma/auto/neuf/peugeot/406/,No,Not tagged
www.avito.ma/ar/المغرب/أجهزةـالإلكترومناجيـوـالأواني/rond_master--للبيع,No,Not tagged
www.proxysite.com/,No,Not tagged
www.avito.ma/fr/maroc/sh125i_robot--à_vendre,No,Not tagged
www.avito.ma/ar/أزيلال/منازل_للعطلة/belle_appartement_54178481.htm,No,Not tagged
www.avito.ma/ar/الرباط/smartwatch_neuf--للبيع,No,Not tagged
www.avito.ma/fr/maroc/mercedes_amg_line_c220_2023--à_vendre,No,Not tagged
www.avito.ma/fr/maroc/mercedes_e_coupe__amg_a_vendre,No,Not tagged
www.avito.ma/fr/maroc/بيجو_موديل_4007--à_vendre,No,Not tagged
www.avito.ma/fr/maroc/range_rover_vogue_2005--à_vendre,No,Not tagged
www.avito.ma/fr/narjis/colocations/Appartement_colocation_80_m²_à_Fès_54656048.htm,No,Not tagged
www.avito.ma/sp/toyota/4runner,No,Not tagged
www.avito.ma/fr/larache/camions/Ducato_50322508.htm,No,Not tagged
www.avito.ma/sp/fiat/ducato,No,Not tagged
www.avito.ma/fr/azli/instruments_de_musique/GUITAR_SEAGULL_PERFORMER_CW_MINI_JUMBO_48537053.htm,No,Not tagged
www.avito.ma/sp/misc//hercules-dj,No,Not tagged
www.avito.ma/fr/marrakech/bab_atlas/immobilier/bab_atlas,No,Not tagged
www.avito.ma/auto/neuf/volkswagen/,No,Not tagged
www.avito.ma/fr/maroc/ordinateurs_portables/piano--à_vendre,No,Not tagged
www.avito.ma/fr/fès/voitures/kia--à_vendre,No,Not tagged
www.avito.ma/fr/maroc/fiat_uni--à_vendre,No,Not tagged
www.avito.ma/fr/maroc/maisons_et_villas-à_vendre,No,Not tagged
www.avito.ma/fr/maroc/pièces_et_accessoires_véhicules/filtre_sh_smart--à_vendre,No,Not tagged
www.avito.ma/fr/maroc/شقة_للرهن_بسلا_الجديدة--à_vendre,No,Not tagged
www.avito.ma/ar/المغرب/el_jedida--للبيع,No,Not tagged
www.avito.ma/fr/maroc/téléphones/camera_xr--à_vendre,No,Not tagged
www.avito.ma/fr/meknes/appartements/208--à_vendre,No,Not tagged
www.avito.ma/fr/agadir/haut_founty/عقارات_للكراء-ﺕﺄﺠﻳﺭ,No,Not tagged
www.avito.ma/fr/maroc/motos/head--à_vendre,No,Not tagged
www.avito.ma/fr/maroc/radiateur_de_voiture_renault_clio--à_vendre,No,Not tagged
www.avito.ma/auto/neuf/dfsk/,No,Not tagged
www.avito.ma/ar/السمارة/سيارات_مستعملة/dacia_logan_48469692.htm,No,Not tagged
www.avito.ma/ar/سيدي_بنور/سيارات_مستعملة/r_19_50064324.htm,No,Not tagged
www.avito.ma/fr/rabat/vélos/vtt_électrique_cannondale__Neuf__51813737.htm,No,Not tagged
www.avito.ma/ar/أكادير/peugeot_309--للبيع,No,Not tagged
www.avito.ma/auto/neuf/toyota/land-cruiser/,No,Not tagged
www.avito.ma/fr/maroc/pièces_et_accessoires_véhicules/valise_samsong_e--à_vendre,No,Not tagged
www.avito.ma/fr/kénitra/appartements,No,Not tagged
www.avito.ma/ar/كالفورنيا/سيارات/Audi_rsq3__49114539.htm,No,Not tagged
www.avito.ma/fr/casablanca/appartements/appartement_casablanca,No,Not tagged
www.avito.ma/fr/maroc/animaux/bulldog_f--à_vendre,No,Not tagged
www.avito.ma/ar/ميناء_طنجة_المدينة/يخوت_و_قوارب/SEA_RAY_5_0MPI_54015706.htm,No,Not tagged
www.avito.ma/fr/agadir_melloul/maisons_et_villas-à_vendre,No,Not tagged
www.avito.ma/auto/neuf/fiat/stilo/,No,Not tagged
www.avito.ma/fr/maroc/33_began--à_vendre,No,Not tagged
www.avito.ma/fr/maroc/شقة_للبيع_حي_موراد--à_vendre,No,Not tagged
www.avito.ma/fr/hay_el_fath/matériels_professionnels/Bureau_et_chaise_professionnel_d_import_22033754.htm,No,Not tagged
www.avito.ma/fr/maroc/voitures/218--à_vendre,No,Not tagged
www.avito.ma/ar/تاوريرت/سيارات/Renault_46329129.htm,No,Not tagged
www.avito.ma/fr/marrakech/colocations/colocation,No,Not tagged
www.avito.ma/auto/neuf/toyota/,No,Not tagged
www.avito.ma/fr/salé/appartement_location_de_vacances-location_de_vacances,No,Not tagged
www.avito.ma/fr/maroc/toyota_hulux_2012_pick_up--à_vendre,No,Not tagged
www.avito.ma/fr/maarif/voitures_d'occasion/CHEVROLET_CAMARO_47549303.htm,No,Not tagged
www.avito.ma/auto/neuf/nissan/qashqai/,No,Not tagged
www.avito.ma/fr/saidia/maisons_et_villas-à_vendre,No,Not tagged
www.avito.ma/fr/maroc/appartement_location_de_vacances/emploi,No,Not tagged
www.avito.ma/adminapp/stores/6545/details,No,Not tagged
www.avito.ma/fr/maroc/villa_a_louer_à_marrakech--à_vendre,No,Not tagged
www.avito.ma/fr/maroc/maisons_et_villas/maison_a_casablanca,No,Not tagged
www.avito.ma/fr/maroc/téléphones/rom_accessoires--à_vendre,No,Not tagged
www.avito.ma/fr/maroc/casablanca_aïn_sebaâ_appartement--à_vendre,No,Not tagged
www.avito.ma/auto/neuf/ford/kuga/,No,Not tagged
www.avito.ma/auto/neuf/dacia/dokker/,No,Not tagged
www.avito.ma/fr/ouarzazate/voitures_d'occasion/Dacia_duster__49506925.htm,No,Not tagged
www.avito.ma/fr/maroc/seat_loin--à_vendre,No,Not tagged
www.avito.ma/fr/aïn_sebaâ/voitures_d'occasion/Bmw_e82_2010_53695621.htm,No,Not tagged
m.avito.ma/list,No,Not tagged
www.avito.ma/fr/kénitra/ferme--à_vendre,No,Not tagged
www.avito.ma/fr/maroc/mafiabike,No,Not tagged
www.avito.ma/fr/maroc/moniteur_hp_6ghz--à_vendre,No,Not tagged
www.avito.ma/fr/maroc/quad_électrique_orion--à_vendre,No,Not tagged
www.avito.ma/fr/maroc/offres_de_emploi-à_vendre,No,Not tagged
www.avito.ma/ar/الناظور/دارـأوـڨيلا-للبيع,No,Not tagged
www.avito.ma/fr/maroc/voitures/fond_clio_campus--à_vendre,No,Not tagged
www.avito.ma/fr/casablanca/immobilier/jardin,No,Not tagged
www.avito.ma/fr/oujda/hay_fath/terrains_et_fermes,No,Not tagged
www.avito.ma/auto/neuf/,No,Not tagged
www.avito.ma/auto/neuf/renault/,No,Not tagged
www.avito.ma/ar/القنيطرة/دراجات/BESREY_Trottinette_Urbaine_51273735.htm,No,Not tagged
www.avito.ma/fr/beni_mellal/jeux_vidéo_et_consoles/manette_xbox--à_vendre,No,Not tagged
www.avito.ma/fr/maroc/bouskoura--à_vendre,No,Not tagged
www.avito.ma/fr/maroc/سيدي_بوخلخال,No,Not tagged
www.avito.ma/fr/maroc/becane_33_settat--à_vendre,No,Not tagged
www.avito.ma/ar/المغرب/motos/kwad--à_vendre,No,Not tagged
www.avito.ma/auto/neuf/volkswagen/coccinelle/,No,Not tagged
www.avito.ma/fr/fès/immobilier,No,Not tagged
www.avito.ma/vi/55146283.htm,No,Not tagged
www.avito.ma/fr/maroc/haygrond_2024--à_vendre,No,Not tagged
www.avito.ma/fr/maroc/pejo_4x4--à_vendre,No,Not tagged
www.avito.ma/auto/neuf/volkswagen/touran/,No,Not tagged
www.avito.ma/fr/maroc/peugeot_208_2004--à_vendre,No,Not tagged
www.avito.ma/fr/kénitra/locations_immobilieres-à_louer,No,Not tagged
www.avito.ma/fr/fès/terrains_r_2--à_vendre,No,Not tagged
www.avito.ma/fr/maroc/voitures/bmw_e46_compact--à_vendre,No,Not tagged
www.avito.ma/fr/safi/maisons_et_villas-à_vendre,No,Not tagged
www.avito.ma/fr/2_mars/voitures_d'occasion/Volvo_XC60_D4_R_Design_2018_1ere_Main_54348977.htm,No,Not tagged
www.avito.ma/auto/neuf/peugeot/301/,No,Not tagged
www.avito.ma/fr/maroc/locations_de_vacances/tétouan_centre_villa--à_louer,No,Not tagged
www.avito.ma/auto/neuf/volvo/,No,Not tagged
www.avito.ma/fr/béni_mellal/téléphones-à_vendre,No,Not tagged
magazine.avito.ma/,No,Not tagged
www.avito.ma/sp/misc/ott-iptv,No,Not tagged
www.avito.ma/adminapp/stores/6546/details,No,Not tagged
www.avito.ma/fr/béni_mellal/à_vendre,No,Not tagged
www.avito.ma/fr/maroc/dyson_hair--à_vendre,No,Not tagged
www.avito.ma/fr/autre_secteur/accessoires_informatique_et_gadgets/LVAS_14_Lunettes_Caméra_Espion_HD_720P_54406173.htm,No,Not tagged
www.avito.ma/fr/béni_mellal/meubles_et_décoration-à_vendre,No,Not tagged
www.avito.ma/fr/agadir/meubles_et_décoration/tapis--à_vendre,No,Not tagged
www.avito.ma/vi/55018116.htm,No,Not tagged
www.avito.ma/fr/meknès/à_vendre,No,Not tagged
www.avito.ma/fr/maroc/fujitsu_i7,No,Not tagged
www.avito.ma/adminapp/stores/2814/details,No,Not tagged
www.avito.ma/fr/fès/meubles_et_décoration/meuble_de_cuisine--à_vendre,No,Not tagged
www.avito.ma/fr/agadir_melloul/offres_de_emploi-à_vendre,No,Not tagged
www.avito.ma/fr/maroc/xiomi_10t--à_vendre,No,Not tagged
www.avito.ma/adminapp/stores/837/details,No,Not tagged
www.avito.ma/fr/maroc/pièces_et_accessoires_véhicules/honda_crv_2019_disc--à_vendre,No,Not tagged
www.avito.ma/fr/maroc/باز--à_vendre,No,Not tagged
www.avito.ma/fr/tetouan/appartements/wilaya--à_vendre,No,Not tagged
www.avito.ma/fr/fès/terrains_et_fermes-à_vendre,No,Not tagged
www.avito.ma/fr/kénitra/bureaux_et_plateaux,No,Not tagged
www.avito.ma/ar/الوسط/كراء_للعطل/برطمة_مجهز_قرب_فندق_المرابطين__بدون_سمسار__50354644.htm,No,Not tagged
www.avito.ma/auto/neuf/dacia/,No,Not tagged
www.avito.ma/fr/maroc/souris_apple,No,Not tagged
account-immoneuf.avito.ma/,No,Not tagged
www.avito.ma/fr/casablanca/sidi_maarouf/bureaux_et_plateaux,No,Not tagged
www.avito.ma/sp/mercedes-benz/classe-b,No,Not tagged
www.avito.ma/fr/maroc/duatron_mini--à_vendre,No,Not tagged
www.avito.ma/fr/maroc/duatron--à_vendre,No,Not tagged
www.avito.ma/fr/maroc/voitures/ducato_main_al_v4--à_vendre,No,Not tagged
www.avito.ma/fr/taghazout/voitures_d'occasion/Audi_52629488.htm,No,Not tagged
www.avito.ma/fr/ad/edit/74151482/1,No,Not tagged
www.avito.ma/fr/maroc/immobilier/riad_titré--à_vendre,No,Not tagged
www.avito.ma/fr/rabat/maisons_et_villas-à_vendre,No,Not tagged
www.avito.ma/ar/ايزيكي/شاحنات/Ford_Transit_2016_36953319.htm,No,Not tagged
www.avito.ma/fr/agadir/appartements/hay_mohammadi--à_louer,No,Not tagged
www.avito.ma/ar/المغرب/عربة_متنقلة_للبيع--للبيع,No,Not tagged
m.avito.ma/,No,Not tagged
www.avito.ma/fr/mohammedia/appartements/mimosas--à_louer,No,Not tagged
www.avito.ma/fr/marrakech/immobilier/chambre,No,Not tagged
www.avito.ma/fr/maroc/ordinateurs_portables/macbook_pro_256ssd--à_vendre,No,Not tagged
www.avito.ma/fr/guéliz/locations_de_vacances/_appartements_Marrakech_54826269.htm,No,Not tagged
www.avito.ma/fr/maroc/appartement_deux_pièces_a_louer_rabat--à_vendre,No,Not tagged
www.avito.ma/fr/maroc/image_et_son/samsung_galaxy_tab_s8--à_vendre,No,Not tagged
www.avito.ma/adminapp/stores/919/details,No,Not tagged
www.avito.ma/fr/maroc/ifhone,No,Not tagged
www.avito.ma/fr/saidia/appartements/appartement_neuf_à_vendre_a_saidia_bien_venu__42874080.htm,No,Not tagged
www.avito.ma/auto/neuf/ford/focus/,No,Not tagged
www.avito.ma/auto/neuf/audi/,No,Not tagged
www.avito.ma/auto/neuf/peugeot/,No,Not tagged
www.avito.ma/adminapp/stores/6537/details,No,Not tagged
www.avito.ma/fr/maroc/animaux/pigeon_gitane--à_vendre,No,Not tagged
www.avito.ma/fr/maroc/ordinateurs_bureau/in_intel--à_vendre,No,Not tagged
www.avito.ma/auto/neuf/volkswagen/t-roc/,No,Not tagged
www.avito.ma/adminapp/stores/5219/details,No,Not tagged
www.avito.ma/fr/maroc/matériels_professionnels/vitrine_glacier--à_vendre,No,Not tagged
www.avito.ma/adminapp/stores/4595/details,No,Not tagged
www.avito.ma/adminapp/stores/6540/details,No,Not tagged
www.avito.ma/fr/maroc/r700--à_vendre,No,Not tagged
www.avito.ma/adminapp/stores/6493/details,No,Not tagged
www.avito.ma/fr/temara/pour_la_maision_et_jardin/rideau--à_vendre,No,Not tagged
www.avito.ma/fr/ain_attig/villas_riad/harhoura--à_louer,No,Not tagged
www.avito.ma/fr/ad/edit/74157211/3,No,Not tagged
www.avito.ma/fr/maroc/fregedir--à_vendre,No,Not tagged
www.avito.ma/fr/maroc/motos/stunt_mbk_naked--à_vendre,No,Not tagged
www.avito.ma/auto/neuf/iveco/daily/,No,Not tagged
www.avito.ma/auto/neuf/hyundai/,No,Not tagged
www.avito.ma/fr/rabat/pièces_et_accessoires_véhicules/pare--à_vendre,No,Not tagged
www.avito.ma/fr/agadir/locations_de_vacances/corniche--location_de_vacances,No,Not tagged
www.avito.ma/adminapp/stores/5237/details,No,Not tagged
www.avito.ma/fr/maroc/شقة_كحلة_للبيع_بالدار_البيضاء٦--à_vendre,No,Not tagged
www.avito.ma/ar/المغرب/قطعـالغيارـلوسائلـالنقل/seat_tech_model_2020--للبيع,No,Not tagged
www.avito.ma/adminapp/stores/437/details,No,Not tagged
www.avito.ma/fr/kénitra/appartements-à_louer,No,Not tagged
www.avito.ma/adminapp/stores/6536/details,No,Not tagged
www.avito.ma/fr/maroc/appartement_a_louer_rabat_yac_el_mansour--à_vendre,No,Not tagged
www.avito.ma/adminapp/stores/6534/details,No,Not tagged
www.avito.ma/fr/maroc/voitures_d_occasion/samsubg_tab--à_vendre,No,Not tagged
www.avito.ma/auto/neuf/citroen/,No,Not tagged
www.avito.ma/fr/maroc/locations_de_vacances/villa_casablanca_avc_piscine--à_louer,No,Not tagged
www.avito.ma/fr/boutiques/maroc/informatique_et_multimedia-à_vendre,No,Not tagged
www.avito.ma/fr/maroc/oled_display--à_vendre,No,Not tagged
www.avito.ma/auto/neuf/toyota/aygo/,No,Not tagged
www.avito.ma/fr/marrakech/maisons_et_villas-à_vendre,No,Not tagged
www.avito.ma/fr/kénitra/locations_de_vacances-à_louer,No,Not tagged
www.avito.ma/fr/maroc/jog_rr_50cc--à_vendre,No,Not tagged
www.avito.ma/ar/المغرب/بيضة_الدجاج_المغرب--للبيع,No,Not tagged
www.avito.ma/fr/fès/café_a_vendre--à_vendre,No,Not tagged
www.avito.ma/fr/maroc/ordinateurs_portables/mi_sidi_250--à_vendre,No,Not tagged
www.avito.ma/fr/maroc/moto_reeb--à_vendre,No,Not tagged
www.avito.ma/fr/maroc/valise_des_voiture--à_vendre,No,Not tagged
www.avito.ma/auto/neuf/peugeot/308/,No,Not tagged
www.avito.ma/ar/المغرب/دراجات/voyageur_bosch--للبيع,No,Not tagged
www.avito.ma/auto/neuf/audi/a1/,No,Not tagged
www.avito.ma/vi/54999406.htm,No,Not tagged
www.avito.ma/fr/mohammedia/appartement_à_louer_avec_piscine--à_vendre,No,Not tagged
www.avito.ma/ar/الصويرة/المدينة_القديمة/بقعـوـمزارع-للبيع,No,Not tagged
www.avito.ma/ar/أكادير/برطما_شقة-ﺕﺄﺠﻳﺭ,No,Not tagged
www.avito.ma/fr/casablanca/aïn_chock/immobilier,No,Not tagged
www.avito.ma/fr/m'hamid/appartements/شقة_مفروشة_بدون_تسبيق__54423039.htm,No,Not tagged
www.avito.ma/fr/tamesna/appartements/jardin--à_vendre,No,Not tagged
www.avito.ma/fr/maroc/logitech_mx_master_3--à_vendre,No,Not tagged
www.avito.ma/fr/meknès/ps4--à_vendre,No,Not tagged
www.avito.ma/fr/tanger/مكتب_للكراء,No,Not tagged
www.avito.ma/adminapp/stores/5696/details,No,Not tagged
www.avito.ma/auto/neuf/bmw/,No,Not tagged
www.avito.ma/fr/maroc/autres_emploi/commercial--à_vendre,No,Not tagged
www.avito.ma/auto/neuf/toyota/yaris/,No,Not tagged
www.avito.ma/adminapp/accounts/8243754/details,No,Not tagged
www.avito.ma/adminapp/stores/2255/details,No,Not tagged
www.avito.ma/fr/fès/appartements,No,Not tagged
www.avito.ma/fr/mesnana/appartements/appartement_à_vendre_près_du_tunnel_de_Mesnana_54813547.htm,No,Not tagged
www.avito.ma/auto/neuf/dacia/logan/,No,Not tagged
www.avito.ma/fr/maroc/airbuds_2_generation--à_vendre,No,Not tagged
www.avito.ma/adminapp/stores/5418/details,No,Not tagged
www.avito.ma/ar/قلعة_السراغنة/سيارات_مستعملة/بيجو_دييزل__53320229.htm,No,Not tagged
www.avito.ma/fr/casablanca/airpods_pro_gen_2--à_vendre,No,Not tagged
www.avito.ma/fr/casablanca/maisons_et_villas/villa--à_louer,No,Not tagged
www.avito.ma/fr/maroc/matlla_medicale_electrique,No,Not tagged
www.avito.ma/fr/maroc/villas_riad/hay_riad--à_vendre,No,Not tagged
www.avito.ma/fr/maroc/class_g_electrique--à_vendre,No,Not tagged
www.avito.ma/adminapp/stores/6533/details,No,Not tagged
www.avito.ma/adminapp/stores/1321/details,No,Not tagged
www.avito.ma/adminapp/stores/6274/details,No,Not tagged
www.avito.ma/fr/maroc/magasins_et_commerces/power_bank--à_louer,No,Not tagged
www.avito.ma/fr/maroc/gazon_synthétique_artificiel--à_vendre,No,Not tagged
www.avito.ma/auto/neuf/seat/,No,Not tagged
www.avito.ma/fr/oujda/maisons_et_villas-à_louer,No,Not tagged
www.avito.ma/fr/maroc/voitures/golf_5_plus_2006--à_vendre,No,Not tagged
www.avito.ma/fr/maroc/voitures/hyundai_40_automatic--à_vendre,No,Not tagged
www.avito.ma/fr/aïn_chock/appartements/Appart_comme_neuf_rhina_à_Californie__54598197.htm,No,Not tagged
www.avito.ma/fr/maroc/ps4_slim_1tb_flash--à_vendre,No,Not tagged
www.avito.ma/fr/maroc/mini_gf--à_vendre,No,Not tagged
www.avito.ma/fr/tit_mellil/chambres_pour--à_vendre,No,Not tagged
www.avito.ma/fr/maroc/surfcasting,No,Not tagged
www.avito.ma/fr/casablanca/offres_de_emploi-à_vendre,No,Not tagged
www.avito.ma/fr/kénitra/maisons_et_villas,No,Not tagged
www.avito.ma/fr/bouskoura/magasins_et_commerces,No,Not tagged
www.avito.ma/fr/dar_bouazza/magasins_et_commerces,No,Not tagged
www.avito.ma/fr/kénitra/appartements-à_vendre,No,Not tagged
www.avito.ma/fr/meknes/ancienne_medina/riad--à_vendre,No,Not tagged
www.avito.ma/fr/maroc/gazo_ticket--à_vendre,No,Not tagged
www.avito.ma/fr/agadir/gle,No,Not tagged
www.avito.ma/auto/neuf/hyundai/accent/,No,Not tagged
www.avito.ma/fr/tanger/offres_de_emploi-à_vendre,No,Not tagged
www.avito.ma/auto/neuf/honda/,No,Not tagged
www.avito.ma/auto/neuf/fiat/ducato/,No,Not tagged
www.avito.ma/fr/el_jadida/immobilier/marché_central,No,Not tagged
www.avito.ma/ar/وجدة/دارـأوـڨيلا-للبيع,No,Not tagged
www.avito.ma/fr/fès/magasins_et_commerces,No,Not tagged
www.avito.ma/ar/المغرب/برطما_شقة/apartement_casablanca,No,Not tagged
www.avito.ma/fr/agadir/villas_riad/charaf--à_vendre,No,Not tagged
www.avito.ma/fr/laâyoune/voitures-à_vendre,No,Not tagged
www.avito.ma/adminapp/stores/6531/details,No,Not tagged
www.avito.ma/fr/maroc/sports_et_loisirs/ceinture_dh_gym--à_vendre,No,Not tagged
www.avito.ma/fr/maroc/iphone_14_plus_256gb--à_vendre,No,Not tagged
www.avito.ma/adminapp/stores/6525/details,No,Not tagged
www.avito.ma/adminapp/stores/720/details,No,Not tagged
www.avito.ma/fr/maroc/grand_cherrokee--à_vendre,No,Not tagged
www.avito.ma/fr/ad/edit/74003042,No,Not tagged
www.avito.ma/auto/neuf/opel/,No,Not tagged
www.avito.ma/auto/neuf/renault/twingo/,No,Not tagged
www.avito.ma/adminapp/stores/6529/details,No,Not tagged
www.avito.ma/auto/neuf/peugeot/207/,No,Not tagged
www.avito.ma/fr/ad/edit/74076850/3,No,Not tagged
www.avito.ma/ar/المغرب/toyota_2023--للبيع,No,Not tagged
www.avito.ma/adminapp/stores/5026/details,No,Not tagged
www.avito.ma/fr/maroc/iphone_xr_مهرس--à_vendre,No,Not tagged
www.avito.ma/adminapp/stores/5837/details,No,Not tagged
www.avito.ma/fr/ad/edit/73983620/3,No,Not tagged
www.avito.ma/fr/ad/edit/73983620/1,No,Not tagged
www.avito.ma/fr/maroc/jeux_vidéo_et_consoles/el_harhoura--à_vendre,No,Not tagged
www.avito.ma/fr/maroc/vélo_bmx_united--à_vendre,No,Not tagged
www.avito.ma/auto/neuf/byd/f0/,No,Not tagged
www.avito.ma/adminapp/stores/4846/details,No,Not tagged
www.avito.ma/auto/neuf/ford/fiesta/,No,Not tagged
www.avito.ma/fr/maroc/عجلات_205--à_vendre,No,Not tagged
www.avito.ma/fr/ad/edit/74082193,No,Not tagged
www.avito.ma/fr/marrakech/offres_de_emploi-à_vendre,No,Not tagged
www.avito.ma/fr/bouskoura/victoria/appartements/florida--à_vendre,No,Not tagged
www.avito.ma/fr/maroc/demandes_de_emploi/réceptionniste--demandes,No,Not tagged
www.avito.ma/auto/neuf/volkswagen/passat/,No,Not tagged
www.avito.ma/auto/neuf/toyota/prius/,No,Not tagged
www.avito.ma/fr/fès/ouled_tayeb/appartements-à_vendre,No,Not tagged
www.avito.ma/fr/autre_secteur/voitures_d'occasion/Nissan_Juke_Essence_Automatique_2022_à_Kénitra_54410229.htm,No,Not tagged
www.avito.ma/ar/المغرب/لوازم_صيد--للبيع,No,Not tagged
www.avito.ma/ar/الرباط/عروض_عمل-للبيع,No,Not tagged
www.avito.ma/fr/fès/téléphones-à_vendre,No,Not tagged
www.avito.ma/fr/fès/standing,No,Not tagged
www.avito.ma/fr/mohammedia/bureaux_et_plateaux,No,Not tagged
www.avito.ma/fr/maroc/alpharomeo_julietta--à_vendre,No,Not tagged
www.avito.ma/fr/maroc/دمية_الجنسية--à_vendre,No,Not tagged
www.avito.ma/fr/maroc/ordinateurs_bureau/4k_ecran--à_vendre,No,Not tagged
www.avito.ma/sp/misc/vehicules-cars,No,Not tagged
www.avito.ma/fr/casablanca/pour_la_maision_et_jardin/ferme_bretone--à_vendre,No,Not tagged
www.avito.ma/fr/fès/business_et_affaires_commerciales/fond_de_commerce_parapharmacie_48586169.htm,No,Not tagged
www.avito.ma/fr/sefrou/magasins__commerces_et_locaux_industriels/café_à_vendre_53543230.htm,No,Not tagged
www.avito.ma/fr/meknès/maisons_et_villas-à_vendre,No,Not tagged
www.avito.ma/ar/المغرب/صالون_للكراء_نساء--للبيع,No,Not tagged
www.avito.ma/ar/mdiq/appartements,No,Not tagged
www.avito.ma/fr/fès/motos/aerox_yamaha--à_vendre,No,Not tagged
www.avito.ma/ar/أكادير/سيارات/agadir--للبيع,No,Not tagged
www.avito.ma/fr/maroc/jardin_et_outils_de_bricolage/li_a--à_vendre,No,Not tagged
www.avito.ma/fr/sidi_kacem/animaux/couveuse__فقاسة--à_vendre,No,Not tagged
www.avito.ma/fr/maroc/voitures/toyota_corolla_mall_num--à_vendre,No,Not tagged
www.avito.ma/fr/fès/motos-à_vendre,No,Not tagged
www.avito.ma/fr/ad/edit/73983366/2,No,Not tagged
www.avito.ma/fr/maroc/maisons/femme_a_vendre_ksar_sghir,No,Not tagged
www.avito.ma/fr/ad/edit/73649846/1,No,Not tagged
www.avito.ma/fr/maroc/peugeot_308_2020_manuel--à_vendre,No,Not tagged
www.avito.ma/fr/maroc/ventes_immobilieres/sanitaire--à_vendre,No,Not tagged
www.avito.ma/fr/rabat/batterie_auto--à_vendre,No,Not tagged
www.avito.ma/auto/neuf/fiat/punto/,No,Not tagged
www.avito.ma/fr/maroc/appartements/appartement_balnéaire_sidi_rahal,No,Not tagged
www.avito.ma/fr/ad/edit/74093761/1,No,Not tagged
www.avito.ma/fr/maroc/samsung_s_10_128_gb--à_vendre,No,Not tagged
www.avito.ma/fr/casablanca/abdelmoumen/appartement_location_de_vacances/studio_meublé--location_de_vacances,No,Not tagged
www.avito.ma/fr/béni_mellal/remorques_et_caravans/caravane_chevaux_Böckmann_46376335.htm,No,Not tagged
www.avito.ma/fr/maroc/appartements/meuble_chaussures--à_vendre,No,Not tagged
www.avito.ma/auto/neuf/audi/a4/,No,Not tagged
www.avito.ma/fr/maroc/hp_pavilion_power_15--à_vendre,No,Not tagged
www.avito.ma/fr/casablanca/accessoires_informatique_et_gadgets/nvidia_gtx--à_vendre,No,Not tagged
www.avito.ma/adminapp/stores/4301/details,No,Not tagged
www.avito.ma/ar/حي_آخر/بقع_و_مزارع_للكراء/بقعة_ارضية__54591805.htm,No,Not tagged
www.avito.ma/fr/maroc/studio_a_louer_rabat,No,Not tagged
www.avito.ma/fr/ad/edit/74094865/2,No,Not tagged
www.avito.ma/fr/rabat/diour_jamaa/electricien,No,Not tagged
www.avito.ma/fr/casablanca/appartements/cgi--à_vendre,No,Not tagged
www.avito.ma/adminapp/stores/6422/details,No,Not tagged
www.avito.ma/fr/ad/edit/72405172/4,No,Not tagged
www.avito.ma/fr/ad/edit/72405172/1,No,Not tagged
www.avito.ma/adminapp/stores/6424/details,No,Not tagged
www.avito.ma/ar/أكادير/عاملة_ نظافة_مربية_سائق-للبيع,No,Not tagged
www.avito.ma/fr/maroc/بيع_الزليج--à_vendre,No,Not tagged
www.avito.ma/adminapp/stores/6050/details,No,Not tagged
www.avito.ma/ar/حد_السوالم/برطما_شقة/شقة--للبيع,No,Not tagged
www.avito.ma/ar/أكادير/سيارات/voiture_diesel--للبيع,No,Not tagged
www.avito.ma/auto/neuf/kia/picanto/,No,Not tagged
www.avito.ma/fr/khouribga/voitures_d_occasion/voiture_bmw--à_vendre,No,Not tagged
www.avito.ma/fr/سلا/تشغيل,No,Not tagged
www.avito.ma/fr/agadir/autres-à_vendre,No,Not tagged
www.avito.ma/fr/casablanca/maisons_et_villas-à_vendre,No,Not tagged
www.avito.ma/fr/oujda/maisons_et_villas/maison_a_vendre,No,Not tagged
www.avito.ma/fr/nouaceur/stocks_et_vente_en_gros/Frites_fraîches_sous_vide_48045468.htm,No,Not tagged
www.avito.ma/fr/maroc/voitures_d_occasion/range_rover_2018--à_vendre,No,Not tagged
www.avito.ma/fr/boutique/premium-realties,No,Not tagged
www.avito.ma/fr/maroc/parchoc_hyundai_accent_2014--à_vendre,No,Not tagged
www.avito.ma/ar/المغرب/raja_casablanca--للبيع,No,Not tagged
www.avito.ma/fr/maroc/accessoires_informatique_et_gadgets/dell_optiplex--à_vendre,No,Not tagged
www.avito.ma/fr/béni_mellal/voitures-à_vendre,No,Not tagged
www.avito.ma/auto/neuf/dacia/sandero/,No,Not tagged
www.avito.ma/fr/maroc/ticket_real_madrid--à_vendre,No,Not tagged
www.avito.ma/fr/maroc/voitures/peugeot_208_automatique_prix--à_vendre,No,Not tagged
www.avito.ma/fr/maroc/téléphones/honor_magic6_pro--à_vendre,No,Not tagged
www.avito.ma/fr/maroc/immobilier/chefchaouen,No,Not tagged
www.avito.ma/fr/benslimane/les_chênes--à_vendre,No,Not tagged
www.avito.ma/fr/tetouan/sidi_al_mandri/appartements-à_louer,No,Not tagged
www.avito.ma/auto/neuf/peugeot/2008/,No,Not tagged
www.avito.ma/fr/hay_zaoudia/voitures_d'occasion/Land_Rover_Range_Rover_Diesel_Automatique_2019_54588751.htm,No,Not tagged
www.avito.ma/fr/2_mars/voitures_d'occasion/Porsche_macan_Essence_2021_51170568.htm,No,Not tagged
www.avito.ma/fr/temara/lot_villa,No,Not tagged
www.avito.ma/fr/tit_mellil/terrains_et_fermes/almaz--à_vendre,No,Not tagged
www.avito.ma/fr/ad/edit/71511751/3,No,Not tagged
www.avito.ma/fr/ad/edit/71511751,No,Not tagged
www.avito.ma/fr/safi/accessoires_informatique_et_gadgets/souris_gamer--à_vendre,No,Not tagged
www.avito.ma/fr/maroc/650i--à_vendre,No,Not tagged
www.avito.ma/fr/guich_oudaya/voitures_d'occasion/Peugeot_407_Essence__53927609.htm,No,Not tagged
www.avito.ma/fr/casablanca/عقارات_للكراء-ﺕﺄﺠﻳﺭ,No,Not tagged
www.avito.ma/fr/settat/offres_d'emploi--à_vendre,No,Not tagged
www.avito.ma/fr/cabo_negro/locations_de_vacances/Rdc_dune_villa_50580749.htm,No,Not tagged
www.avito.ma/fr/moulay_bousselham/locations_de_vacances/Appartement__dans_villa_50535408.htm,No,Not tagged
www.avito.ma/fr/fquih_ben_saleh/voitures_d_occasion/polo--à_vendre,No,Not tagged
www.avito.ma/fr/maroc/accessoires_informatique_et_gadgets/ps4_portable_hp--à_vendre,No,Not tagged
www.avito.ma/fr/maroc/ventes_immobilieres--à_vendre,No,Not tagged
www.avito.ma/fr/khouribga/sandal--à_vendre,No,Not tagged
www.avito.ma/fr/maroc/vogue_reprise--à_vendre,No,Not tagged
www.avito.ma/fr/maroc/x_hunter--à_vendre,No,Not tagged
www.avito.ma/fr/maroc/image_et_son/wireless_microphone--à_vendre,No,Not tagged
www.avito.ma/fr/maroc/equipements_pour_enfant/buggy_train--à_vendre,No,Not tagged
www.avito.ma/fr/khemisset/fond_de_commerce--à_vendre,No,Not tagged
www.avito.ma/fr/maroc/type_c_earpods,No,Not tagged
www.avito.ma/ar/ad/edit/74124367/3,No,Not tagged
www.avito.ma/fr/fès/chien--à_vendre,No,Not tagged
www.avito.ma/fr/fes/motos/Yamaha--à_vendre,No,Not tagged
www.avito.ma/fr/marrakech/polo/polo,No,Not tagged
www.avito.ma/auto/neuf/mini/,No,Not tagged
www.avito.ma/fr/agadir/شقة_كراء--à_vendre,No,Not tagged
www.avito.ma/fr/maroc/voitures/gle_250_nador--à_vendre,No,Not tagged
www.avito.ma/fr/maroc/lenovo_ideapad_i5_12--à_vendre,No,Not tagged
www.avito.ma/fr/kénitra/voitures-à_vendre,No,Not tagged
www.avito.ma/fr/centre_ville/voitures_d'occasion/Mercedes_Benz_Classe_C220_52150787.htm,No,Not tagged
www.avito.ma/fr/maroc/impriment_tshirt--à_vendre,No,Not tagged
www.avito.ma/fr/maroc/billard_convertible--à_vendre,No,Not tagged
www.avito.ma/fr/maroc/الة_ثقب_الادنين--à_vendre,No,Not tagged
www.avito.ma/fr/maroc/c90_sfra--à_vendre,No,Not tagged
www.avito.ma/ar/المغرب/casque_motor--à_vendre,No,Not tagged
www.avito.ma/fr/agdal/voitures_d'occasion/Bentley_bentayga_occasion_51027238.htm,No,Not tagged
www.avito.ma/fr/les_princesses/voitures_d'occasion/BMW_X5_PACK_M_45423099.htm,No,Not tagged
www.avito.ma/fr/hay_riad/voitures_d'occasion/BMW_X5_pack_M_modèle_2022_52631201.htm,No,Not tagged
www.avito.ma/fr/agdal/voitures_d'occasion/Mercedes_Benz_Classe_Cle_220__54306428.htm,No,Not tagged
www.avito.ma/fr/maroc/vélos/gravell_vel--à_vendre,No,Not tagged
www.avito.ma/fr/maroc/spirit_modéle_2015--à_vendre,No,Not tagged
www.avito.ma/fr/casablanca/autre_secteur/meubles_et_décoration/salon--à_vendre,No,Not tagged
www.avito.ma/auto/neuf/fiat/500/,No,Not tagged
www.avito.ma/ar/المغرب/قطعـالغيارـلوسائلـالنقل/hyundai_santa_fe--للبيع,No,Not tagged
www.avito.ma/fr/maroc/21_ultra_samsung--à_vendre,No,Not tagged
www.avito.ma/fr/maroc/iphone_se_2019--à_vendre,No,Not tagged
www.avito.ma/fr/oujda/voitures/evoque--à_vendre,No,Not tagged
www.avito.ma/fr/hay_riad/voitures_d'occasion/Mercedes_Benz_Classe_CLA_Diesel_Automatique_2019_54695422.htm,No,Not tagged
www.avito.ma/fr/maroc/iphone_13_pro_max_green,No,Not tagged
aide.avito.ma/,No,Not tagged
www.avito.ma/fr/maroc/voitures_d_occasion/panneaux_solaires_560--à_vendre,No,Not tagged
www.avito.ma/fr/ouled_oujih/voitures_d'occasion/Hyundai_Grand_i10_54816293.htm,No,Not tagged
www.avito.ma/ar/المغرب/appartements/rhina,No,Not tagged
www.avito.ma/fr/casablanca/sidi_moumen/شقة_للكراء--à_vendre,No,Not tagged
www.avito.ma/ar/اليوسفية/قطع_الغيار_لوسائل_النقل/MAZDA_3_1_2005_couleur_gris_clair_manuelle__53050169.htm,No,Not tagged
www.avito.ma/fr/maroc/moto_gs,No,Not tagged
www.avito.ma/fr/ad/edit/65412826/4,No,Not tagged
www.avito.ma/ar/إفران/بقعـوـمزارع-للبيع,No,Not tagged
www.avito.ma/fr/maroc/studio_dans_location_à_youssoufia--à_vendre,No,Not tagged
www.avito.ma/fr/casablanca/motos/outo--à_vendre,No,Not tagged
www.avito.ma/fr/maroc/un_écran_megane_2019--à_vendre,No,Not tagged
www.avito.ma/fr/ad/edit/74031303/2,No,Not tagged
www.avito.ma/fr/meknes/شارع_محمد_السادس/appartements-à_vendre,No,Not tagged
www.avito.ma/auto/neuf/suzuki/,No,Not tagged
www.avito.ma/fr/maroc/pc_portable_nafida,No,Not tagged
www.avito.ma/auto/neuf/volvo/xc40/d4-190ch-momentum-plus-awd-geartronic-8/,No,Not tagged
www.avito.ma/fr/autre_secteur/voitures_d'occasion/KIFAL___SKODA_Octavia_54467640.htm,No,Not tagged
www.avito.ma/ar/المغرب/معدات_مهنية/offre_automatic--للبيع,No,Not tagged
www.avito.ma/auto/neuf/toyota/hilux/,No,Not tagged
www.avito.ma/fr/maroc/voitures_d'occasion_hyandai_accent--à_vendre,No,Not tagged
www.avito.ma/fr/meknès/business_et_affaires_commerciales/منزل_بتلات_طوابق_و_شركة_تحويل_الأموال_50763738.htm,No,Not tagged
www.avito.ma/fr/oulfa/business_et_affaires_commerciales/صناعة_الإشهار_و_تغليف_واجهات_المحلات__50133570.htm,No,Not tagged
www.avito.ma/auto/neuf/renault/trafic/,No,Not tagged
www.avito.ma/fr/temara/lenovo_thinkpad--à_vendre,No,Not tagged
www.avito.ma/fr/maroc/valise_american_tourister--à_vendre,No,Not tagged
www.avito.ma/fr/tanger/terrains_et_fermes/ارض_فلاحية--à_vendre,No,Not tagged
www.avito.ma/fr/maroc/voitures/carte_gol--à_vendre,No,Not tagged
www.avito.ma/ar/fes/تشغيل,No,Not tagged
www.avito.ma/fr/sale/sports_et_loisirs/raquette--à_vendre,No,Not tagged
www.avito.ma/fr/ad/edit/74074085/1,No,Not tagged
www.avito.ma/fr/maroc/منزل_للكراءارباط--à_vendre,No,Not tagged
www.avito.ma/fr/berrechid/terrains_et_fermes_à_louer/بقعة_أرضية_100_m_بتجزئة_زهير_1_55112152.htm,No,Not tagged
www.avito.ma/fr/maroc/appartements/appartement_dar_bouazza_a_vendre,No,Not tagged
www.avito.ma/fr/maroc/matériels_professionnels/table_bell--à_vendre,No,Not tagged
www.avito.ma/fr/maroc/véhicules/maruti,No,Not tagged
www.avito.ma/ar/شارع_محمد_5/شقق/Appartement_à_louer_AVEC_piscine_vue_Mer__55133224.htm,No,Not tagged
www.avito.ma/fr/ad/edit/74088804/2,No,Not tagged
www.avito.ma/fr/sidi_kacem/terrains_et_fermes_à_louer/terrain_4_immeubles_54385363.htm,No,Not tagged
www.avito.ma/fr/marrakech/voitures/mercedes_e--à_vendre,No,Not tagged
www.avito.ma/fr/ad/edit/74084640/2,No,Not tagged
www.avito.ma/auto/neuf/audi/a8/,No,Not tagged
www.avito.ma/fr/maroc/ideapad_3_15igl05,No,Not tagged
www.avito.ma/fr/سلوان/à_vendre,No,Not tagged
www.avito.ma/fr/centre_ville/locations_de_vacances/شقة_مشرقة_و_واسعة_النت_بالمجان_52441953.htm,No,Not tagged
www.avito.ma/fr/maroc/voitures/renault_captur_intense--à_vendre,No,Not tagged
www.avito.ma/fr/tanger/magasins_et_commerces,No,Not tagged
www.avito.ma/fr/maroc/audi_a3_sline_rabat--à_vendre,No,Not tagged
www.avito.ma/fr/maroc/siera_bon_etat--à_vendre,No,Not tagged
www.avito.ma/fr/maroc/voitures/mercedes_classe_s2017--à_vendre,No,Not tagged
www.avito.ma/ar/المغرب/دارـأ/agadir--للبيع,No,Not tagged
www.avito.ma/fr/maroc/motos/moto_sh_150_robo--à_vendre,No,Not tagged
www.avito.ma/fr/temara/electorménager_et_vaisselle/nespresso_vertuo--à_vendre,No,Not tagged
www.avito.ma/fr/ad/edit/74091262/1,No,Not tagged
www.avito.ma/ar/حي_مسك_الليل/شقق/Appartement_à_vendre_100_m²_à_Mohammedia_54195939.htm,No,Not tagged
www.avito.ma/fr/x/voitures/x_54640496.htm,No,Not tagged
www.avito.ma/fr/maroc/motos/sh125i_smart--à_vendre,No,Not tagged
www.avito.ma/fr/maroc/caddy_maxi2022--à_vendre,No,Not tagged
www.avito.ma/fr/meknès/terrains_et_fermes-à_vendre,No,Not tagged
www.avito.ma/fr/maroc/decoration/horloge--à_vendre,No,Not tagged
www.avito.ma/fr/centre_ville/animaux/Spitz_pomeranian_53864049.htm,No,Not tagged
www.avito.ma/fr/meknès/zitoune/immobilier,No,Not tagged
www.avito.ma/fr/maroc/skouda_kodiaq--à_vendre,No,Not tagged
www.avito.ma/auto/neuf/toyota/yaris/1.4-d-4d-90-city/,No,Not tagged
www.avito.ma/fr/maarif/voitures_d'occasion/Mercedes_Benz_S_580e_Full_options_52994045.htm,No,Not tagged
www.avito.ma/fr/ad/edit/74096616/1,No,Not tagged
www.avito.ma/fr/casablanca/oulfa/appartements/chambre_a_louer,No,Not tagged
www.avito.ma/fr/nouaceur/magasins_et_commerces/tablette_graphique--à_louer,No,Not tagged
www.avito.ma/fr/maroc/téléphones/robot_s9_plus--à_vendre,No,Not tagged
www.avito.ma/ar/المغرب/شجر_لتزيين_الحدائق--للبيع,No,Not tagged
www.avito.ma/fr/maroc/maisons/deposer_annonce--à_louer,No,Not tagged
www.avito.ma/fr/ad/edit/74093842/2,No,Not tagged
www.avito.ma/fr/ad/edit/74093842/1,No,Not tagged
www.avito.ma/auto/neuf/audi/q5/,No,Not tagged
www.avito.ma/fr/maroc/equipements_pour_enfant/poussette_plus_siège_auto--à_vendre,No,Not tagged
www.avito.ma/fr/marrakech/maisons_et_villas/maison_a_vendre,No,Not tagged
www.avito.ma/fr/ad/edit/73993358,No,Not tagged
www.avito.ma/fr/maroc/villa_de_luxe_a_skhirat--à_vendre,No,Not tagged
www.avito.ma/fr/maroc/autres-à_vendre,No,Not tagged
www.avito.ma/fr/maroc/voitures/bmw_diésel--à_vendre,No,Not tagged
www.avito.ma/adminapp/stores/6522/details,No,Not tagged
www.avito.ma/adminapp/stores/5956/details,No,Not tagged
www.avito.ma/fr/ad/edit/74080719/1,No,Not tagged
www.avito.ma/fr/el_jadida/porte_cle--à_vendre,No,Not tagged
www.avito.ma/fr/ad/edit/74081740/1,No,Not tagged
www.avito.ma/fr/maroc/immobilier/ain_aouda,No,Not tagged
www.avito.ma/fr/salé/sala_el_jadida/immobilier,No,Not tagged
www.avito.ma/fr/ad/edit/74094368/3,No,Not tagged
www.avito.ma/fr/taghazout/toute_la_ville/locations_de_vacances-à_louer,No,Not tagged
www.avito.ma/fr/temara/magasins_et_commerces/jawhara--à_louer,No,Not tagged
www.avito.ma/fr/mohammedia/locations_immobilieres/gare--à_louer,No,Not tagged
www.avito.ma/fr/maroc/audi_2024,No,Not tagged
www.avito.ma/auto/neuf/ford/,No,Not tagged
www.avito.ma/fr/maroc/chien_à_kenitra--à_vendre,No,Not tagged
www.avito.ma/ar/المغرب/أجهزةـالإلكترومناجيـوـالأواني/شيفور_سخان_ا_بلاستيك--للبيع,No,Not tagged
www.avito.ma/fr/maroc/werenoi--à_vendre,No,Not tagged
www.avito.ma/adminapp/stores/879/details,No,Not tagged
www.avito.ma/fr/marrakech/hay_targa/maisons_et_villas_location_de_vacances-location_de_vacances,No,Not tagged
www.avito.ma/fr/ad/edit/74094338/1,No,Not tagged
www.avito.ma/fr/ad/edit/74085637/1,No,Not tagged
www.avito.ma/fr/souissi/maisons_et_villas/villa_meublé_avec_piscine_50379407.htm,No,Not tagged
www.avito.ma/fr/hassan/voyages_et_billetterie/carte_gold_Mawazine_2024_55121789.htm,No,Not tagged
www.avito.ma/ar/youssoufia/سيارات,No,Not tagged
www.avito.ma/fr/ad/edit/74121257/3,No,Not tagged
www.avito.ma/fr/tanger/appartement_location_de_vacances/mnar--location_de_vacances,No,Not tagged
www.avito.ma/fr/maroc/appartements/kasbah--à_vendre,No,Not tagged
www.avito.ma/fr/ad/edit/53837270,No,Not tagged
www.avito.ma/fr/maroc/سكوتر_revoe_rs_500w_140_كم___ضمان_km--à_vendre,No,Not tagged
www.avito.ma/adminapp/stores/3805/details,No,Not tagged
www.avito.ma/auto/neuf/renault/scenic/,No,Not tagged
www.avito.ma/fr/ad/edit/74086815/1,No,Not tagged
www.avito.ma/fr/maroc/clio4_casa--à_vendre,No,Not tagged
www.avito.ma/fr/kénitra/terrains_et_fermes-à_vendre,No,Not tagged
www.avito.ma/ar/حسان/حيوانات_أليفة/Persan__55123916.htm,No,Not tagged
www.avito.ma/adminapp/stores/6398/details,No,Not tagged
www.avito.ma/adminapp/stores/5153/details,No,Not tagged
www.avito.ma/fr/casablanca/voitures/fiât_500--à_vendre,No,Not tagged
www.avito.ma/adminapp/stores/6520/details,No,Not tagged
www.avito.ma/fr/meknès/image_et_son-à_vendre,No,Not tagged
www.avito.ma/fr/tanger/maisons_et_villas-à_vendre,No,Not tagged
www.avito.ma/fr/maroc/voitures_d_occasion--à_vendre,No,Not tagged
www.avito.ma/fr/ad/edit/74009463/1,No,Not tagged
www.avito.ma/fr/maroc/redmi_note_12_5g,No,Not tagged
www.avito.ma/fr/ad/edit/74084197/1,No,Not tagged
www.avito.ma/fr/ad/edit/74062921,No,Not tagged
www.avito.ma/fr/maroc/voitures_d_occasion/amg_2012--à_vendre,No,Not tagged
www.avito.ma/ar/tanger/دارـأوـڨيلا-للبيع,No,Not tagged
www.avito.ma/auto/neuf/skoda/octavia/,No,Not tagged
www.avito.ma/fr/ad/edit/74086390/1,No,Not tagged
www.avito.ma/fr/centre_ville/autre_immobilier_à_louer/Tout_Types_D_immobilier_À_Tanger__55028970.htm,No,Not tagged
www.avito.ma/fr/abbadi/ordinateurs_de_bureau/Ecran_Samsung__LED_19_LARGE_54342514.htm,No,Not tagged
www.avito.ma/fr/maroc/ارض_في_ايت--à_vendre,No,Not tagged
www.avito.ma/fr/hay_riad/voitures_d'occasion/Mercedes_classe_a180d_automatique__Model_fin_2013__54317336.htm,No,Not tagged
www.avito.ma/fr/bouargane/motos/Moto_Électrique_E_Delivery_45765374.htm,No,Not tagged
www.avito.ma/fr/maroc/vélos/vélo_moustache--à_vendre,No,Not tagged
www.avito.ma/fr/maroc/alfa_romeo_giulietta_1_6--à_vendre,No,Not tagged
www.avito.ma/ar/المغرب/شاحنات/mazda_شاحنة--للبيع,No,Not tagged
www.avito.ma/fr/maroc/jeep_compass_2007,No,Not tagged
www.avito.ma/fr/khabazat/bureaux_à_louer/Bureaux_à_louer_à_Kénitra_53342628.htm,No,Not tagged
www.avito.ma/fr/maroc/nova_8i,No,Not tagged
www.avito.ma/fr/meknès/appartement_location_de_vacances-location_de_vacances,No,Not tagged
www.avito.ma/fr/maroc/meknès_chien_2024--à_vendre,No,Not tagged
www.avito.ma/fr/meknes/ordinateurs_bureau/ordinateur_bureau_complet--à_vendre,No,Not tagged
www.avito.ma/fr/settat/fold_z--à_vendre,No,Not tagged
www.avito.ma/fr/maroc/renault_megane_casquita--à_vendre,No,Not tagged
www.avito.ma/fr/maroc/location_studio__casablanca_belvedere--à_vendre,No,Not tagged
www.avito.ma/fr/fès/appartements-à_louer,No,Not tagged
www.avito.ma/fr/maroc/tapis_relent--à_vendre,No,Not tagged
www.avito.ma/fr/agadir/offres_de_emploi-à_vendre,No,Not tagged
www.avito.ma/vi/55105993.htm,No,Not tagged
www.avito.ma/fr/ad/edit/73658100/1,No,Not tagged
www.avito.ma/ar/عين_الشق/سيارات_مستعملة/Jaguar_XE_Diesel_Automatique_2016_à_Casablanca_54834016.htm,No,Not tagged
www.avito.ma/fr/kénitra/dacia_dokker--à_vendre,No,Not tagged
www.avito.ma/ar/أكادير/الأثاثـوـالديكور-للبيع,No,Not tagged
www.avito.ma/fr/maroc/yamaha_fzs_25--à_vendre,No,Not tagged
www.avito.ma/auto/neuf/renault/kangoo/,No,Not tagged
www.avito.ma/ar/لاجيروند/شقق/49268_Vente_Appt_à_Casablanca_La_Gironde_de_97_m²_55122338.htm,No,Not tagged
www.avito.ma/fr/maroc/pièces_et_accessoires_véhicules/part_bagage--à_vendre,No,Not tagged
www.avito.ma/fr/beauséjour/appartements/Appart_au_quartier_berger_à_Casablanca_53274399.htm,No,Not tagged
www.avito.ma/fr/ad/edit/72123861/1,No,Not tagged
www.avito.ma/fr/maroc/alfa romeo stelvio--à_vendre,No,Not tagged
www.avito.ma/fr/oujda/peugeot_kisbee,No,Not tagged
www.avito.ma/ar/المغرب/image_et_son/gtmedia--à_vendre,No,Not tagged
www.avito.ma/fr/bouskoura/bouskoura_centre/cuisinieres_serveur_barman,No,Not tagged
www.avito.ma/fr/maroc/lg_smart_43_pouces_90hz--à_vendre,No,Not tagged
www.avito.ma/fr/maroc/appartements/louer_khemisset,No,Not tagged
www.avito.ma/fr/maroc/chaussure_pour_golf_avito--à_vendre,No,Not tagged
www.avito.ma/fr/béni_mellal/dalakit--à_vendre,No,Not tagged
www.avito.ma/fr/maroc/meubles_et_décoration/free_style--à_vendre,No,Not tagged
www.avito.ma/fr/bouskoura/ville_verte/locations_immobilieres/palmeraie--à_louer,No,Not tagged
www.avito.ma/fr/sale/sala_el_jadida/decoration,No,Not tagged
www.avito.ma/fr/maroc/mala_clio_4--à_vendre,No,Not tagged
www.avito.ma/fr/maroc/market/coffre_fort,No,Not tagged
www.avito.ma/fr/maroc/logitech_g_pro_super_light--à_vendre,No,Not tagged
www.avito.ma/fr/tétouan/maisons_et_villas,No,Not tagged
www.avito.ma/fr/tétouan/maisons_et_villas-à_vendre,No,Not tagged
www.avito.ma/ar/أنفا/ألعاب_الفيديو_وأجهزة_تشغيل_أو_كونصولات/Sony_Playstation_5_version_CD_neuf_ss_blister_47609838.htm,No,Not tagged
www.avito.ma/fr/maroc/acer_nitro_5_i5_rtx_3060--à_vendre,No,Not tagged
www.avito.ma/fr/ad/edit/74096330/2,No,Not tagged
www.avito.ma/fr/salé/vélos-à_vendre,No,Not tagged
www.avito.ma/fr/ad/edit/73964908/1,No,Not tagged
www.avito.ma/fr/ad/edit/74114168/2,No,Not tagged
www.avito.ma/fr/maroc/ابحث_عين_عمل--ﺕﺮﻳﺩ_ﺵﺭﺍﺀ,No,Not tagged
www.avito.ma/fr/ad/edit/74073251,No,Not tagged
www.avito.ma/fr/maroc/camions/trafic_2016,No,Not tagged
www.avito.ma/fr/rabat/voitures_d_occasion/grand_cherokee--à_vendre,No,Not tagged
www.avito.ma/fr/ad/edit/74093351/1,No,Not tagged
www.avito.ma/adminapp/stores/5245/details,No,Not tagged
www.avito.ma/auto/neuf/land-rover/,No,Not tagged
www.avito.ma/fr/maroc/شقق_للكراء_سيدي_بوزيد--à_vendre,No,Not tagged
www.avito.ma/fr/maroc/passât_break_2005--à_vendre,No,Not tagged
www.avito.ma/adminapp/stores/6443/details,No,Not tagged
www.avito.ma/adminapp/stores/2387/details,No,Not tagged
www.avito.ma/fr/maroc/voitures/mitsubishi_sport_4x4--à_vendre,No,Not tagged
www.avito.ma/fr/maroc/sh_moto,No,Not tagged
www.avito.ma/fr/maroc/locations_immobilieres/marrakech--à_louer,No,Not tagged
www.avito.ma/fr/maroc/ford_fiesta_2012_essence,No,Not tagged
www.avito.ma/fr/casablanca/market/psp_vita,No,Not tagged
www.avito.ma/fr/ad/edit/74091431,No,Not tagged
www.avito.ma/fr/ad/edit/74094479,No,Not tagged
www.avito.ma/fr/maroc/camions/camionette_mitsubishi--à_vendre,No,Not tagged
www.avito.ma/fr/maroc/tablettes/ipad_11_3_generation--à_vendre,No,Not tagged
www.avito.ma/fr/ad/edit/74063398/1,No,Not tagged
www.avito.ma/fr/maroc/voyage_et_billeterie--à_vendre,No,Not tagged
www.avito.ma/fr/maroc/friteuse_a_gaz_posable--à_vendre,No,Not tagged
www.avito.ma/fr/maroc/écharpe_winners_2005--à_vendre,No,Not tagged
www.avito.ma/fr/ad/edit/74075419/2,No,Not tagged
www.avito.ma/fr/ad/edit/74075536/1,No,Not tagged
www.avito.ma/fr/ad/edit/74075536/2,No,Not tagged
www.avito.ma/fr/tanger/moteur_ford_transit--à_vendre,No,Not tagged
www.avito.ma/ar/الدار_البيضاء/عروض_عمل-للبيع,No,Not tagged
www.avito.ma/ar/حسان/سفر_و_تذاكر/1_ticket_Nicki_Minaj_55116842.htm,No,Not tagged
www.avito.ma/fr/maroc/accessoires_informatique_et_gadgets/wifi_mobile_4g--à_vendre,No,Not tagged
www.avito.ma/fr/maroc/carte_gold_louer_mawazine--à_vendre,No,Not tagged
www.avito.ma/fr/marrakech/voitures/golf_4_essence--à_vendre,No,Not tagged
www.avito.ma/ar/حي_آخر/منازل_للعطلة/شقة_مفروشة_للكراء_اليومي_في_بوخالف_العرفان_1__55127119.htm,No,Not tagged
www.avito.ma/fr/maroc/appartements/studio_a_vendre_qods,No,Not tagged
www.avito.ma/fr/maroc/blw_e46--à_vendre,No,Not tagged
www.avito.ma/fr/ad/edit/74081023/1,No,Not tagged
www.avito.ma/fr/ad/edit/74081023,No,Not tagged
www.avito.ma/fr/marrakech/voitures/ssangyong_stavic--à_vendre,No,Not tagged
www.avito.ma/fr/tanger/tanja_balia/terrains_et_fermes/sania--à_vendre,No,Not tagged
www.avito.ma/fr/maroc/mawazin_metro,No,Not tagged
www.avito.ma/ar/وسط_المدينة/هواتف/Xiaomi_13_Black_5G_54949725.htm,No,Not tagged
www.avito.ma/auto/neuf/renault/clio/,No,Not tagged
www.avito.ma/fr/maroc/pikala_500--à_vendre,No,Not tagged
www.avito.ma/fr/plage_rose_marae/maisons_et_villas/Villa_avec_Jardin__à_louer_à_Rose_marie_54322137.htm,No,Not tagged
www.avito.ma/fr/maroc/motos/sh_khibra--à_vendre,No,Not tagged
www.avito.ma/fr/beauséjour/animaux/chiot_labrador_de_race_pure_48224528.htm,No,Not tagged
www.avito.ma/fr/maroc/marouane_khouri--à_vendre,No,Not tagged
www.avito.ma/fr/maroc/tente_enfants--à_vendre,No,Not tagged
www.avito.ma/fr/maroc/سيارات/dacia_dokker--للبيع,No,Not tagged
www.avito.ma/fr/oujda/playstation_4,No,Not tagged
www.avito.ma/fr/maroc/pour_la_maision_et_jardin/biougra--à_vendre,No,Not tagged
www.avito.ma/fr/ad/edit/74087343,No,Not tagged
www.avito.ma/fr/ad/edit/74082727,No,Not tagged
www.avito.ma/fr/maroc/maisons/villa_a_charaf,No,Not tagged
www.avito.ma/fr/ad/edit/74077936/2,No,Not tagged
www.avito.ma/fr/maroc/terrain_lot_villa_meknès--à_vendre,No,Not tagged
www.avito.ma/fr/maroc/terrains_et_fermes/tamraght--à_vendre,No,Not tagged
www.avito.ma/auto/neuf/hyundai/ix35/,No,Not tagged
www.avito.ma/fr/maroc/voitures/cls_320_pack_amg--à_vendre,No,Not tagged
www.avito.ma/fr/autre_secteur/local_à_louer/magaza_lkra__55043785.htm,No,Not tagged
www.avito.ma/fr/ad/edit/74070011/2,No,Not tagged
www.avito.ma/ar/أكادير/سيارات/dacia_dokker--للبيع,No,Not tagged
www.avito.ma/fr/ad/edit/74096408/2,No,Not tagged
www.avito.ma/auto/neuf/renault/twizy/,No,Not tagged
www.avito.ma/adminapp/stores/5358/details,No,Not tagged
www.avito.ma/fr/ad/edit/73915426/2,No,Not tagged
www.avito.ma/adminapp/stores/5812/details,No,Not tagged
www.avito.ma/fr/ad/edit/74091014/1,No,Not tagged
www.avito.ma/auto/neuf/volkswagen/touareg/,No,Not tagged
www.avito.ma/fr/ad/edit/74077798/2,No,Not tagged
www.avito.ma/adminapp/stores/4510/details,No,Not tagged
www.avito.ma/fr/ad/edit/74079103/1,No,Not tagged
www.avito.ma/fr/ad/edit/74094544,No,Not tagged
www.avito.ma/fr/casablanca/californie--à_vendre,No,Not tagged
www.avito.ma/adminapp/stores/5864/details,No,Not tagged
www.avito.ma/fr/rabat/hay_riad/appartements/californie--à_vendre,No,Not tagged
www.avito.ma/fr/ad/edit/74095577/1,No,Not tagged
www.avito.ma/ad/edit/73096195,No,Not tagged
www.avito.ma/adminapp/stores/5458/details,No,Not tagged
www.avito.ma/adminapp/stores/6272/details,No,Not tagged
www.avito.ma/adminapp/stores/6492/details,No,Not tagged
www.avito.ma/ar/المغرب/للبيع_في_تكاديرت--للبيع,No,Not tagged
www.avito.ma/fr/maroc/eddir,No,Not tagged
www.avito.ma/fr/ad/edit/35207119/3,No,Not tagged
www.avito.ma/auto/neuf/renault/laguna/,No,Not tagged
www.avito.ma/fr/tanger/basma--à_vendre,No,Not tagged
www.avito.ma/fr/maroc/caravane_pliante,No,Not tagged
www.avito.ma/fr/ad/edit/74097102/1,No,Not tagged
www.avito.ma/fr/maroc/سنسلة_مطور--à_vendre,No,Not tagged
www.avito.ma/auto/neuf/hyundai/i30/,No,Not tagged
www.avito.ma/fr/maroc/or700--à_vendre,No,Not tagged
www.avito.ma/fr/souissi/voitures_d'occasion/Hyundai_creta_1_ére_main_excellent_état__50037179.htm,No,Not tagged
www.avito.ma/fr/casablanca/aïn_chock/appartements-à_louer,No,Not tagged
www.avito.ma/auto/neuf/hyundai/i20/,No,Not tagged
www.avito.ma/fr/agdal/appartements/apparemment_à_vendre__55123811.htm,No,Not tagged
www.avito.ma/fr/ad/edit/73392264/1,No,Not tagged
www.avito.ma/fr/ad/edit/73392264,No,Not tagged
www.avito.ma/fr/maroc/freelander_2,No,Not tagged
www.avito.ma/fr/agadir/informatique_et_multimedia/ps4--à_vendre,No,Not tagged
www.avito.ma/adminapp/stores/6517/details,No,Not tagged
www.avito.ma/ar/مكناس/وصلان/برطما_شقة/شقة_للكراء--ﺕﺄﺠﻳﺭ,No,Not tagged
www.avito.ma/fr/ad/edit/73751675/1,No,Not tagged
www.avito.ma/fr/ad/edit/73751675/2,No,Not tagged
www.avito.ma/fr/maroc/passat_b6_manuel--à_vendre,No,Not tagged
www.avito.ma/fr/kenitra/cd_jeux_ps4--à_vendre,No,Not tagged
www.avito.ma/fr/errachidia/errachidia/voitures_d_occasion-à_vendre,No,Not tagged
www.avito.ma/fr/guercif/voitures_d_occasion/tiguan--à_vendre,No,Not tagged
www.avito.ma/vi/54751093.htm,No,Not tagged
www.avito.ma/fr/maroc/appartements/abri--à_vendre,No,Not tagged
www.avito.ma/fr/salé/voitures-à_vendre,No,Not tagged
www.avito.ma/fr/ad/edit/74071780/1,No,Not tagged
www.avito.ma/fr/agadir/meubles/etagere--à_vendre,No,Not tagged
www.avito.ma/fr/ad/edit/74094368,No,Not tagged
www.avito.ma/fr/casablanca/ثرية--à_vendre,No,Not tagged
www.avito.ma/adminapp/stores/671/details,No,Not tagged
www.avito.ma/fr/maroc/samsung_galaxy_a02--à_vendre,No,Not tagged
www.avito.ma/fr/maroc/ktm_1290_s,No,Not tagged
www.avito.ma/ar/المغرب/سيارات/fiat_2019--للبيع,No,Not tagged
www.avito.ma/adminapp/stores/3718/details,No,Not tagged
www.avito.ma/fr/ad/edit/74025102,No,Not tagged
www.avito.ma/fr/fes/box_android--à_vendre,No,Not tagged
www.avito.ma/fr/meknès/appartements-à_louer,No,Not tagged
www.avito.ma/ar/المغرب/برطما_شقة/برطمة_تجارية,No,Not tagged
www.avito.ma/fr/maroc/stocks_et_vente_en_gros/panneaux_solaire--à_vendre,No,Not tagged
www.avito.ma/fr/maroc/iphone_11_pro_baypass--à_vendre,No,Not tagged
www.avito.ma/fr/fès/dacia_logan--à_vendre,No,Not tagged
www.avito.ma/fr/maroc/voitures_d_occasion/32000--à_vendre,No,Not tagged
www.avito.ma/fr/maroc/voitures/v8_63--à_vendre,No,Not tagged
www.avito.ma/sp/renault/r4,No,Not tagged
www.avito.ma/fr/ad/edit/71628751/2,No,Not tagged
www.avito.ma/fr/marrakech/terrains_et_fermes/urgent--à_vendre,No,Not tagged
www.avito.ma/ar/سلا/حي_الانبعاث/دكاكين_محلات_تجارية,No,Not tagged
www.avito.ma/fr/fès/appartements-à_vendre,No,Not tagged
www.avito.ma/fr/maroc/philips_fidelio,No,Not tagged
www.avito.ma/auto/neuf/bmw/m3/,No,Not tagged
www.avito.ma/fr/kénitra/téléphones/telephone--à_vendre,No,Not tagged
www.avito.ma/fr/ad/edit/74075441/1,No,Not tagged
www.avito.ma/fr/ad/edit/74075410,No,Not tagged
www.avito.ma/fr/maroc/motos/عود_الدراجات_النارية--à_vendre,No,Not tagged
www.avito.ma/fr/maroc/vetements/casquette_lacoste--à_vendre,No,Not tagged
www.avito.ma/fr/maroc/khoury_mawazine--à_vendre,No,Not tagged
www.avito.ma/fr/maroc/ito_tiznit--à_vendre,No,Not tagged
www.avito.ma/fr/maroc/camila_cabello_mawazine--à_vendre,No,Not tagged
www.avito.ma/sp/alfa-romeo/giulietta,No,Not tagged
www.avito.ma/fr/maroc/xiaomi_fold,No,Not tagged
www.avito.ma/ar/الولفة/شقق/Studio_40_m²_à_Oum_Rabi3_Oulfa_55133763.htm,No,Not tagged
www.avito.ma/fr/maroc/tiquets_mawazin--à_vendre,No,Not tagged
www.avito.ma/ar/الدار_البيضاء/شقق_للكراء_المشترك/الكراء--كراء_مشترك,No,Not tagged
www.avito.ma/fr/maroc/demandes_de_emploi/خدمة--demandes,No,Not tagged
www.avito.ma/ar/المغرب/locations_immobilieres/بقعة_للبيع_سلا--à_louer,No,Not tagged
www.avito.ma/fr/maroc/demandes_de_emploi/infographiste--demandes,No,Not tagged
www.avito.ma/ar/سكيكينة/كمبيوتر_محمول/MacBook_PRO_2017_55107902.htm,No,Not tagged
www.avito.ma/fr/maroc/samira_saïd--à_vendre,No,Not tagged
www.avito.ma/fr/ad/edit/71585438/2,No,Not tagged
www.avito.ma/ar/أكادير/ﻒﻧ_ﻮﺘﺤﻓ-للبيع,No,Not tagged
www.avito.ma/fr/maroc/mawazine_samira--à_vendre,No,Not tagged
www.avito.ma/fr/maroc/pièces_et_accessoires_véhicules/kit_japan--à_vendre,No,Not tagged
www.avito.ma/fr/ouazzane/golf 4--à_vendre,No,Not tagged
www.avito.ma/fr/ad/edit/74089908/1,No,Not tagged
www.avito.ma/fr/maroc/autre_materiel_professionel/pompe_vide_cave_4_pousse--à_vendre,No,Not tagged
www.avito.ma/fr/maroc/doblo_frigor--à_vendre,No,Not tagged
www.avito.ma/fr/hay_riad/voyages_et_billetterie/Ticket_Burna_Boy_55128248.htm,No,Not tagged
www.avito.ma/fr/autre_secteur/voitures_d'occasion/suzuki_baleno_48024361.htm,No,Not tagged
www.avito.ma/fr/ad/edit/74091612/2,No,Not tagged
www.avito.ma/vi/55046540.htm,No,Not tagged
www.avito.ma/fr/cap_de_l'eau/maisons-à_vendre,No,Not tagged
www.avito.ma/fr/maroc/reunaut_6_cv--à_vendre,No,Not tagged
www.avito.ma/fr/casablanca/demandes_de_emploi/chauffeur_permis_b--demandes,No,Not tagged
www.avito.ma/fr/maroc/le_prix_oppo_a_55--à_vendre,No,Not tagged
www.avito.ma/fr/maroc/accessoires_informatique_et_gadgets/imprimante_xerox--à_vendre,No,Not tagged
www.avito.ma/fr/ad/edit/69040206/1,No,Not tagged
www.avito.ma/fr/ad/edit/69040206,No,Not tagged
www.avito.ma/fr/centre_ville/locations_de_vacances/شقة_مشرقة_و_واسعة_النت_بالمجان_52518132.htm,No,Not tagged
www.avito.ma/fr/maroc/voyage_et_billetterie/ticket_camira_said_mawazine--à_vendre,No,Not tagged
www.avito.ma/fr/maroc/gazo_tiakola_sch,No,Not tagged
www.avito.ma/fr/maroc/voitures/toyota__yaris_hybride--à_vendre,No,Not tagged
www.avito.ma/fr/ad/edit/74054684,No,Not tagged
www.avito.ma/fr/ad/edit/74075005/2,No,Not tagged
www.avito.ma/fr/ad/edit/73760529/4,No,Not tagged
www.avito.ma/fr/ad/edit/74083709/2,No,Not tagged
www.avito.ma/fr/ad/edit/74095734/1,No,Not tagged
www.avito.ma/fr/maroc/boogie_board--à_vendre,No,Not tagged
www.avito.ma/fr/maroc/vitto--à_vendre,No,Not tagged
www.avito.ma/adminapp/stores/0/details,No,Not tagged
www.avito.ma/fr/salé/tabriquet/appartements-à_vendre,No,Not tagged
www.avito.ma/fr/branes_1/voitures_d'occasion/Peugeot_208_diesel__52840772.htm,No,Not tagged
www.avito.ma/fr/ad/edit/74048553/4,No,Not tagged
www.avito.ma/fr/bouskoura/appartements/App_moyen_standing_à_vendre_103_m²_à_Bouskoura_54329313.htm,No,Not tagged
www.avito.ma/fr/agadir/maisons_et_villas-à_vendre,No,Not tagged
www.avito.ma/fr/maroc/téléphones/s24_256_gb--à_vendre,No,Not tagged
www.avito.ma/fr/agadir/voitures/peugeot_308--à_vendre,No,Not tagged
www.avito.ma/fr/ad/edit/74079186,No,Not tagged
www.avito.ma/ar/توسعة_الرياض/سفر_و_تذاكر/Ticket_OUM_KALTHOUM_Mawazine__55130527.htm,No,Not tagged
www.avito.ma/fr/ad/edit/74096242/1,No,Not tagged
www.avito.ma/fr/maroc/ipad_12,No,Not tagged
www.avito.ma/fr/maroc/wah_wah,No,Not tagged
www.avito.ma/fr/maroc/cherry_qq_2013--à_vendre,No,Not tagged
www.avito.ma/adminapp/stores/6515/details,No,Not tagged
www.avito.ma/fr/ad/edit/71628751/1,No,Not tagged
www.avito.ma/fr/hassan/voyages_et_billetterie/Cartes_gold__55136127.htm,No,Not tagged
www.avito.ma/fr/agdal/voyages_et_billetterie/TICKET_MAWAZINE_NICKI_MINAJ_55123182.htm,No,Not tagged
www.avito.ma/fr/marrakech/appartements/amelkis--à_louer,No,Not tagged
www.avito.ma/fr/maroc/volkswagen_passat_b6_2010--à_vendre,No,Not tagged
www.avito.ma/fr/maroc/appartement_sidi_rehal_location--à_vendre,No,Not tagged
www.avito.ma/fr/kenitra/jeux_vidéo_et_consoles/console--à_vendre,No,Not tagged
www.avito.ma/fr/maroc/agadire,No,Not tagged
www.avito.ma/fr/bouskoura/villas_riad/polo--à_vendre,No,Not tagged
www.avito.ma/fr/ad/edit/74084589/1,No,Not tagged
www.avito.ma/fr/ad/edit/74084589/2,No,Not tagged
www.avito.ma/ar/الأزهر/درجات_نارية/Veracruz_80cc_54974679.htm,No,Not tagged
www.avito.ma/fr/rabat/meubles_et_décoration/fenêtre_porte--à_vendre,No,Not tagged
www.avito.ma/fr/ad/edit/74096536/1,No,Not tagged
www.avito.ma/fr/ad/edit/74094388/4,No,Not tagged
www.avito.ma/fr/maroc/véhicules/kia_picanto_2010,No,Not tagged
www.avito.ma/adminapp/stores/5248/details,No,Not tagged
www.avito.ma/fr/fes/c250--à_vendre,No,Not tagged
www.avito.ma/fr/ad/edit/74084143/1,No,Not tagged
www.avito.ma/fr/ad/edit/74095936/2,No,Not tagged
www.avito.ma/fr/maroc/locations_immobilieres/nadia--à_louer,No,Not tagged
www.avito.ma/fr/ad/edit/74082565/1,No,Not tagged
www.avito.ma/fr/ad/edit/74093666/1,No,Not tagged
www.avito.ma/fr/ad/edit/74094279/1,No,Not tagged
www.avito.ma/fr/ad/edit/73841582/1,No,Not tagged
www.avito.ma/fr/maroc/carte_gold_avito--à_vendre,No,Not tagged
www.avito.ma/fr/ad/edit/74095969/2,No,Not tagged
www.avito.ma/fr/ad/edit/74095969/1,No,Not tagged
www.avito.ma/fr/ad/edit/74097913/2,No,Not tagged
www.avito.ma/fr/ad/edit/74093666/2,No,Not tagged
www.avito.ma/fr/marrakech/bureaux_et_plateaux/Plateau_bureau_à_louer--à_louer,No,Not tagged
www.avito.ma/fr/ad/edit/74079585,No,Not tagged
www.avito.ma/fr/ad/edit/74095402/3,No,Not tagged
www.avito.ma/adminapp/stores/6514/details,No,Not tagged
www.avito.ma/auto/neuf/daihatsu/sirion/,No,Not tagged
www.avito.ma/fr/ad/edit/74076353/1,No,Not tagged
www.avito.ma/fr/ad/edit/74095969,No,Not tagged
www.avito.ma/fr/ad/edit/73834284/2,No,Not tagged
www.avito.ma/fr/ad/edit/73950088/1,No,Not tagged
www.avito.ma/fr/ad/edit/74065215/4,No,Not tagged
www.avito.ma/fr/khouribga/polo_essence_1.4--à_vendre,No,Not tagged
www.avito.ma/fr/centre/locations_de_vacances/garçonnière_bien_situé_et_bien_meublé__55135300.htm,No,Not tagged
www.avito.ma/fr/fès/pour_la_maision_et_jardin/بيت_نعاس--à_vendre,No,Not tagged
www.avito.ma/fr/maroc/carte_mere_amd,No,Not tagged
www.avito.ma/fr/rabat/agdal/magasins_et_commerces/agdal--à_louer,No,Not tagged
www.avito.ma/adminapp/stores/5466/details,No,Not tagged
www.avito.ma/fr/ad/edit/73525146/1,No,Not tagged
www.avito.ma/fr/maroc/terrain_basket--à_vendre,No,Not tagged
www.avito.ma/fr/ad/edit/74094865/1,No,Not tagged
www.avito.ma/fr/monica/voitures_d'occasion/Toyota_Corolla_Diesel_Manuelle_2016_à_Mohammedia_55124089.htm,No,Not tagged
www.avito.ma/fr/tanger/magasins_et_commerces/kasbah--à_louer,No,Not tagged
www.avito.ma/fr/ad/edit/74096661,No,Not tagged
www.avito.ma/fr/ad/edit/74091074/3,No,Not tagged
www.avito.ma/fr/maroc/voitures/voiture_diesel_peugeot_3008--à_vendre,No,Not tagged
www.avito.ma/fr/ad/edit/74094265/2,No,Not tagged
www.avito.ma/fr/bouskoura/victoria--à_vendre,No,Not tagged
www.avito.ma/fr/fès/voitures_d_occasion-à_vendre,No,Not tagged
www.avito.ma/fr/tétouan/appartements,No,Not tagged
www.avito.ma/fr/kénitra/demandes_de_emploi/femme_ménage--demandes,No,Not tagged
www.avito.ma/fr/ad/edit/74095835/2,No,Not tagged
www.avito.ma/fr/sidi_al_mandri/décoration/Paravent_Piliers_Malaisie_55074659.htm,No,Not tagged
www.avito.ma/fr/seyad/appartements/Appartement_à_louer_80_m²_à_Kénitra_55124840.htm,No,Not tagged
www.avito.ma/fr/maroc/manette_xbox_series,No,Not tagged
www.avito.ma/fr/maroc/range_rover_sport_2016,No,Not tagged
www.avito.ma/fr/marrakech/tablettes/xiaomi_pad_5--à_vendre,No,Not tagged
www.avito.ma/fr/maroc/voyage_et_billetterie/carte_vip_mawazine--à_vendre,No,Not tagged
www.avito.ma/fr/maroc/opel_corsa_essence_2016--à_vendre,No,Not tagged
www.avito.ma/fr/route_de_casablanca/voitures_d'occasion/Fiat_Tipo_1_6_MULTIJET_120_DCT_LOUNGE_51908061.htm,No,Not tagged
www.avito.ma/fr/ad/edit/74094315/2,No,Not tagged
www.avito.ma/fr/agdal/voyages_et_billetterie/4_tickets_GAZO___TIAKOLA___SCH_55135301.htm,No,Not tagged
www.avito.ma/fr/مراكش/terrains_et_fermes-à_vendre,No,Not tagged
www.avito.ma/fr/el_alia/jeux_vidéo_et_consoles/PS4_comme_neuf_55128931.htm,No,Not tagged
www.avito.ma/fr/ad/edit/74089807,No,Not tagged
www.avito.ma/fr/agdal/voyages_et_billetterie/Carte_Black_quotidienne_Camila_cabello_55131828.htm,No,Not tagged
www.avito.ma/fr/ad/edit/74075450,No,Not tagged
www.avito.ma/fr/ad/edit/74095093,No,Not tagged
www.avito.ma/fr/maroc/mercedes_benz_classe_e_diesel_automatique_2021,No,Not tagged
www.avito.ma/ar/المغرب/batterie__bitwin--للبيع,No,Not tagged
www.avito.ma/fr/marrakech/mhamid/appartements/appartement_à_louer_marrakech--à_vendre,No,Not tagged
www.avito.ma/fr/el_jadida/appartements/appartement_ascenseur--à_vendre,No,Not tagged
www.avito.ma/fr/maroc/pasteurisateur,No,Not tagged
www.avito.ma/fr/ad/edit/74087244/2,No,Not tagged
www.avito.ma/fr/ad/edit/74087244/1,No,Not tagged
www.avito.ma/fr/rabat/voitures/serie_1--à_vendre,No,Not tagged
www.avito.ma/fr/meknes/téléphones/galaxy_s10--à_vendre,No,Not tagged
www.avito.ma/fr/maroc/accessoires_informatique_et_gadgets/chargeur_54_6v--à_vendre,No,Not tagged
www.avito.ma/fr/maroc/panneaux_lumineux--à_vendre,No,Not tagged
www.avito.ma/fr/maroc/أدوات_تنكافة--à_vendre,No,Not tagged
www.avito.ma/ar/الدار_البيضاء/دكاكين_محلات_تجارية/صالون_للكراء--ﺕﺄﺠﻳﺭ,No,Not tagged
www.avito.ma/fr/ad/edit/74092440,No,Not tagged
www.avito.ma/fr/autre_secteur/voitures_d'occasion/3008_BVA_2019_carnet_d_entretien_1_main_55127926.htm,No,Not tagged
www.avito.ma/fr/ad/edit/74087725/3,No,Not tagged
www.avito.ma/ar/المغرب/تلفونيات/iphone_13_256--للبيع,No,Not tagged
www.avito.ma/fr/ad/edit/74087725,No,Not tagged
www.avito.ma/fr/harhoura/voitures_d'occasion/Clio_4_55131492.htm,No,Not tagged
www.avito.ma/fr/ad/edit/74096595/2,No,Not tagged
www.avito.ma/fr/maroc/lenovo T460 i7 6th--à_vendre,No,Not tagged
www.avito.ma/fr/ad/edit/74097795/1,No,Not tagged
www.avito.ma/fr/maroc/voitures_d_occasion/800--à_vendre,No,Not tagged
www.avito.ma/fr/maroc/voitures/renault_master_l2h2,No,Not tagged
www.avito.ma/fr/sale/technopolis/بقعـوـمزارع-للبيع,No,Not tagged
www.avito.ma/fr/mdiq/locations_de_vacances/شقة_للكراء_بالمسبح__55129249.htm,No,Not tagged
www.avito.ma/fr/maroc/volant_touareg--à_vendre,No,Not tagged
www.avito.ma/ar/المغرب/سيارات/voiture_c3--للبيع,No,Not tagged
www.avito.ma/fr/maroc/terrains_et_fermes/terrain_a_saloaune--à_vendre,No,Not tagged
www.avito.ma/fr/sale/smart_watch_série_8_ultra--à_vendre,No,Not tagged
www.avito.ma/fr/maroc/invitation_carte_black--à_vendre,No,Not tagged
www.avito.ma/ar/مصمودي/دراجات/Vélo_btwin_bonne_état__55127414.htm,No,Not tagged
www.avito.ma/fr/el_jadida/5g--à_vendre,No,Not tagged
www.avito.ma/fr/fes/fes_jdid/jeux_vidéo_et_consoles/free_fire--à_vendre,No,Not tagged
www.avito.ma/fr/ad/edit/73961682/1,No,Not tagged
www.avito.ma/fr/ad/edit/73961682,No,Not tagged
www.avito.ma/fr/maroc/animaux/nice_chien_agadir--à_vendre,No,Not tagged
www.avito.ma/fr/ad/edit/74094897/1,No,Not tagged
www.avito.ma/fr/fès/maisons_et_villas-à_vendre,No,Not tagged
www.avito.ma/fr/ad/edit/74094989/2,No,Not tagged
www.avito.ma/fr/maroc/brasil_shirt--à_vendre,No,Not tagged
www.avito.ma/fr/maroc/rca_mco--à_vendre,No,Not tagged
www.avito.ma/fr/maroc/clio_classique_coffre--à_vendre,No,Not tagged
www.avito.ma/fr/maroc/pièces_et_accessoires_véhicules/piece_clio_classique--à_vendre,No,Not tagged
www.avito.ma/fr/maroc/salle_dh_verre--à_vendre,No,Not tagged
www.avito.ma/fr/maroc/toyota_aygo_2018--à_vendre,No,Not tagged
www.avito.ma/fr/ad/edit/74097811/2,No,Not tagged
www.avito.ma/fr/ad/edit/71613103/3,No,Not tagged
www.avito.ma/fr/laayoune/ordinateurs_bureau/travail--à_vendre,No,Not tagged
www.avito.ma/fr/maroc/voyage_et_billetterie/black_mawazine_26--à_vendre,No,Not tagged
www.avito.ma/ar/dakhla/آلةـتصويرـوـكامرا-للبيع,No,Not tagged
www.avito.ma/fr/maroc/voitures/jaguar_tap--à_vendre,No,Not tagged
www.avito.ma/fr/ad/edit/73807833/2,No,Not tagged
www.avito.ma/fr/ad/edit/74096388,No,Not tagged
www.avito.ma/fr/maroc/golf_gris--à_vendre,No,Not tagged
www.avito.ma/fr/ad/edit/71900225/1,No,Not tagged
www.avito.ma/fr/ad/edit/73807833/1,No,Not tagged
www.avito.ma/fr/maroc/poste_radio_ford_kuga--à_vendre,No,Not tagged
www.avito.ma/fr/maroc/gt_line_208--à_vendre,No,Not tagged
www.avito.ma/fr/maroc/locations_de_vacances/a_petit_lo--à_louer,No,Not tagged
www.avito.ma/fr/maroc/can_cam_bogyy,No,Not tagged
www.avito.ma/fr/maroc/can_cam,No,Not tagged
www.avito.ma/fr/ad/edit/74098610/1,No,Not tagged
www.avito.ma/fr/ad/edit/74098592/1,No,Not tagged
www.avito.ma/fr/maroc/voitures/amg_c63s--à_vendre,No,Not tagged
www.avito.ma/fr/maroc/drone_f350--à_vendre,No,Not tagged
www.avito.ma/fr/maroc/casa_sidi_maarouf_location--à_vendre,No,Not tagged
www.avito.ma/fr/maroc/caddy_2l_2029--à_vendre,No,Not tagged
www.avito.ma/fr/maroc/téléphones/cache_plus_emploi--à_vendre,No,Not tagged
www.avito.ma/fr/maroc/chambre_alouer_par_jour--à_vendre,No,Not tagged
www.avito.ma/fr/ad/edit/74098562/2,No,Not tagged
www.avito.ma/fr/martil/voitures_d_occasion/tucson--à_vendre,No,Not tagged
www.avito.ma/fr/maroc/aqurium,No,Not tagged
www.avito.ma/fr/maroc/dobloq--à_vendre,No,Not tagged
www.avito.ma/fr/maroc/voitures/audi_sud--à_vendre,No,Not tagged
www.avito.ma/fr/القصر_الكبير/ventes_immobilieres-à_vendre,No,Not tagged
www.avito.ma/fr/ad/edit/74098523/3,No,Not tagged
www.avito.ma/fr/maroc/mercedes_classe_g_1989--à_vendre,No,Not tagged
www.avito.ma/fr/ad/edit/74046942,No,Not tagged
www.avito.ma/ar/المغرب/برطما_شقة/بوخالف_للكراء_الشهري,No,Not tagged
www.avito.ma/fr/ad/edit/74075441,No,Not tagged
www.avito.ma/fr/tanger/volkswagen touran--à_vendre,No,Not tagged
www.avito.ma/fr/casablanca/ain_sebaa/magasins_et_commerces/garage_stock--à_vendre,No,Not tagged
www.avito.ma/fr/ad/edit/74098607/3,No,Not tagged
www.avito.ma/fr/maroc/voitures/citroen_essens--à_vendre,No,Not tagged
www.avito.ma/fr/boutiques/maroc/hyundai_occassion--à_vendre,No,Not tagged
www.avito.ma/fr/ad/edit/74098568,No,Not tagged
www.avito.ma/fr/maroc/voitures/citroen_c3_essence_model_1998--à_vendre,No,Not tagged
www.avito.ma/fr/ad/edit/70080206,No,Not tagged
www.avito.ma/fr/maroc/pieces_hyundai--à_vendre,No,Not tagged
www.avito.ma/ar/الدار_البيضاء/diesel_clio_4--للبيع,No,Not tagged
www.avito.ma/fr/casablanca/dacia_automatique--à_vendre,No,Not tagged
www.avito.ma/fr/maroc/terrains_et_fermes/منشار_قطع_البحر--à_vendre,No,Not tagged
www.avito.ma/fr/maroc/vélos/btwin_920_e--à_vendre,No,Not tagged
www.avito.ma/ar/المغرب/ds_2019--للبيع,No,Not tagged
www.avito.ma/fr/maroc/kymco_ak_350--à_vendre,No,Not tagged
www.avito.ma/fr/maroc/voitures_d_occasion/decapotable_mercedic--à_vendre,No,Not tagged
www.avito.ma/ar/المغرب/دراجات_نارية/moto_motor_c50--للبيع,No,Not tagged
www.avito.ma/fr/maroc/jeux_vidéo_et_consoles/psp_3--à_vendre,No,Not tagged
www.avito.ma/ar/سيدي_برنوصي/سيارات_مستعملة/clio_2017_à_vendre_54506712.htm,No,Not tagged
www.avito.ma/fr/maroc/velar_r,No,Not tagged
www.avito.ma/fr/casablanca/appartement_bouskoura_victoria--à_vendre,No,Not tagged
www.avito.ma/fr/maroc/samsung_s24__128go--à_vendre,No,Not tagged
www.avito.ma/fr/tanger/téléphones/iphone13_pro--à_vendre,No,Not tagged
www.avito.ma/fr/maroc/aspirateur_a_vendre--à_vendre,No,Not tagged
www.avito.ma/fr/ad/edit/74097296/1,No,Not tagged
www.avito.ma/fr/cabo_negro/locations_de_vacances/Location_de_Vacances___Appart_Moderne_à_Cabo_Negro_55132118.htm,No,Not tagged
www.avito.ma/fr/maroc/toyota_corolla_dc--à_vendre,No,Not tagged
www.avito.ma/fr/maroc/gadgets/apple_wz--à_vendre,No,Not tagged
www.avito.ma/fr/maroc/pièces_et_accessoires_véhicules/orange_rover_pieces--à_vendre,No,Not tagged
www.avito.ma/fr/maroc/ferrofluide--à_vendre,No,Not tagged
www.avito.ma/fr/maroc/macaw,No,Not tagged
www.avito.ma/fr/maroc/feuilles_de_pvc_décoration_maroc--à_vendre,No,Not tagged
www.avito.ma/fr/ad/edit/74088328/1,No,Not tagged
www.avito.ma/fr/maroc/appartements/prestigia_a_marrakech,No,Not tagged
www.avito.ma/fr/kenitra/loisirs_et_divertissement/kénitra--à_vendre,No,Not tagged
www.avito.ma/fr/maroc/voitures/golf_volkswagen_touran--à_vendre,No,Not tagged
www.avito.ma/fr/ad/edit/73460159,No,Not tagged
www.avito.ma/fr/maroc/ps5_slim_moins_cher,No,Not tagged
www.avito.ma/fr/maroc/appartements/riad_el_oulfa,No,Not tagged
www.avito.ma/fr/maroc/voitures/à_vendre ford focus,No,Not tagged
www.avito.ma/fr/maroc/terrain_cuty_sport--à_vendre,No,Not tagged
www.avito.ma/fr/ad/edit/74098453/1,No,Not tagged
www.avito.ma/ar/أكادير/حي_البطوار/تأجير_السيارات-ﺕﺄﺠﻳﺭ,No,Not tagged
www.avito.ma/fr/ad/edit/74098453,No,Not tagged
www.avito.ma/fr/maroc/i9_12900,No,Not tagged
www.avito.ma/fr/tetouan/installation_climatiseurs--à_vendre,No,Not tagged
www.avito.ma/fr/casablanca/ain_borja/appartements/bd_tah--à_louer,No,Not tagged
www.avito.ma/fr/maroc/terrains_et_fermes/terrain_city_sport--à_vendre,No,Not tagged
www.avito.ma/fr/sidi_rahal/locations_de_vacances/pasadena--location_de_vacances,No,Not tagged
www.avito.ma/fr/maroc/ps5_cfi1216a--à_vendre,No,Not tagged
www.avito.ma/auto/neuf/toyota/auris/,No,Not tagged
www.avito.ma/fr/maroc/bmw_serie_7_active_hybrid--à_vendre,No,Not tagged
www.avito.ma/fr/maroc/lunettes_porsche_design--à_vendre,No,Not tagged
www.avito.ma/fr/maroc/ordinateurs_portables/mercedes_2009--à_vendre,No,Not tagged
www.avito.ma/fr/maroc/goldray_g320--à_vendre,No,Not tagged
www.avito.ma/fr/ad/edit/74088804/1,No,Not tagged
www.avito.ma/fr/maroc/ballon_d'eau_chaude_solaire--à_vendre,No,Not tagged
www.avito.ma/fr/maroc/amg_a45s_$--à_vendre,No,Not tagged
www.avito.ma/fr/maroc/ballon_d'eau_chaude_solier--à_vendre,No,Not tagged
www.avito.ma/fr/maroc/hd_3_5t--à_vendre,No,Not tagged
www.avito.ma/fr/branes_2/gaming/PS4_slim_avec_FIFA_23_gta_5_tsushima_valhalla__55087329.htm,No,Not tagged
www.avito.ma/fr/maroc/maisons/maison_a_sidi_youssef,No,Not tagged
www.avito.ma/fr/maroc/peugout_308_2010--à_vendre,No,Not tagged
www.avito.ma/fr/ad/edit/74083243,No,Not tagged
www.avito.ma/fr/sidi_bernoussi/terrains_et_fermes_à_louer/بقع_للبيع_في_الدار_البيضاء_53393790.htm,No,Not tagged
www.avito.ma/fr/ad/edit/74096366/2,No,Not tagged
www.avito.ma/fr/maroc/clé_modeme_pour_orange--à_vendre,No,Not tagged
www.avito.ma/ar/المغرب/طابية_كوفر--للبيع,No,Not tagged
www.avito.ma/fr/ad/edit/74097363/3,No,Not tagged
www.avito.ma/fr/maroc/appartement_location_de_vacances/vue_panoramique--location_de_vacances,No,Not tagged
www.avito.ma/fr/maroc/si_at_voiture--à_vendre,No,Not tagged
www.avito.ma/fr/maroc/pate_thermal,No,Not tagged
www.avito.ma/fr/maroc/appartements/appartement_front_dh_mer--à_vendre,No,Not tagged
www.avito.ma/fr/ad/edit/74098203,No,Not tagged
www.avito.ma/fr/maroc/tatoo--à_vendre,No,Not tagged
www.avito.ma/fr/temara/s24__ultra--à_vendre,No,Not tagged
www.avito.ma/fr/ifrane/autre_secteur/table_a_manger--à_vendre,No,Not tagged
www.avito.ma/fr/maroc/pièces_et_accessoires_véhicules/amplificateur_audi_ii_numérique_jour_co_tour_oreiller--à_vendre,No,Not tagged
www.avito.ma/fr/maroc/renault_captur_rs_line--à_vendre,No,Not tagged
www.avito.ma/fr/maroc/pièces_et_accessoires_véhicules/auditif--à_vendre,No,Not tagged
www.avito.ma/ar/طنجة/مسنانة/عقارات_للكراء/غرف_لكراء_طنجة--ﺕﺄﺠﻳﺭ,No,Not tagged
www.avito.ma/fr/maroc/armoir_basse_arfeo,No,Not tagged
www.avito.ma/fr/ad/edit/74097784,No,Not tagged
www.avito.ma/fr/maroc/tbika--à_vendre,No,Not tagged
www.avito.ma/fr/maroc/360mm--à_vendre,No,Not tagged
www.avito.ma/fr/ad/edit/73955051/1,No,Not tagged
www.avito.ma/fr/ad/edit/73955051,No,Not tagged
www.avito.ma/fr/maroc/téléphones/xiaomi_redmi_note_12_256gb--à_vendre,No,Not tagged
www.avito.ma/fr/maroc/moniteur_240hz--à_vendre,No,Not tagged
www.avito.ma/fr/ad/edit/74097956/2,No,Not tagged
www.avito.ma/fr/ad/edit/74098332/3,No,Not tagged
www.avito.ma/fr/ad/edit/74097913/3,No,Not tagged
www.avito.ma/fr/ad/edit/74083942/4,No,Not tagged
www.avito.ma/fr/maroc/pièces_et_accessoires_véhicules/turbo_kit--à_vendre,No,Not tagged
www.avito.ma/fr/maroc/ticket_centrale_cee_mawazine--à_vendre,No,Not tagged
www.avito.ma/ar/حي_آخر/منازل_للعطلة/شقة_مفروشة_مفروشة__55131341.htm,No,Not tagged
www.avito.ma/ar/المغرب/مرسيدس_س_كلاس--للبيع,No,Not tagged
www.avito.ma/fr/maroc/voitures/seat_mazot--à_vendre,No,Not tagged
www.avito.ma/fr/autre_secteur/ordinateurs_de_bureau/Dell_Optiplex_3020_SFF_55136484.htm,No,Not tagged
www.avito.ma/fr/ad/edit/74097472/2,No,Not tagged
www.avito.ma/fr/rabat/les_oudayas/skoda,No,Not tagged
www.avito.ma/fr/ad/edit/74097472,No,Not tagged
www.avito.ma/fr/ad/edit/73912882/1,No,Not tagged
www.avito.ma/fr/maroc/pièces_et_accessoires_véhicules/pompe_eau_opel_astra--à_vendre,No,Not tagged
www.avito.ma/fr/maroc/feux_dartifice,No,Not tagged
www.avito.ma/fr/sale/motos/cross_moto_cross--à_vendre,No,Not tagged
www.avito.ma/fr/ad/edit/73586670/3,No,Not tagged
www.avito.ma/fr/ad/edit/74097813/1,No,Not tagged
www.avito.ma/fr/maroc/terrains_et_fermes/Terrain_Jebila_613_m2_51586521.htmca--à_vendre,No,Not tagged
www.avito.ma/fr/maroc/roman_candle,No,Not tagged
www.avito.ma/fr/maroc/double_carte_graphique_lenovo_p--à_vendre,No,Not tagged
www.avito.ma/fr/had_bouhssoussen/ventes_immobilieres-à_vendre,No,Not tagged
www.avito.ma/fr/maroc/accessoires_informatique_et_gadgets/ac_s1_coupe--à_vendre,No,Not tagged
www.avito.ma/fr/maroc/ventilateur_de_table_selentieux--à_vendre,No,Not tagged
www.avito.ma/fr/maroc/al_badr,No,Not tagged
www.avito.ma/fr/ad/edit/71944826/3,No,Not tagged
www.avito.ma/fr/tetouan/wilaya/chaussures-à_vendre,No,Not tagged
www.avito.ma/fr/maroc/kia sportage 2014--à_vendre,No,Not tagged
www.avito.ma/fr/maroc/range_rover_sport__2022--à_vendre,No,Not tagged
www.avito.ma/fr/casablanca/voitures_d_occasion/mercedes_glc_couple--à_vendre,No,Not tagged
www.avito.ma/fr/ad/edit/74098052/3,No,Not tagged
www.avito.ma/fr/hay_lazaret/maisons_et_villas/منزل__بحي_لزاري_55126324.htm,No,Not tagged
www.avito.ma/fr/ad/edit/74096682,No,Not tagged
www.avito.ma/fr/ad/edit/74098052,No,Not tagged
www.avito.ma/fr/maroc/appartements/appartement_duplex_casablanca,No,Not tagged
www.avito.ma/fr/maroc/appareils_photo_cameras/hero_voiture--à_vendre,No,Not tagged
www.avito.ma/fr/mohammedia/appartement_location_de_vacances/dacia_sandero_2014_diesel--location_de_vacances,No,Not tagged
www.avito.ma/fr/casablanca/immobilier/studio_meublé_beauséjour,No,Not tagged
www.avito.ma/fr/ad/edit/74098077,No,Not tagged
www.avito.ma/fr/chefchaouen/appartements/tanger--à_vendre,No,Not tagged
www.avito.ma/fr/maroc/voitures/opel_astra_diesel_model_2019--à_vendre,No,Not tagged
www.avito.ma/fr/maroc/hiyundai_civic_modele_2009--à_vendre,No,Not tagged
www.avito.ma/fr/maroc/animaux/espace_chien--à_vendre,No,Not tagged
www.avito.ma/fr/maroc/voitures/charuo,No,Not tagged
www.avito.ma/fr/maroc/لوحات_تشكيلية--à_vendre,No,Not tagged
www.avito.ma/fr/maroc/voitures/romeurk_oto,No,Not tagged
www.avito.ma/fr/ad/edit/61779588,No,Not tagged
www.avito.ma/fr/ad/edit/74041638,No,Not tagged
www.avito.ma/fr/casablanca/ain_sebaa/appartement_colocation/chambre_meublé--colocation,No,Not tagged
www.avito.ma/fr/maroc/khemissat_cars--à_vendre,No,Not tagged
www.avito.ma/fr/maroc/gadgets/airpods_pro--à_vendre,No,Not tagged
www.avito.ma/fr/maroc/pièces_et_accessoires_véhicules/porte_bagage_voiture_citroen--à_vendre,No,Not tagged
www.avito.ma/fr/ad/edit/74088266/1,No,Not tagged
www.avito.ma/fr/maroc/land_rover_range_rover_evoque_2020,No,Not tagged
www.avito.ma/fr/safi/hay_el_bouwab/voitures_d_occasion/kia--à_vendre,No,Not tagged
www.avito.ma/fr/ad/edit/74098053/2,No,Not tagged
www.avito.ma/fr/ad/edit/74098053,No,Not tagged
www.avito.ma/fr/maroc/_212_661_164338,No,Not tagged
www.avito.ma/fr/nador/rottweiler--à_vendre,No,Not tagged
www.avito.ma/fr/maroc/motos/jet_ski_yamaha_a_tanger--à_vendre,No,Not tagged
www.avito.ma/fr/route_ain_chkaf/gaming/Xbox_360__55108499.htm,No,Not tagged
www.avito.ma/fr/maroc/colocataire_appartement_casablanca_bourgogne--à_vendre,No,Not tagged
www.avito.ma/fr/maroc/colocataire_casablanca_bourgogne--à_vendre,No,Not tagged
www.avito.ma/fr/maroc/appartements/colocataire_casablanca_bourgogne,No,Not tagged
www.avito.ma/fr/ad/edit/74090117/2,No,Not tagged
www.avito.ma/fr/maroc/kawasaki_800z--à_vendre,No,Not tagged
www.avito.ma/fr/maroc/appartement_location_de_vacances/savanah_beach--location_de_vacances,No,Not tagged
www.avito.ma/fr/maroc/apple_iphone_13_128_go_midnight--à_vendre,No,Not tagged
www.avito.ma/fr/maroc/vélos/grand_vélo_decathlon--à_vendre,No,Not tagged
www.avito.ma/fr/maroc/voitures/para_coque_prado_vx--à_vendre,No,Not tagged
www.avito.ma/fr/maroc/vetements/capuccino_moto--à_vendre,No,Not tagged
www.avito.ma/fr/saada/voitures_d'occasion/Renault_Clio_campus__55134502.htm,No,Not tagged
www.avito.ma/fr/maroc/vélocargo--à_vendre,No,Not tagged
www.avito.ma/fr/maroc/corola_hybride--à_vendre,No,Not tagged
www.avito.ma/fr/ad/edit/74097715/2,No,Not tagged
www.avito.ma/fr/maroc/3cx_jcb_a_vendre_berkane--à_vendre,No,Not tagged
www.avito.ma/fr/maroc/engins_btp/3cx_jcb_a_vendre--à_vendre,No,Not tagged
www.avito.ma/fr/ad/edit/74097960/2,No,Not tagged
www.avito.ma/fr/maroc/télévisions/réfrigérateur_en_bon--à_vendre,No,Not tagged
www.avito.ma/fr/maroc/magasins_et_commerces/محل_للبيع_مرجان_مكناس--à_vendre,No,Not tagged
www.avito.ma/fr/bouznika/magasins_et_commerces/magasin_louer--à_vendre,No,Not tagged
www.avito.ma/fr/maroc/kia sportage 2020--à_vendre,No,Not tagged
www.avito.ma/fr/maroc/toureg_2019,No,Not tagged
www.avito.ma/fr/maroc/appartements/chambre_a_agadir,No,Not tagged
www.avito.ma/fr/maroc/voitures_d_occasion/c4__cactus--à_vendre,No,Not tagged
www.avito.ma/fr/maroc/ouled_saleh_résidence_maysae--à_vendre,No,Not tagged
www.avito.ma/ar/المغرب/تلفونيات/ايفون_11_128--للبيع,No,Not tagged
www.avito.ma/fr/casablanca/matériels_professionnels/meuble_bar--à_vendre,No,Not tagged
www.avito.ma/fr/maroc/motos/motor_sport--à_vendre,No,Not tagged
www.avito.ma/fr/ad/edit/74097771/1,No,Not tagged
www.avito.ma/fr/maroc/peugeot_307_essence_meknès--à_vendre,No,Not tagged
www.avito.ma/fr/mohammedia/voitures_d_occasion/passat--à_vendre,No,Not tagged
www.avito.ma/fr/maroc/tigouine2017,No,Not tagged
www.avito.ma/fr/maroc/voitures_d_occasion/kifal_alfa_romeo_giulietta--à_vendre,No,Not tagged
www.avito.ma/fr/maroc/pour_la_maision_et_jardin/lit_bois--à_vendre,No,Not tagged
www.avito.ma/fr/maroc/téléphones/xiaomi_a_12--à_vendre,No,Not tagged
www.avito.ma/fr/maroc/spirit_2001--à_vendre,No,Not tagged
www.avito.ma/fr/ad/edit/74096846/1,No,Not tagged
www.avito.ma/fr/ad/edit/74096933/4,No,Not tagged
www.avito.ma/fr/maroc/jets--à_vendre,No,Not tagged
www.avito.ma/fr/maroc/ordinateurs_portables/mcbook_air_m1--à_vendre,No,Not tagged
www.avito.ma/fr/rabat/pièces_et_accessoires_véhicules/poste_radio__passat--à_vendre,No,Not tagged
www.avito.ma/fr/maroc/boite_ddalimentaion,No,Not tagged
www.avito.ma/ar/المغرب/سيارات_مستعملة/sports--للبيع,No,Not tagged
www.avito.ma/fr/maroc/golf_polo_diesel_modèle_2013--à_vendre,No,Not tagged
www.avito.ma/fr/rabat/moto_électrique--à_vendre,No,Not tagged
www.avito.ma/fr/rabat/trottinette__électrique--à_vendre,No,Not tagged
www.avito.ma/fr/maroc/voitures/dacia_2019_essance--à_vendre,No,Not tagged
www.avito.ma/fr/ad/edit/74063404/2,No,Not tagged
www.avito.ma/fr/maroc/100_franc,No,Not tagged
www.avito.ma/fr/maroc/appareils_photo_cameras/stabilisateur_mécanique--à_vendre,No,Not tagged
www.avito.ma/fr/maroc/montre_chaumet--à_vendre,No,Not tagged
www.avito.ma/fr/ad/edit/74096933/2,No,Not tagged
www.avito.ma/fr/maroc/pare_choc_peugeot_2016--à_vendre,No,Not tagged
www.avito.ma/fr/maroc/1993_ji,No,Not tagged
www.avito.ma/fr/maroc/1993,No,Not tagged
www.avito.ma/fr/ad/edit/74096933,No,Not tagged
www.avito.ma/fr/marrakech/animaux/quacker--à_vendre,No,Not tagged
www.avito.ma/fr/ad/edit/72166660/2,No,Not tagged
www.avito.ma/fr/maroc/parchoc_cli--à_vendre,No,Not tagged
www.avito.ma/fr/maroc/appartements/location_alliance_darna_tanger,No,Not tagged
www.avito.ma/fr/maroc/في_الجبل--à_vendre,No,Not tagged
www.avito.ma/fr/ad/edit/74092578/4,No,Not tagged
www.avito.ma/fr/maroc/assafae_1--à_vendre,No,Not tagged
www.avito.ma/fr/sidi_rahal/villa_louer_avec_piscine--à_vendre,No,Not tagged
www.avito.ma/fr/ad/edit/74092578/3,No,Not tagged
www.avito.ma/fr/ad/edit/74081839/2,No,Not tagged
www.avito.ma/fr/el_alia/pièces_et_accessoires_pour_véhicules/casque_Jieka__55134984.htm,No,Not tagged
www.avito.ma/fr/hay_saada/accessoires_informatiques/POLAR_Pacer_GPS_Running_Watch_52983863.htm,No,Not tagged
www.avito.ma/fr/maroc/louer_un_appartement_par_mois--à_vendre,No,Not tagged
www.avito.ma/fr/ain_aouda/firdaous_ain_aouda--à_vendre,No,Not tagged
www.avito.ma/fr/maroc/souiria_appartement--à_vendre,No,Not tagged
www.avito.ma/fr/maroc/services/gerflex,No,Not tagged
www.avito.ma/fr/maroc/becane_33_lomriyag--à_vendre,No,Not tagged
www.avito.ma/fr/maroc/gazo_tiakola,No,Not tagged
www.avito.ma/fr/maroc/informatique_et_multimedia/kobonia--à_vendre,No,Not tagged
www.avito.ma/fr/ad/edit/74078977/4,No,Not tagged
www.avito.ma/fr/maroc/voitures/6_gtd--à_vendre,No,Not tagged
www.avito.ma/fr/ad/edit/74096387/1,No,Not tagged
www.avito.ma/fr/ad/edit/74096248/2,No,Not tagged
www.avito.ma/fr/maroc/mawazine_gazo_tiakola,No,Not tagged
www.avito.ma/fr/ad/edit/73562677/3,No,Not tagged
www.avito.ma/fr/maroc/voitures/toyota_bi_op--à_vendre,No,Not tagged
www.avito.ma/fr/maroc/limousine_hummer--à_vendre,No,Not tagged
www.avito.ma/fr/ad/edit/73911357/2,No,Not tagged
www.avito.ma/fr/ad/edit/74008390,No,Not tagged
www.avito.ma/fr/maroc/jetski_fx_2023--à_vendre,No,Not tagged
www.avito.ma/fr/ad/edit/53147699,No,Not tagged
www.avito.ma/fr/ad/edit/74097145/1,No,Not tagged
www.avito.ma/fr/ad/edit/74097551/1,No,Not tagged
www.avito.ma/fr/maroc/icket_mawazine,No,Not tagged
www.avito.ma/fr/maroc/سكنز--à_vendre,No,Not tagged
www.avito.ma/fr/ad/edit/74087811/2,No,Not tagged
www.avito.ma/fr/maroc/matériels_professionnels/the_machine--à_vendre,No,Not tagged
www.avito.ma/fr/maroc/maxi_cosi_cybex--à_vendre,No,Not tagged
www.avito.ma/ar/المدينة_العليا/شقق/Appartement_à_louer_avec_terrasse_la_ville_haut_55133998.htm,No,Not tagged
www.avito.ma/fr/el_jadida/pour_la_maision_et_jardin/gaziniére--à_vendre,No,Not tagged
www.avito.ma/fr/el_jadida/pour_la_maision_et_jardin/chauffe_eau_electrique--à_vendre,No,Not tagged
www.avito.ma/fr/maroc/voitures_d_occasion/hyundai_tucson_2007--à_vendre,No,Not tagged
www.avito.ma/fr/maroc/taliş_renault--à_vendre,No,Not tagged
www.avito.ma/fr/maroc/mousse_vegetale,No,Not tagged
www.avito.ma/fr/rabat/séjour_jardin--à_vendre,No,Not tagged
www.avito.ma/fr/rabat/balcon--à_vendre,No,Not tagged
www.avito.ma/fr/maroc/mercedes_c_280--à_vendre,No,Not tagged
www.avito.ma/fr/ad/edit/74097262/2,No,Not tagged
www.avito.ma/fr/maroc/mercedes_190_parabole,No,Not tagged
www.avito.ma/fr/maroc/mercedes_190_glace_verre_phare,No,Not tagged
www.avito.ma/fr/maroc/golf_cady_avendre--à_vendre,No,Not tagged
www.avito.ma/fr/ad/edit/73538381/3,No,Not tagged
www.avito.ma/ar/المغرب/سيارات/dacia_logan_station_fagor--للبيع,No,Not tagged
www.avito.ma/fr/maroc/appartements/appartement_a_agadir_tilila,No,Not tagged
www.avito.ma/fr/ad/edit/74097555,No,Not tagged
www.avito.ma/fr/maroc/mbk_bws,No,Not tagged
www.avito.ma/fr/maroc/ssang_yong--à_vendre,No,Not tagged
www.avito.ma/fr/maroc/ordinateurs_portables/4go_vram--à_vendre,No,Not tagged
www.avito.ma/fr/maroc/véhicules/mercedice_maybakh--à_vendre,No,Not tagged
www.avito.ma/fr/maroc/veste_concour,No,Not tagged
www.avito.ma/fr/casablanca/véhicules/c1,No,Not tagged
www.avito.ma/fr/maroc/equitation_pantalon,No,Not tagged
www.avito.ma/fr/rabat/mawazine_gold--à_vendre,No,Not tagged
www.avito.ma/fr/maroc/console_dh_décoration--à_vendre,No,Not tagged
www.avito.ma/fr/ad/edit/74095793,No,Not tagged
www.avito.ma/fr/ben_guerir/locations_immobilieres/benguerir--à_louer,No,Not tagged
www.avito.ma/fr/tanger/cap_spartel/magasins_et_commerces-à_louer,No,Not tagged
www.avito.ma/fr/maroc/pièces_et_accessoires_véhicules/gs_310--à_vendre,No,Not tagged
www.avito.ma/fr/maroc/voitures_d_occasion/suzuki_celario--à_vendre,No,Not tagged
www.avito.ma/fr/maroc/habillement_et_bien_etre/bottes_homme,No,Not tagged
www.avito.ma/fr/ad/edit/73382595/3,No,Not tagged
www.avito.ma/fr/ain_harrouda/iphone_7_plus--à_vendre,No,Not tagged
account.avito.ma/fr/ad/edit/74016421/3,No,Not tagged
account.avito.ma/fr/ad/edit/74016421/1,No,Not tagged
www.avito.ma/fr/sale/voitures/peugeot_308--à_vendre,No,Not tagged
www.avito.ma/fr/ad/edit/72755242/1,No,Not tagged
www.avito.ma/fr/cabo_negro/voitures_d_occasion/ford_kuga--à_vendre,No,Not tagged
www.avito.ma/fr/maroc/appartement_a_louer_la_guare_tabriquet_sale--à_vendre,No,Not tagged
www.avito.ma/fr/maroc/отключение_мочевины,No,Not tagged
www.avito.ma/fr/maroc/chemise_hugo--à_vendre,No,Not tagged
www.avito.ma/fr/fes/cristallisation_marbre--à_vendre,No,Not tagged
www.avito.ma/fr/maroc/sch&gazo&tiakola--à_vendre,No,Not tagged
www.avito.ma/fr/taroudant/terrain,No,Not tagged
www.avito.ma/fr/sidi_youssef_ben_ali/voitures_d'occasion/_Dacia__55131902.htm,No,Not tagged
www.avito.ma/fr/maroc/voitures_d_occasion/toyota_rav4_2004--à_vendre,No,Not tagged
www.avito.ma/fr/maroc/bongo,No,Not tagged
www.avito.ma/fr/maroc/montre_jaune--à_vendre,No,Not tagged
www.avito.ma/fr/ad/edit/72706694,No,Not tagged
www.avito.ma/fr/maroc/voitures_d_occasion/toyota_rav4_model_2004--à_vendre,No,Not tagged
www.avito.ma/fr/casablanca/location_de_voitures/pc_gamer--à_louer,No,Not tagged
www.avito.ma/fr/maroc/télévisions/samsung_neo_qled--à_vendre,No,Not tagged
www.avito.ma/fr/agadir/voitures/sh_robot--à_vendre,No,Not tagged
www.avito.ma/ar/بن_مسيك/بقع_و_مزارع_للكراء/أرض_محفظة_للبيع_بالكارة__55129490.htm,No,Not tagged
www.avito.ma/fr/maroc/akoya_i3--à_vendre,No,Not tagged
www.avito.ma/fr/tan_tan/emploi,No,Not tagged
www.avito.ma/fr/maroc/كمبيوترـمحمول/pc_gamer--للبيع,No,Not tagged
www.avito.ma/fr/oujda/bicyclette,No,Not tagged
www.avito.ma/ar/المغرب/تجهيزاتـللأطفالـوـالرضع/سيارة_للاطفال_دار_البيضاء--للبيع,No,Not tagged
www.avito.ma/fr/maroc/dell_510_i5_10--à_vendre,No,Not tagged
www.avito.ma/fr/marrakech/appartement_à_louer__longue_durée_meublé_marrakech--à_vendre,No,Not tagged
www.avito.ma/fr/ad/edit/74097315/1,No,Not tagged
www.avito.ma/fr/maroc/appartements/appartement_moderne_a_louer_longue_durée_meublé_marrakech,No,Not tagged
www.avito.ma/ar/الدار_البيضاء/معدات_مهنية/ثلاجات--للبيع,No,Not tagged
www.avito.ma/ar/افران_أطلس_الصغير/pousse--للبيع,No,Not tagged
www.avito.ma/ar/ad/edit/71756050/3,No,Not tagged
www.avito.ma/fr/maroc/al_hocimae--à_vendre,No,Not tagged
www.avito.ma/fr/maroc/distributeur_automatique_.,No,Not tagged
www.avito.ma/fr/ad/edit/73543697,No,Not tagged
www.avito.ma/fr/maroc/bateaux/yatch--à_vendre,No,Not tagged
www.avito.ma/fr/ad/edit/74002564/1,No,Not tagged
www.avito.ma/fr/maroc/cart_mai_samsung_a53--à_vendre,No,Not tagged
www.avito.ma/ar/ad/edit/71756050/1,No,Not tagged
www.avito.ma/fr/maroc/voitures_d_occasion/voiture_centre_10000_el_10000--à_vendre,No,Not tagged
www.avito.ma/fr/ad/edit/74096907/2,No,Not tagged
www.avito.ma/fr/salé/sidi_hajji/appartements,No,Not tagged
www.avito.ma/fr/maroc/magasins_et_commerces/متجر--à_vendre,No,Not tagged
www.avito.ma/fr/casablanca/sidi_maarouf/matériels_professionnels/four_electric--à_vendre,No,Not tagged
www.avito.ma/fr/maroc/punto_toit--à_vendre,No,Not tagged
www.avito.ma/fr/agadir/voitures_d_occasion/berlingo_2016--à_vendre,No,Not tagged
www.avito.ma/fr/casablanca/matebook_x_pro--à_vendre,No,Not tagged
www.avito.ma/fr/maroc/une_ferme_avec_maison--à_vendre,No,Not tagged
www.avito.ma/fr/maroc/dolibarr,No,Not tagged
www.avito.ma/fr/maroc/sch_gazo--à_vendre,No,Not tagged
www.avito.ma/fr/boutiques/maroc/vehicules/land--à_vendre,No,Not tagged
www.avito.ma/fr/tetouan/al_azhar/appartements/شقة_للكراء_وارزازات--à_vendre,No,Not tagged
www.avito.ma/fr/ad/edit/74091238/2,No,Not tagged
www.avito.ma/fr/maroc/terrains_et_fermes/terrain_agricole_lit_allal--à_vendre,No,Not tagged
www.avito.ma/fr/maroc/voitures_hyaundai_i10_d'occasion_automatique--à_vendre,No,Not tagged
www.avito.ma/fr/ad/edit/74080827/1,No,Not tagged
www.avito.ma/fr/maroc/chevrolet_optra_2007,No,Not tagged
www.avito.ma/fr/maroc/pc_portable_h--à_vendre,No,Not tagged
www.avito.ma/fr/tetouan/voitures_d_occasion/seat_ibiza_2017--à_vendre,No,Not tagged
www.avito.ma/fr/maroc/pc_portable_high--à_vendre,No,Not tagged
www.avito.ma/fr/maroc/read_dead_redemption,No,Not tagged
www.avito.ma/fr/casablanca/chaussures/chaussures_comme--à_vendre,No,Not tagged
www.avito.ma/fr/maroc/l’usine--à_vendre,No,Not tagged
www.avito.ma/fr/maroc/appartements/studio_à_louer_à_casablanca--à_louer,No,Not tagged
www.avito.ma/fr/maroc/ordinateurs_portables/1135g7--à_vendre,No,Not tagged
www.avito.ma/fr/ad/edit/74071768/1,No,Not tagged
www.avito.ma/fr/casablanca/ain_chock/mintre,No,Not tagged
www.avito.ma/fr/maroc/lenovo_t14_i7_13gen--à_vendre,No,Not tagged
www.avito.ma/fr/casablanca/appartements/voyageurs,No,Not tagged
www.avito.ma/fr/ad/edit/74056858,No,Not tagged
www.avito.ma/fr/maroc/matériels_professionnels/bureau_chantier_fes--à_vendre,No,Not tagged
www.avito.ma/ar/المغرب/برطما_شقة/كراء_شقة_مسنانة,No,Not tagged
www.avito.ma/ar/المغرب/سيارات_مستعملة/d0kker--للبيع,No,Not tagged
www.avito.ma/fr/maroc/apt_a_al_mansouria__paradis_--à_vendre,No,Not tagged
www.avito.ma/fr/maroc/smart_tv_saba--à_vendre,No,Not tagged
www.avito.ma/fr/maroc/appartement_colocation/voyages_et_billetterie--colocation,No,Not tagged
www.avito.ma/fr/maroc/maison_a_vendre_a_beausejour--à_vendre,No,Not tagged
www.avito.ma/fr/maroc/iphone_15_pro_max_256_gb,No,Not tagged
www.avito.ma/fr/ad/edit/74096230/3,No,Not tagged
www.avito.ma/fr/maroc/voitures_d_occasion/mercedes_w203_c220--à_vendre,No,Not tagged
www.avito.ma/fr/maroc/gp1800,No,Not tagged
www.avito.ma/fr/maroc/iphone 11 normal 128GB--à_vendre,No,Not tagged
www.avito.ma/fr/maroc/310d,No,Not tagged
www.avito.ma/fr/ad/edit/74095518/3,No,Not tagged
www.avito.ma/fr/ad/edit/74058042,No,Not tagged
www.avito.ma/fr/ad/edit/74095518/1,No,Not tagged
www.avito.ma/fr/casablanca/jeux_vidéo_et_consoles/game_passe--à_vendre,No,Not tagged
www.avito.ma/fr/agadir/voitures_d_occasion/suzuki_samurai--à_vendre,No,Not tagged
www.avito.ma/fr/casablanca/ordinateurs_bureau/xbox--à_vendre,No,Not tagged
www.avito.ma/fr/agadir/hay_najah/voitures_d_occasion/suzuki--à_vendre,No,Not tagged
www.avito.ma/fr/agdal/voyages_et_billetterie/Location_cartes_Gold___Ateez_55117804.htm,No,Not tagged
www.avito.ma/fr/maroc/terrains_et_fermes/terrain_rabat_agricole--à_vendre,No,Not tagged
www.avito.ma/fr/maroc/jour_pizza_bois--à_vendre,No,Not tagged
www.avito.ma/fr/agadir/voitures_de_leasing/clio_4--à_louer,No,Not tagged
www.avito.ma/fr/agadir/iphone_xs_icloud,No,Not tagged
www.avito.ma/fr/kenitra/powerbank--à_vendre,No,Not tagged
www.avito.ma/fr/kenitra/refregirateur_mini--à_vendre,No,Not tagged
www.avito.ma/fr/maroc/appartements/nuit_plage_mehdia,No,Not tagged
www.avito.ma/fr/maroc/camera_35mm,No,Not tagged
www.avito.ma/ar/افرني/سيارات_مستعملة/Volkswagen_Polo_Essence_Manuelle_2007_à_Iferni_55126800.htm,No,Not tagged
www.avito.ma/fr/casablanca/4x4_touaerg--à_vendre,No,Not tagged
www.avito.ma/fr/ad/edit/73787050/2,No,Not tagged
www.avito.ma/fr/agadir/vetements/قميجة--à_vendre,No,Not tagged
www.avito.ma/fr/maroc/gazo_mawazine,No,Not tagged
www.avito.ma/fr/maroc/ak_550_kymco--à_vendre,No,Not tagged
www.avito.ma/fr/maroc/matériels_professionnels/gaz_magazin--à_vendre,No,Not tagged
www.avito.ma/fr/maroc/frash--à_vendre,No,Not tagged
www.avito.ma/ar/المغرب/موطور_للبيع_فمراكش--للبيع,No,Not tagged
www.avito.ma/fr/benslimane/the_last_of_us--à_vendre,No,Not tagged
www.avito.ma/fr/ad/edit/74096819,No,Not tagged
www.avito.ma/fr/maroc/plancher_chauffant,No,Not tagged
www.avito.ma/fr/maroc/voitures_d_occasion/trois--à_vendre,No,Not tagged
www.avito.ma/fr/maroc/appartements/plage_dh_mehdia,No,Not tagged
www.avito.ma/fr/casablanca/sidi_moumen/magasins_et_commerces/local_industriel--à_louer,No,Not tagged
www.avito.ma/fr/ad/edit/74096969,No,Not tagged
www.avito.ma/fr/maroc/téléphones/note_7--à_vendre,No,Not tagged
www.avito.ma/fr/safi/informatique_et_multimedia/watch--à_vendre,No,Not tagged
www.avito.ma/fr/maroc/téléphones/tecno_phantom_v--à_vendre,No,Not tagged
www.avito.ma/fr/ad/edit/74096870,No,Not tagged
www.avito.ma/fr/maroc/kit_carrosserie_rline,No,Not tagged
www.avito.ma/fr/maroc/rond_point_farah--à_vendre,No,Not tagged
www.avito.ma/fr/ad/edit/74078867/3,No,Not tagged
www.avito.ma/fr/marrakech/voitures_d_occasion/10000_dh--à_vendre,No,Not tagged
www.avito.ma/fr/ad/edit/74079099,No,Not tagged
www.avito.ma/fr/maroc/ticket_mawazine_sch_gazo_tiakola--à_vendre,No,Not tagged
www.avito.ma/fr/ad/edit/74004348/2,No,Not tagged
www.avito.ma/fr/ad/edit/74078867/2,No,Not tagged
www.avito.ma/vi/54321021.htm,No,Not tagged
www.avito.ma/fr/ad/edit/70136522/2,No,Not tagged
www.avito.ma/fr/maroc/magasins_et_commerces/كراء_للكراء_السيارات--à_vendre,No,Not tagged
www.avito.ma/fr/ad/edit/74079058,No,Not tagged
www.avito.ma/fr/ad/edit/74078933/2,No,Not tagged
www.avito.ma/fr/maroc/ateez&_alawn--à_vendre,No,Not tagged
www.avito.ma/fr/maroc/voitures/voiture_duster_rabat--à_vendre,No,Not tagged
www.avito.ma/fr/rabat/medina_de_rabat/animaux/cage_oiseaux--à_vendre,No,Not tagged
www.avito.ma/fr/maroc/ordinateurs_bureau/spiderman--à_vendre,No,Not tagged
www.avito.ma/fr/ad/edit/74078630/2,No,Not tagged
www.avito.ma/fr/ad/edit/74078630,No,Not tagged
www.avito.ma/ar/الرباط/افيتو--للبيع,No,Not tagged
www.avito.ma/fr/bouskoura/audi_q3,No,Not tagged
www.avito.ma/fr/casablanca/cavalier_king_charles,No,Not tagged
www.avito.ma/fr/marrakech/route_de_casablanca/terrains_et_fermes/sport_city--à_louer,No,Not tagged
www.avito.ma/fr/tanger/sidi_kacem_tanger--à_vendre,No,Not tagged
www.avito.ma/fr/maroc/xbox_sirievs--à_vendre,No,Not tagged
www.avito.ma/fr/ad/edit/74078871/2,No,Not tagged
www.avito.ma/auto/neuf/bmw/serie-1/,No,Not tagged
www.avito.ma/auto/neuf/skoda/rapid/,No,Not tagged
www.avito.ma/auto/neuf/dodge/,No,Not tagged
www.avito.ma/adminapp/stores/6512/details,No,Not tagged
www.avito.ma/auto/neuf/peugeot/206-+/,No,Not tagged
www.avito.ma/fr/maroc/mercedes_benz_2012--à_vendre,No,Not tagged
www.avito.ma/fr/autre_secteur/appartements/Nouveau_Appartement_100m²___54399238.htm,No,Not tagged
www.avito.ma/fr/salé/dacia_logan--à_vendre,No,Not tagged
www.avito.ma/fr/tinghir/maisons/colocation--à_louer,No,Not tagged
www.avito.ma/fr/marrakech/demandes_de_emploi-demandes,No,Not tagged
www.avito.ma/fr/maroc/pour_la_maision_et_jardin/lit_d'enfant--à_vendre,No,Not tagged
www.avito.ma/auto/neuf/renault/captur/,No,Not tagged
www.avito.ma/ar/المغرب/جمعيات_لمرافقة_مدينة_سلا--للبيع,No,Not tagged
www.avito.ma/adminapp/stores/6482/details,No,Not tagged
www.avito.ma/adminapp/stores/4974/details,No,Not tagged
www.avito.ma/fr/maroc/g_700--à_vendre,No,Not tagged
www.avito.ma/fr/maroc/sh_150_skata--à_vendre,No,Not tagged
www.avito.ma/ar/أكدال/سيارات_مستعملة/Mercedes_Benz_Classe_G_Essence_Automatique_2024_53739374.htm,No,Not tagged
www.avito.ma/fr/maroc/sitroen_xsara--à_vendre,No,Not tagged
www.avito.ma/fr/maroc/audi_a3_es--à_vendre,No,Not tagged
www.avito.ma/ar/المغرب/سيارات/سيارة_kangoo_2009--للبيع,No,Not tagged
www.avito.ma/ar/سطات/دكاكين_محلات_تجارية,No,Not tagged
www.avito.ma/ar/أكادير/بقعـوـمزارع-للبيع,No,Not tagged
www.avito.ma/fr/casablanca/sidi_maarouf/maisons_et_villas-à_vendre,No,Not tagged
www.avito.ma/fr/maroc/meubles_et_décoration/accessoires--à_vendre,No,Not tagged
www.avito.ma/auto/neuf/volkswagen/jetta/,No,Not tagged
www.avito.ma/auto/neuf/toyota/prado/,No,Not tagged
www.avito.ma/auto/neuf/citroen/berlingo/,No,Not tagged
www.avito.ma/fr/maroc/sacs_et_accessoires/louis_vue--à_vendre,No,Not tagged
www.avito.ma/fr/aïn_sebaâ/voitures_d'occasion/Ford_focus_2017_53540158.htm,No,Not tagged
www.avito.ma/fr/tétouan/wilaya/appartements-à_vendre,No,Not tagged
www.avito.ma/fr/maroc/villa_a_loue_rabat--à_vendre,No,Not tagged
www.avito.ma/fr/maroc/maisons_et_villas/maison,No,Not tagged
www.avito.ma/fr/kasba_tadla/maisons_et_villas-à_vendre,No,Not tagged
www.avito.ma/fr/mellila/animaux/berger_allemand--à_vendre,No,Not tagged
www.avito.ma/fr/maroc/كاشف_المعادن_vanquish--à_vendre,No,Not tagged
www.avito.ma/fr/casablanca/californie/parc,No,Not tagged
www.avito.ma/fr/maroc/ps5_digital_god_of_war--à_vendre,No,Not tagged
www.avito.ma/fr/maroc/samsang_a21s_prix--à_vendre,No,Not tagged
www.avito.ma/auto/neuf/peugeot/307/,No,Not tagged
www.avito.ma/fr/rabat/appartements/à_louer   ,No,Not tagged
www.avito.ma/fr/maroc/diplome_avendre--à_vendre,No,Not tagged
www.avito.ma/fr/maroc/matériels_professionnels/r_pose_pied_vélo--à_vendre,No,Not tagged
www.avito.ma/fr/maroc/carte_rtx_4060,No,Not tagged
www.avito.ma/fr/el_qaria/voitures_d'occasion/kia_Picanto_automatique_2019_54348210.htm,No,Not tagged
www.avito.ma/fr/mohammedia/autres-à_vendre,No,Not tagged
www.avito.ma/ar/الدار_البيضاء/دارـأوـڨيلا-للبيع,No,Not tagged
www.avito.ma/fr/maroc/kit_arteon,No,Not tagged
www.avito.ma/fr/maroc/magasins_et_commerces/محل_التصبين--à_vendre,No,Not tagged
www.avito.ma/fr/kénitra/magasins_et_commerces,No,Not tagged
www.avito.ma/fr/oasis/voitures_d'occasion/Bentley_bentayga_V8_diesel_pack_carbon__54658810.htm,No,Not tagged
www.avito.ma/fr/meknes/autre_secteur/animaux_domestique/caniche--à_vendre,No,Not tagged
www.avito.ma/fr/maroc/appartements/suzuki_a_presse,No,Not tagged
www.avito.ma/auto/neuf/peugeot/206/,No,Not tagged
www.avito.ma/fr/maroc/طبلة_الكلاي_افراح--à_vendre,No,Not tagged
www.avito.ma/fr/meknès/tomobil--à_vendre,No,Not tagged
www.avito.ma/auto/neuf/audi/q7/,No,Not tagged
www.avito.ma/fr/el_jadida/el_jadida/appartements-à_louer,No,Not tagged
www.avito.ma/fr/maroc/samsung_a53_256--à_vendre,No,Not tagged
www.avito.ma/auto/neuf/renault/megane/,No,Not tagged
www.avito.ma/fr/salé/terrains_et_fermes-à_vendre,No,Not tagged
www.avito.ma/ar/مراكش/درجات_نارية/تريبورتور_باقي_نقي_52240437.htm,No,Not tagged
www.avito.ma/sp/renault/r21,No,Not tagged
www.avito.ma/fr/el_houda/voitures_d'occasion/Bmw_Serie_5_F10_54553067.htm,No,Not tagged
www.avito.ma/ar/المغرب/برطما_شقة/شقة_للبيع_حي_حي_البركة,No,Not tagged
www.avito.ma/fr/maroc/maisons/salé_fétes,No,Not tagged
www.avito.ma/fr/agadir/magasins_et_commerces,No,Not tagged
www.avito.ma/fr/marrakech/gueliz/magasins_et_commerces,No,Not tagged
www.avito.ma/auto/neuf/mercedes-benz/,No,Not tagged
www.avito.ma/fr/maroc/macbook_pro_official__touche_bar--à_vendre,No,Not tagged
www.avito.ma/fr/bourgogne/voitures/Ford_flex___36931754.htm,No,Not tagged
www.avito.ma/fr/casablanca/meubles_et_décoration/salon_marocain.--à_vendre,No,Not tagged
www.avito.ma/ar/marrakech/appareils_photo_cameras/canon_lens--à_vendre,No,Not tagged
www.avito.ma/fr/maroc/citroen_prlingo--à_vendre,No,Not tagged
www.avito.ma/fr/boutique/campboulhaut,No,Not tagged
www.avito.ma/fr/maarif/appartements/Appart__Haut_Standing_140_m2_Yaakob_Mansour_54992834.htm,No,Not tagged
www.avito.ma/fr/fes/appartement_location_de_vacances/appartement_vacances--location_de_vacances,No,Not tagged
www.avito.ma/fr/fès/ford_fiesta--à_vendre,No,Not tagged
www.avito.ma/auto/neuf/toyota/yaris/1.5-hybride-116-distinctive-+/,No,Not tagged
www.avito.ma/adminapp/stores/6509/details,No,Not tagged
www.avito.ma/fr/tetouan/matériels_professionnels/tapis--à_vendre,No,Not tagged
www.avito.ma/fr/casablanca/ventes_immobilieres/victoria--à_vendre,No,Not tagged
www.avito.ma/fr/maroc/agenda_electronique--à_vendre,No,Not tagged
www.avito.ma/fr/maroc/maisons_avec_oliviers--à_vendre,No,Not tagged
www.avito.ma/fr/casablanca/magasins_commerces_et_locaux_industriels,No,Not tagged
www.avito.ma/fr/béni_mellal/appartements-à_vendre,No,Not tagged
www.avito.ma/fr/aïn_sebaâ/magasins__commerces_et_locaux_industriels/Location_usine_1000m2_ZI_Zenata_Casablanca_50828844.htm,No,Not tagged
www.avito.ma/ar/kenitra/منازل_لكراء_العطل-لكراء_العطل,No,Not tagged
www.avito.ma/fr/maroc/pc_bureau_i5_4eme--à_vendre,No,Not tagged
www.avito.ma/fr/safir/voitures_d'occasion/Audi_RsQ3_2022_essence__54335171.htm,No,Not tagged
www.avito.ma/fr/2_mars/voitures_d'occasion/Mercedes_Benz_Classe_E_coupé_pack_AMG_53966135.htm,No,Not tagged
www.avito.ma/auto/neuf/citroen/c3/,No,Not tagged
www.avito.ma/fr/maroc/ordinateurs_portables/game_pass--à_vendre,No,Not tagged
www.avito.ma/fr/maroc/شقق_للكراء_للعزاب_المضيق--à_vendre,No,Not tagged
www.avito.ma/fr/californie/voitures_d'occasion/Hyundai_Tucson_Diesel_Automatique_2019_51925426.htm,No,Not tagged
www.avito.ma/fr/maroc/guilia_q4--à_vendre,No,Not tagged
www.avito.ma/fr/hay_al_hassani/voitures_d'occasion/Peugeot_3008_Diesel_Automatique_2022_à_Marrakech_54191225.htm,No,Not tagged
www.avito.ma/fr/maroc/appartement_eden_beach--à_vendre,No,Not tagged
www.avito.ma/auto/neuf/suzuki/celerio/,No,Not tagged
www.avito.ma/fr/maroc/motear_hdi--à_vendre,No,Not tagged
www.avito.ma/sp/dacia/logan,No,Not tagged
www.avito.ma/fr/maroc/bmw_x5_2010_a2020--à_vendre,No,Not tagged
www.avito.ma/fr/maroc/setters--à_vendre,No,Not tagged
www.avito.ma/fr/boutique/univers-tec,No,Not tagged
www.avito.ma/fr/maroc/autre_immobilier--à_vendre,No,Not tagged
www.avito.ma/fr/maroc/electorménager_et_vaisselle/huile_dh_voiture--à_vendre,No,Not tagged
www.avito.ma/ar/المغرب/برطما_شقة/بساتين,No,Not tagged
www.avito.ma/fr/maroc/siemens_s7_200--à_vendre,No,Not tagged
www.avito.ma/fr/casablanca/appartements/appartement_louer_à        ,No,Not tagged
www.avito.ma/fr/maroc/lenovo_legion_5___rtx_3060--à_vendre,No,Not tagged
www.avito.ma/fr/quartier_de_l'océan/appartements/Appartement_à_louer_55_m²_à_Rabat_53838479.htm,No,Not tagged
www.avito.ma/auto/neuf/mercedes-benz/vito/,No,Not tagged
www.avito.ma/fr/salé/télévisions/tv_gold_ray_32_pouces_avec_numerique_et_support__51210877.htm,No,Not tagged
www.avito.ma/fr/marrakech/magasins_et_commerces/mhamid--à_louer,No,Not tagged
www.avito.ma/fr/tétouan/magasins_et_commerces,No,Not tagged
www.avito.ma/fr/mohammedia/maisons_et_villas/ttes_www_avito_fr_autre_secteur_maison_el_villa_maison_el_villa_100m2_el_vente_a_mohammedia_148_66m,No,Not tagged
www.avito.ma/fr/maroc/maisons_et_villas/ttes_www_avito_fr_autre_secteur_maison_el_villa_maison_el_villa_100m2_el_vente_a_mohammedia_148_66m--à_vendre,No,Not tagged
www.avito.ma/sp/volkswagen/tiguan,No,Not tagged
www.avito.ma/auto/neuf/volkswagen/golf/,No,Not tagged
www.avito.ma/auto/neuf/peugeot/3008/,No,Not tagged
www.avito.ma/fr/maroc/agrafeuse_à_chaud_plastique--à_vendre,No,Not tagged
www.avito.ma/ar/أكادير/كلب,No,Not tagged
www.avito.ma/fr/meknes/immobilier/zitoune,No,Not tagged
www.avito.ma/fr/rabat/meubles_et_décoration/clic_clac--à_vendre,No,Not tagged
www.avito.ma/fr/maroc/bermane_chaton--à_vendre,No,Not tagged
www.avito.ma/auto/neuf/peugeot/407/,No,Not tagged
www.avito.ma/fr/maroc/all_city12--à_vendre,No,Not tagged
www.avito.ma/fr/el_jadida/maisons_et_villas/location_villa_pour_mariage--à_vendre,No,Not tagged
www.avito.ma/fr/meknès/immobilier-à_vendre,No,Not tagged
www.avito.ma/fr/marrakech/location_villa_longue_durée--à_vendre,No,Not tagged
www.avito.ma/fr/salé/voitures/clio_intense--à_vendre,No,Not tagged
www.avito.ma/fr/saidia/autre_secteur/maisons_et_villas,No,Not tagged
www.avito.ma/fr/fès/animaux-à_vendre,No,Not tagged
www.avito.ma/fr/marrakech/ordinateurs_de_bureau/pc_poste_hd_51078433.htm,No,Not tagged
www.avito.ma/fr/maroc/alliance_darna_hellala--à_vendre,No,Not tagged
www.avito.ma/fr/maroc/yamaha_jok_rr--à_vendre,No,Not tagged
www.avito.ma/vi/54741926.htm,No,Not tagged
www.avito.ma/fr/meknès/voitures/mercedes--à_vendre,No,Not tagged
www.avito.ma/fr/ain_sebaa/voitures_d'occasion/Dacia_Dokker__54798414.htm,No,Not tagged
www.avito.ma/fr/maroc/ecran_pc_pureau--à_vendre,No,Not tagged
www.avito.ma/fr/maroc/dell_lattitude_5510--à_vendre,No,Not tagged
www.avito.ma/vi/55034768.htm,No,Not tagged
www.avito.ma/fr/maroc/imintanoute,No,Not tagged
www.avito.ma/ar/طنجة/يخوت_و_قوارب/jet_ski_SEADOO_BOMBARDIER_rx_50974996.htm,No,Not tagged
www.avito.ma/fr/maroc/appartement_marrakech_piscine,No,Not tagged
expo-auto.avito.ma/,No,Not tagged
www.avito.ma/fr/salé/maisons_et_villas-à_vendre,No,Not tagged
www.avito.ma/fr/kénitra/bir_rami/appartements-à_louer,No,Not tagged
login.verbolia.com/,No,Not tagged
www.avito.ma/fr/maroc/magasins_et_commerces/local,No,Not tagged
www.avito.ma/fr/salé/meubles_et_décoration-à_vendre,No,Not tagged
www.avito.ma/fr/maroc/bisiklet_enfants--à_vendre,No,Not tagged
www.avito.ma/sp/dacia/dokker,No,Not tagged
www.avito.ma/fr/kénitra/meubles_et_décoration/tableaux--à_vendre,No,Not tagged
www.avito.ma/fr/les_princesses/voitures_d'occasion/Audi_Q8_Diesel_Automatique_2020_à_Casablanca_47548212.htm,No,Not tagged
www.avito.ma/auto/neuf/toyota/corolla/,No,Not tagged
www.avito.ma/adminapp/admng/mediaqueues,No,Not tagged
www.avito.ma/fr/maroc/mirsidis_sla--à_vendre,No,Not tagged
www.avito.ma/fr/maroc/appareils_photo_cameras/dji_rs3--à_vendre,No,Not tagged
www.avito.ma/fr/maroc/sports_et_loisirs/surf_set--à_vendre,No,Not tagged
www.avito.ma/fr/maroc/matériels_professionnels/matériel_dh_fer--à_vendre,No,Not tagged
www.avito.ma/fr/salé/sala_el_jadida/appartements,No,Not tagged
www.avito.ma/fr/quartier_des_hôpitaux/voitures_d'occasion/Mercedes_Benz_AMG_GT_Essence_Automatique_2016_53665362.htm,No,Not tagged
www.avito.ma/sp/porsche/911-carrera,No,Not tagged
www.avito.ma/fr/agadir/motos/tmax_honda--à_vendre,No,Not tagged
www.avito.ma/vi/54937816.htm,No,Not tagged
www.avito.ma/fr/meknès/appartement_à_vendre--à_vendre,No,Not tagged
www.avito.ma/fr/settat/engins_agricole/Tracteur__49793809.htm,No,Not tagged
www.avito.ma/fr/errachidia/voitures_d'occasion/kongo_bgra_milha_sah_o_l3mal_51715276.htm,No,Not tagged
www.avito.ma/fr/taourirt/engins_agricole/tracteur__50672107.htm,No,Not tagged
www.avito.ma/fr/laayoune/voitures/toyota_yaris--à_vendre,No,Not tagged
www.avito.ma/fr/tanger/locations_immobilieres/aida--à_louer,No,Not tagged
www.avito.ma/fr/maroc/pc_portable_dell,No,Not tagged
www.avito.ma/auto/neuf/mercedes-benz/sprinter/,No,Not tagged
www.avito.ma/fr/tétouan/voitures-à_vendre,No,Not tagged
www.avito.ma/fr/maroc/appartements/appartement_a_val_flouri,No,Not tagged
www.avito.ma/fr/fès/à_vendre,No,Not tagged
www.avito.ma/fr/maroc/chandil,No,Not tagged
www.avito.ma/fr/maroc/appartement_ola_blanco--à_vendre,No,Not tagged
www.avito.ma/auto/neuf/hyundai/tucson/,No,Not tagged
www.avito.ma/fr/maroc/hwawi_nova_10--à_vendre,No,Not tagged
www.avito.ma/fr/maroc/mercedes_220_bva--à_vendre,No,Not tagged
www.avito.ma/fr/ad/edit/74060371/1,No,Not tagged
www.avito.ma/fr/hay_hassani/voitures_d'occasion/hyundai_i20___52961068.htm,No,Not tagged
www.avito.ma/fr/maroc/maisons_et_villas/مراكش_منزل_للكراء,No,Not tagged
www.avito.ma/fr/maroc/voitures/mercedes_250_vendre--à_vendre,No,Not tagged
www.avito.ma/fr/bouznika/maisons_et_villas/villa--à_vendre,No,Not tagged
www.avito.ma/fr/rabat/hay_el_fath/informatique_et_multimedia,No,Not tagged
www.avito.ma/fr/khénifra/camions/MAN_400_TGS_lbghah_mrahba_44851718.htm,No,Not tagged
www.avito.ma/fr/tanger/marchan/maisons_et_villas-à_vendre,No,Not tagged
www.avito.ma/fr/maroc/bmw_166d--à_vendre,No,Not tagged
www.avito.ma/fr/asilah/ventes_immobilieres,No,Not tagged
immoneuf.avito.ma/fr/,No,Not tagged
www.avito.ma/fr/maroc/بقعة_للبيع_سيدي_بوعثمان--à_vendre,No,Not tagged
www.avito.ma/fr/mohammedia/immobilier/bureau,No,Not tagged
www.avito.ma/ar/الدار_البيضاء/strobo--للبيع,No,Not tagged
www.avito.ma/fr/californie/appartements/Appartement_meublé_3chambres_Californie_8000dh_52464400.htm,No,Not tagged
www.avito.ma/fr/marjane/ordinateurs_portables/HP_Elitebook_X360_1030_G8__i7_1165G7_Ram_16_512gb_53253856.htm,No,Not tagged
www.avito.ma/fr/maroc/proceq--à_vendre,No,Not tagged
www.avito.ma/fr/rabat/tapis_salle--à_vendre,No,Not tagged
www.avito.ma/fr/essaouira/sports_et_loisirs/surf--à_vendre,No,Not tagged
www.avito.ma/fr/oulfa/motos/Honda_NC_750x_2021_54628015.htm,No,Not tagged
www.avito.ma/ar/أكدال/سيارات_مستعملة/mercedes_classe_c63_cabriolet__54353823.htm,No,Not tagged
www.avito.ma/fr/maroc/hyundai_conty--à_vendre,No,Not tagged
www.avito.ma/fr/laâyoune/maisons_et_villas,No,Not tagged
www.avito.ma/ar/حي_الفتح/دكاكين،_محلات_تجارية_ومباني_صناعية/Chiots_Rottweiler__54587770.htm,No,Not tagged
www.avito.ma/fr/maroc/sidi_youssef_maison--à_vendre,No,Not tagged
www.avito.ma/fr/maroc/téléphones/kangoo_s1_pro--à_vendre,No,Not tagged
www.avito.ma/fr/tétouan/immobilier-à_vendre,No,Not tagged
www.avito.ma/fr/safir/voitures_d'occasion/Mercedes_Benz_Classe_A_Diesel_Manuelle_2012_54631681.htm,No,Not tagged
www.avito.ma/fr/maroc/tirn--à_vendre,No,Not tagged
www.avito.ma/auto/neuf/opel/astra/1.5-d-122-elegance-bva9/,No,Not tagged
www.avito.ma/fr/ahlane/voitures_d'occasion/hyundai_grand_i10__52289320.htm,No,Not tagged
www.avito.ma/fr/ouled_oujih/téléphones/Iphone_12_64g_batterie_86_100_mazal_jdiiiiiiiid__53558196.htm,No,Not tagged
www.avito.ma/ar/المغرب/كارصونيار_للكراء_الرباط_تمارة--للبيع,No,Not tagged
www.avito.ma/auto/neuf/bmw/serie-5/,No,Not tagged
www.avito.ma/fr/maroc/sma_island--à_vendre,No,Not tagged
www.avito.ma/fr/salé/sala_el_jadida/appartements-à_vendre,No,Not tagged
www.avito.ma/vi/54666753.htm,No,Not tagged
www.avito.ma/fr/maroc/cotreon_c3--à_vendre,No,Not tagged
www.avito.ma/fr/tiznit/maisons_et_villas-à_vendre,No,Not tagged
www.avito.ma/ar/الرباط/حي_المحيط/دكاكين_محلات_تجارية,No,Not tagged
www.avito.ma/fr/fes/meubles_et_décoration/table_jardin--à_vendre,No,Not tagged
www.avito.ma/fr/maroc/Mercedes cla --à_vendre,No,Not tagged
www.avito.ma/auto/neuf/ferrari/360/,No,Not tagged
www.avito.ma/fr/meknès/appartements-à_vendre,No,Not tagged
www.avito.ma/ar/المغرب/صحون__قديمة--للبيع,No,Not tagged
www.avito.ma/fr/salé/voitures_d_occasion-à_vendre,No,Not tagged
www.avito.ma/fr/béni_mellal/i10--à_vendre,No,Not tagged
www.avito.ma/adminapp/stores/5048/details,No,Not tagged
www.avito.ma/fr/kénitra/art_et_collections/Pierre_météorites_lunaire__52662079.htm,No,Not tagged
www.avito.ma/fr/temara/terrains_et_fermes/wifaq--à_vendre,No,Not tagged
www.avito.ma/fr/mers_sultan/pièces_et_accessoires_pour_véhicules/FILM_TEINTÉ_3M_51753825.htm,No,Not tagged
www.avito.ma/ar/المغرب/mercedes_a100--للبيع,No,Not tagged
www.avito.ma/adminapp/stores/6508/details,No,Not tagged
www.avito.ma/fr/tétouan/voitures_d_occasion-à_vendre,No,Not tagged
www.avito.ma/adminapp/stores/6506/details,No,Not tagged
www.avito.ma/fr/maroc/opel_corsa2007--à_vendre,No,Not tagged
www.avito.ma/adminapp/stores/6069/details,No,Not tagged
www.avito.ma/fr/casablanca/meubles_et_décoration/meuble_chambre__51451670.htm,No,Not tagged
www.avito.ma/adminapp/stores/6120/details,No,Not tagged
www.avito.ma/adminapp/stores/6495/details,No,Not tagged
www.avito.ma/adminapp/stores/1268/details,No,Not tagged
www.avito.ma/adminapp/stores/4259/details,No,Not tagged
www.avito.ma/fr/maroc/appartements/appartements_bouznika,No,Not tagged
www.avito.ma/fr/béni_mellal/appartements/appartement_neuf,No,Not tagged
www.avito.ma/fr/maroc/halteres_matrix--à_vendre,No,Not tagged
www.avito.ma/auto/neuf/ssangyong/,No,Not tagged
www.avito.ma/auto/neuf/fiat/fiorino/,No,Not tagged
www.avito.ma/fr/maroc/écho_bébé,No,Not tagged
www.avito.ma/ar/فاس/حي_الأطلس/عقار,No,Not tagged
www.avito.ma/adminapp/stores/6481/details,No,Not tagged
www.avito.ma/adminapp/stores/6480/details,No,Not tagged
www.avito.ma/ar/kenitra/iphone_7,No,Not tagged
www.avito.ma/fr/kénitra/immobilier/location,No,Not tagged
www.avito.ma/ar/أكادير/سيارات_مستعملة-للبيع,No,Not tagged
www.avito.ma/adminapp/stores/6476/details,No,Not tagged
www.avito.ma/fr/maroc/makina_sabon_marque_lg_10_k--à_vendre,No,Not tagged
www.avito.ma/fr/moujahidine/voitures_d'occasion/mercedes_GLC_250D_54436961.htm,No,Not tagged
www.avito.ma/fr/meknès/voitures-à_vendre,No,Not tagged
www.avito.ma/ar/المغرب/kia_soul_2010--للبيع,No,Not tagged
www.avito.ma/ar/المحمدية/toyota_corolla_2008--للبيع,No,Not tagged
www.avito.ma/fr/maroc/chevrolet_ssl--à_vendre,No,Not tagged
www.avito.ma/fr/maroc/tracer_gt9--à_vendre,No,Not tagged
www.avito.ma/fr/maroc/locations_de_vacances/palmeraie--location_de_vacances,No,Not tagged
www.avito.ma/fr/tanger/voitures/bmw_120d--à_vendre,No,Not tagged
www.avito.ma/fr/casablanca/maisons/jardin--à_louer,No,Not tagged
www.avito.ma/fr/rabat/el_youssoufia/maisons_et_villas-à_vendre,No,Not tagged
www.avito.ma/fr/maroc/ordinateurs_portables/honda_sh--à_vendre,No,Not tagged
www.avito.ma/fr/tanger/maisons_et_villas-à_louer,No,Not tagged
www.avito.ma/ar/المغرب/اكسسواراتـالكمبيوترـوـالأجهزة/free_style_libre_link--للبيع,No,Not tagged
www.avito.ma/fr/maroc/maisons_et_villas/villa_oulfa,No,Not tagged
www.avito.ma/fr/maroc/imprimante_a5--à_vendre,No,Not tagged
www.avito.ma/fr/meknès/meubles_et_décoration-à_vendre,No,Not tagged
www.avito.ma/fr/aïn_sebaâ/voitures_d'occasion/Iveco_Daily_Diesel_Manuelle_2020_à_Casablanca_54463061.htm,No,Not tagged
www.avito.ma/fr/ad/edit/74050654/3,No,Not tagged
www.avito.ma/ar/فاس/سهريج_كناوة/دراجات_نارية-للبيع,No,Not tagged
www.avito.ma/fr/casablanca/la_gironde/locations_immobilieres/studio_vide--à_louer,No,Not tagged
www.avito.ma/fr/meknès/hamria/appartements-à_vendre,No,Not tagged
www.avito.ma/fr/sale/colocation--à_vendre,No,Not tagged
www.avito.ma/fr/maroc/demandes_de_emploi-demandes,No,Not tagged
www.avito.ma/adminapp/stores/5619/details,No,Not tagged
www.avito.ma/fr/californie/voitures_d'occasion/Audi_Q5_Diesel_Automatique_2018_DED_2021_51393640.htm,No,Not tagged
www.avito.ma/fr/maroc/دهممش,No,Not tagged
www.avito.ma/fr/maroc/chtouka,No,Not tagged
www.avito.ma/fr/maroc/ain_johra,No,Not tagged
www.avito.ma/adminapp/stores/6216/details,No,Not tagged
www.avito.ma/fr/hay_riad/meubles_et_décoration/Tableau_Acrylique_sur_Carton_54679496.htm,No,Not tagged
www.avito.ma/fr/autre_secteur/voitures_d'occasion/Volkswagen_Caddy_Diesel_Automatique_2017_à_Meknès_54407485.htm,No,Not tagged
www.avito.ma/fr/maroc/alienware_m18--à_vendre,No,Not tagged
www.avito.ma/sp/peugeot/407,No,Not tagged
www.avito.ma/adminapp/stores/2460/details,No,Not tagged
www.avito.ma/fr/casablanca/sidi_maarouf/nassim,No,Not tagged
www.avito.ma/fr/maroc/samsung_a_33_g5--à_vendre,No,Not tagged
www.avito.ma/fr/casablanca/voitures/kia_soul--à_vendre,No,Not tagged
www.avito.ma/fr/settat/camions/MITSUBISHI_7T_BENNE__52727084.htm,No,Not tagged
www.avito.ma/fr/maroc/samsung_a_34_g5--à_vendre,No,Not tagged
www.avito.ma/auto/neuf/bmw/x2/,No,Not tagged
www.avito.ma/fr/meknès/voitures_d_occasion-à_vendre,No,Not tagged
www.avito.ma/ar/المغرب/focusrire--للبيع,No,Not tagged
www.avito.ma/fr/autre_secteur/meubles_et_décoration/chambre_a_coucher__52436687.htm,No,Not tagged
www.avito.ma/fr/maroc/toyota_gt86--à_vendre,No,Not tagged
www.avito.ma/fr/autre_secteur/terrains_et_fermes/super_Villa___ferme_sur_1_hectare_titré_bouzneka_54552637.htm,No,Not tagged
www.avito.ma/fr/maroc/pochette_redmi_not_10--à_vendre,No,Not tagged
www.avito.ma/fr/maroc/animaux/casse_transport_animaux--à_vendre,No,Not tagged
www.avito.ma/fr/tétouan/appareils_photo_et_caméras/كامرة_مراقبة_بالوايفي_من_الهاتف_بالصوت_و_الصورة_52877470.htm,No,Not tagged
www.avito.ma/ar/المغرب/سيارات/18_renault--للبيع,No,Not tagged
www.avito.ma/fr/fès/appartements/hay--à_vendre,No,Not tagged
www.avito.ma/adminapp/stores/6503/details,No,Not tagged
www.avito.ma/adminapp/stores/5853/details,No,Not tagged
www.avito.ma/fr/maroc/front_de_mer_mirleft--à_vendre,No,Not tagged
www.avito.ma/fr/maroc/et_c’est_dur_à_louer_bourgogne--à_vendre,No,Not tagged
www.avito.ma/fr/fes/terrains_et_fermes/atlas--à_vendre,No,Not tagged
www.avito.ma/adminapp/stores/1584/details,No,Not tagged
www.avito.ma/fr/maroc/villas_riad/imlil--à_vendre,No,Not tagged
www.avito.ma/ar/المغرب/blank_cd--للبيع,No,Not tagged
www.avito.ma/fr/maroc/bureau_developpement__neuf--à_vendre,No,Not tagged
www.avito.ma/fr/maroc/locations_immobilieres/mirleft--à_louer,No,Not tagged
www.avito.ma/fr/oulad_salah/terrains_et_fermes/glk--à_vendre,No,Not tagged
www.avito.ma/fr/rabat/medina_de_rabat/mouton--à_vendre,No,Not tagged
www.avito.ma/fr/fès/maisons_et_villas,No,Not tagged
www.avito.ma/fr/guich_oudaya/appartements/Appartement_78m²_en_Location__Par_Mois__à_Rabat_52098589.htm,No,Not tagged
www.avito.ma/auto/neuf/peugeot/bipper/,No,Not tagged
www.avito.ma/fr/maroc/locations_immobilieres--à_louer,No,Not tagged
www.avito.ma/fr/maroc/a200d_2020--à_vendre,No,Not tagged
www.avito.ma/fr/agadir/ارض--à_vendre,No,Not tagged
www.avito.ma/adminapp/stores/5384/details,No,Not tagged
www.avito.ma/auto/neuf/bmw/serie-3/,No,Not tagged
www.avito.ma/fr/maroc/huwaei_nova9--à_vendre,No,Not tagged
www.avito.ma/adminapp/stores/6458/details,No,Not tagged
www.avito.ma/fr/rabat/maisons_et_villas/maison_traditionnelle_rabat_océan--à_vendre,No,Not tagged
www.avito.ma/fr/maroc/triporteur_tellaja--à_vendre,No,Not tagged
www.avito.ma/fr/el_jadida/bureaux_et_plateaux,No,Not tagged
www.avito.ma/auto/neuf/dacia/duster/,No,Not tagged
www.avito.ma/fr/maroc/c50_lbi3_salè--à_vendre,No,Not tagged
www.avito.ma/ar/الرباط/حي_آخر/دكاكين_محلات_تجارية-ﺕﺄﺠﻳﺭ,No,Not tagged
www.avito.ma/fr/salé/téléphones/google_pixel--à_vendre,No,Not tagged
www.avito.ma/fr/meknès/pour_la_maision_et_jardin-à_vendre,No,Not tagged
www.avito.ma/fr/maroc/appartements/loudaya--à_louer,No,Not tagged
www.avito.ma/fr/casablanca/ordinateurs_portables/pc_dell_latitude_i7_8th_16go_ram_ddr4_ecran_tactile--à_vendre,No,Not tagged
www.avito.ma/fr/maroc/ordinateurs_bureau/sbata--à_vendre,No,Not tagged
www.avito.ma/fr/maroc/206_casablanca_essence--à_vendre,No,Not tagged
www.avito.ma/fr/tétouan/appartement--à_vendre,No,Not tagged
www.avito.ma/ar/الدار_البيضاء/ليساسفة/دكاكين_محلات_تجارية,No,Not tagged
www.avito.ma/fr/maroc/commercial/tifelt,No,Not tagged
www.avito.ma/auto/neuf/volkswagen/polo/,No,Not tagged
www.avito.ma/auto/neuf/citroen/c-elysee/,No,Not tagged
www.avito.ma/adminapp/stores/2363/details,No,Not tagged
www.avito.ma/vi/54769988.htm,No,Not tagged
www.avito.ma/index.htm,No,Not tagged
www.avito.ma/fr/fes/terrains_et_fermes/industriel--à_vendre,No,Not tagged
www.avito.ma/fr/maroc/appartement_a_louer_a_ain_harrouda--à_vendre,No,Not tagged
www.avito.ma/ar/سلا/عقارات_للكراء--ﺕﺄﺠﻳﺭ,No,Not tagged
www.avito.ma/adminapp/stores/3622/details,No,Not tagged
www.avito.ma/fr/oujda/7_places,No,Not tagged
www.avito.ma/fr/maroc/xsara_1997--à_vendre,No,Not tagged
www.avito.ma/adminapp/stores/6498/details,No,Not tagged
www.avito.ma/fr/maroc/cla_200_amg_line--à_vendre,No,Not tagged
www.avito.ma/adminapp/stores/5897/details,No,Not tagged
www.avito.ma/fr/maroc/pièces_et_accessoires_véhicules/seat_xeon_mk2--à_vendre,No,Not tagged
www.avito.ma/adminapp/stores/5731/details,No,Not tagged
www.avito.ma/fr/centre_ville/appartements/Appartement_à_vendre_122_m²_à_Tanger_54447023.htm,No,Not tagged
www.avito.ma/fr/maroc/moto_x_max_mini--à_vendre,No,Not tagged
www.avito.ma/fr/maroc/classe_b_180_2010--à_vendre,No,Not tagged
www.avito.ma/fr/maroc/téléphones/iphone_7_plus_iphone_7_plus_iphone_7_plus_iphone_7_plus--à_vendre,No,Not tagged
www.avito.ma/fr/maroc/voitures/rond_9_dariba--à_vendre,No,Not tagged
www.avito.ma/fr/médina_de_rabat/ordinateurs_portables/MACBOOK_PRO_2022_13_POUCES_M2_512Go_8Go_Silver_53830864.htm,No,Not tagged
www.avito.ma/ar/المغرب/دراجات/riverside_700--للبيع,No,Not tagged
www.avito.ma/fr/tamensourt/maisons_et_villas-à_vendre,No,Not tagged
www.avito.ma/fr/agadir/animaux_de_ferme/serdi--à_vendre,No,Not tagged
www.avito.ma/fr/maroc/motos/deroua--à_vendre,No,Not tagged
www.avito.ma/fr/tétouan/magasins_et_commerces-à_louer,No,Not tagged
www.avito.ma/fr/maroc/maisons_et_villas-à_louer,No,Not tagged
www.avito.ma/fr/maroc/بلييوز--à_vendre,No,Not tagged
www.avito.ma/ar/المغرب/سيارات/حي_ستروين--للبيع,No,Not tagged
www.avito.ma/fr/casablanca/terrains_fermes_et_equipement_professionels,No,Not tagged
www.avito.ma/adminapp/stores/6336/details,No,Not tagged
www.avito.ma/fr/marrakech/matériels_professionnels/réfrigérateur_comptoir_49376494.htm,No,Not tagged
www.avito.ma/adminapp/stores/4033/details,No,Not tagged
www.avito.ma/fr/agadir/seat_ibiza,No,Not tagged
www.avito.ma/fr/agadir/c4_citroen,No,Not tagged
www.avito.ma/adminapp/stores/6309/details,No,Not tagged
www.avito.ma/fr/fès/narjis/appartements,No,Not tagged
www.avito.ma/fr/maroc/voitures/voiture_audi_206--à_vendre,No,Not tagged
www.avito.ma/ar/أولماس/عقار/أراضي_فلاحية,No,Not tagged
www.avito.ma/fr/maroc/couche_chat--à_vendre,No,Not tagged
www.avito.ma/fr/salé/appartement_à_vendre--à_vendre,No,Not tagged
www.avito.ma/fr/maroc/avantone--à_vendre,No,Not tagged
www.avito.ma/ar/وسط_المدينة/منازل_للعطلة/chic_appartement_55082947.htm,No,Not tagged
www.avito.ma/fr/rabat/electorménager_et_vaisselle/electroménager_et_vaisselles--à_vendre,No,Not tagged
www.avito.ma/fr/benslimane/maisons_et_villas-à_vendre,No,Not tagged
www.avito.ma/fr/maroc/honda_nm4--à_vendre,No,Not tagged
www.avito.ma/sp/fiat/doblo,No,Not tagged
www.avito.ma/fr/maroc/port_clé_sac--à_vendre,No,Not tagged
www.avito.ma/fr/maroc/accessoires_informatique_et_gadgets/clavier_souris_gaming_blanc--à_vendre,No,Not tagged
www.avito.ma/fr/marrakech/motos/motos--à_vendre,No,Not tagged
www.avito.ma/fr/maroc/pièces_et_accessoires_véhicules/compteur_stunt_original--à_vendre,No,Not tagged
www.avito.ma/auto/neuf/renault/symbol/,No,Not tagged
www.avito.ma/fr/mohammedia/maisons_et_villas-à_vendre,No,Not tagged
www.avito.ma/fr/sidi_rahal/appartements/Appartement_à_vendre_87_m²_à_Sidi_Rahal_54954971.htm,No,Not tagged
www.avito.ma/adminapp/stores/2434/details,No,Not tagged
www.avito.ma/fr/agadir/al_wifaq/maisons_et_villas-à_vendre,No,Not tagged
www.avito.ma/ar/المغرب/سيارات_مستعملة--للبيع,No,Not tagged
www.avito.ma/fr/khemisset/khülbox--à_vendre,No,Not tagged
www.avito.ma/fr/tanger/vetements/مخاور_إماراتية_أصلية__50790496.htm,No,Not tagged
www.avito.ma/fr/al_batha/matériels_professionnels/GENERATEUR_D_EAU__53403300.htm,No,Not tagged
www.avito.ma/ar/مراكش/أسول/دارـأ-للبيع,No,Not tagged
www.avito.ma/ar/المغرب/renault_megane_1_1998--للبيع,No,Not tagged
www.avito.ma/fr/maroc/ktr,No,Not tagged
www.avito.ma/fr/maroc/chaussures/nike_serie--à_vendre,No,Not tagged
www.avito.ma/adminapp/stores/3768/details,No,Not tagged
www.avito.ma/fr/ad/edit/70619363/2,No,Not tagged
www.avito.ma/adminapp/stores/4431/details,No,Not tagged
www.avito.ma/fr/maroc/terrains_et_fermes/avocatiers--à_vendre,No,Not tagged
www.avito.ma/adminapp/stores/6322/details,No,Not tagged
www.avito.ma/fr/béni_mellal/ventes_immobilieres-à_vendre,No,Not tagged
www.avito.ma/fr/mohammedia/mohammedia/voitures_d_occasion-à_vendre,No,Not tagged
www.avito.ma/adminapp/stores/6409/details,No,Not tagged
www.avito.ma/sp/bmw/serie-5,No,Not tagged
www.avito.ma/auto/neuf/jeep/,No,Not tagged
www2.avito.ma/ar/الأمل/اكسسواراتـالكمبيوترـوـالأجهزة/SERVEUR_DELL_Poweredge_VRTX_25SFF_53450164.htm,No,Not tagged
www2.avito.ma/ar/المعاريف/تأجير_السيارات/Location_de_voitures_Peugeot_3008_53693734.htm,No,Not tagged
www2.avito.ma/ar/المغرب/تجهيزاتـللأطفالـوـالرضع-للبيع,No,Not tagged
www2.avito.ma/ar/بلفدير/سيارات/Audi_SQ5_TDi_53499110.htm,No,Not tagged
www2.avito.ma/ar/بن_كرير/معدات_مهنية/الات_البيطون_الطيارة_53889630.htm,No,Not tagged
www2.avito.ma/ar/كليز/دراجات_نارية/Moto_sym_orbti__54001477.htm,No,Not tagged
www2.avito.ma/ar/مكناس/كمبيوترـمحمول/Mini_Pc_Toshiba__53133542.htm,No,Not tagged
www2.avito.ma/ar/ورزازات‎/كراء_للعطل/résidence_errayhane_54284648.htm,No,Not tagged
www2.avito.ma/fr/allyene/maisons_et_villas/Magnifique_Maison_de_Campagne_avec_Piscine__ferme__54219318.htm,No,Not tagged
www2.avito.ma/fr/beni_makada_lakdima/colocations/Appartement_colocation_50_m²_à_Tanger_54462240.htm,No,Not tagged
www2.avito.ma/fr/bir_jdid/appartements/appartement_a_vendre__53486857.htm,No,Not tagged
www2.avito.ma/fr/casablanca/montres_et_bijoux/Bague_Cartier_en_Acier_Inoxydable_dispo_52850929.htm,No,Not tagged
www2.avito.ma/fr/mabrouka/magasins_et_commerces/snack_vide_a_najd_gérance_libre_47260246.htm,No,Not tagged
www2.avito.ma/fr/marchane/electorménager_et_vaisselle/Réfrigérateur_congélateur_LG_multi_airflow__54091357.htm,No,Not tagged
www2.avito.ma/fr/marjane_2/locations_de_vacances/Appartement_en_Location_de_vacances_Meknes_46550585.htm,No,Not tagged
www2.avito.ma/fr/marjane_2/motos/moto_54185871.htm,No,Not tagged
www2.avito.ma/fr/mohammedia/electorménager_et_vaisselle/تلاجة_no_frost_lg_50233028.htm,No,Not tagged
www2.avito.ma/fr/riad_salam/voitures/Mercedes_Benz_Classe_CLA_Diesel_Automatique_2023_53436172.htm,No,Not tagged
www2.avito.ma/fr/salé/offres_de_emploi/وظيفة_ويترس_بالإمارات_العربية__44543252.htm,No,Not tagged
www2.avito.ma/fr/sidi_rahal_chatai/locations_de_vacances/Villa_à_sidi_Rahal_à_34_km_de_casablanca__45786690.htm,No,Not tagged
www2.avito.ma/fr/temara/jeux_vidéo_et_consoles/tt_accessoires_gaming__52850875.htm,No,Not tagged
www2.avito.ma/ar/أساكا/دراجات_نارية/fice_sanya_R50_53926700.htm,No,Not tagged
www2.avito.ma/ar/أسول/femme_de_menage_nounou_chauffeurs/EMPLOYES_POLYVALENT_46331705.htm,No,Not tagged
www2.avito.ma/ar/أفاق/آلاتـالبناء/Case_model_96_53745810.htm,No,Not tagged
www2.avito.ma/ar/أنفا/تلفونيات/iPhone_6s_53580114.htm,No,Not tagged
www2.avito.ma/ar/المغرب/مخزوناتـوـبيعـبالجملة-للبيع,No,Not tagged
www2.avito.ma/fr/bourgogne/motos/Vespa_pk_50_53824353.htm,No,Not tagged
www2.avito.ma/fr/gueliz/motos/xadv_honda__54334420.htm,No,Not tagged
www2.avito.ma/fr/ifrane/téléphones/Samsung_a72__48652954.htm,No,Not tagged
www2.avito.ma/fr/maroc/equipements_pour_enfant-à_vendre,No,Not tagged
www2.avito.ma/fr/meknès/télévisions/tcl_smart_40_50305568.htm,No,Not tagged
www2.avito.ma/fr/roches_noires/vélos/2_vélos_pour_enfant_6_et_9_ans__file_et_garçon__50487178.htm,No,Not tagged
www2.avito.ma/fr/tétouan/magasins_et_commerces-à_vendre,No,Not tagged
www2.avito.ma/fr/tétouan/téléphones-à_vendre,No,Not tagged
www2.avito.ma/fr/tétouan/vetements-à_vendre,No,Not tagged
www2.avito.ma/fr/wilaya/tablettes/Tablette_Windows_surface_pro_7_51389489.htm,No,Not tagged
www2.avito.ma/ai/,No,Not tagged
www2.avito.ma/ar/اشقار/كمبيوترـمحمول/Hp_ProBook_g9_450__53561778.htm,No,Not tagged
www2.avito.ma/ar/بن_كرير/للبيع,No,Not tagged
www2.avito.ma/ar/بوسكورة/سيارات/Volvo_xc90_53187715.htm,No,Not tagged
www2.avito.ma/ar/حي_شماعو/سيارات/Ford_focus_avendre_53539598.htm,No,Not tagged
www2.avito.ma/ar/طريق_فاس/عقار_آخر/Maison_D_hôte__Riad_Opérationnel_à_Vendre_46114043.htm,No,Not tagged
www2.avito.ma/ar/مراكش/تجارةـوـأعمالـتجارية/réparation_climatiseur__51495399.htm,No,Not tagged
www2.avito.ma/fr/abattoirs/ordinateurs_portables/PC_ASUS_GAMER_TUF_DASH_F15_FX506LH_HN004T_i5_54459642.htm,No,Not tagged
www2.avito.ma/fr/anahda/stocks_et_vente_en_gros/Toutes_les_chaises_sur_mobilier_pro__49671947.htm,No,Not tagged
www2.avito.ma/fr/anfa/chaussures/NIKE_ZOOM_KD_11__50059565.htm,No,Not tagged
www2.avito.ma/fr/annakhil/matériels_professionnels/Editions_Collector_de_vos_meilleurs_Jeux_53266649.htm,No,Not tagged
www2.avito.ma/fr/azrou/terrains_et_fermes/Ferme_Agricole_A_vendre__53703874.htm,No,Not tagged
www2.avito.ma/fr/bled/stocks_et_vente_en_gros/Agencer_votre_magasin_au_Maroc__46359476.htm,No,Not tagged
www2.avito.ma/fr/bouaakkaz/electorménager_et_vaisselle/Robot_cuiseur__54068965.htm,No,Not tagged
www2.avito.ma/fr/dakhla/matériels_professionnels/RAYONNAGE_MI_LOURD_52717019.htm,No,Not tagged
www2.avito.ma/fr/guelmim/télévisions/Telev_samsung_32_pouce_49871293.htm,No,Not tagged
www2.avito.ma/fr/hay_essaada/colocations/غرفة_كبيرة_وسط_شقة_لشخصين__بنات__54484443.htm,No,Not tagged
www2.avito.ma/fr/ksar_el-kebir/meubles_et_décoration/طبسيل_طوس_من_حجم_كبير_قليل_جدا__53712460.htm,No,Not tagged
www2.avito.ma/fr/la_ville_haute/matériels_professionnels/Rayonnage_magasin_importé_49899698.htm,No,Not tagged
www2.avito.ma/fr/maroc/sports_et_loisirs-à_vendre,No,Not tagged
www2.avito.ma/fr/oujda/travaux_maison/climatisation__52955241.htm,No,Not tagged
www2.avito.ma/fr/rabat/femme_de_menage_nounou_chauffeurs/zagora_service_femme_ménage_loge_au_pas_51800339.htm,No,Not tagged
www2.avito.ma/fr/rabat/voitures/Skoda_Octavia_Diesel_Automatique_2019_à_Rabat_52334186.htm,No,Not tagged
www2.avito.ma/fr/safir/télévisions/STARSAT_SR_200_4K_NEUF_V__I__P__54036863.htm,No,Not tagged
www2.avito.ma/ar/المغرب/car,No,Not tagged
www2.avito.ma/ar/تمارة/اكسسواراتـالكمبيوترـوـالأجهزة/menette_xbox_360_53113726.htm,No,Not tagged
www2.avito.ma/ar/حي_مولاي_رشيد/كمبيوترـمحمول/Ordinateurs_portables_à_Casablanca_53579247.htm,No,Not tagged
www2.avito.ma/ar/سانية_الرمل/كمبيوترـمحمول/PC_compaq_laptop__53638398.htm,No,Not tagged
www2.avito.ma/ar/فنيدق/كمبيوترـمحمول/Ordinateurs_portables_à_Fnideq_53175635.htm,No,Not tagged
www2.avito.ma/fr/abouab_sala/electorménager_et_vaisselle/MACHINE_DE_LA_CUISINE_MULTIPRATIQUE_54097139.htm,No,Not tagged
www2.avito.ma/fr/ain_chock/meubles_et_décoration/Le_lit_Deux_place_en_stook__51507809.htm,No,Not tagged
www2.avito.ma/fr/al_azhar/services/IPTV_GOLD_STABLE__53817500.htm,No,Not tagged
www2.avito.ma/fr/al_irfane/accessoires_informatique_et_gadgets/HUAWEI_WATCH_GT2s_54048913.htm,No,Not tagged
www2.avito.ma/fr/al_maghrib_al_arabi/motos/MOTO_KTM_1290__53135767.htm,No,Not tagged
www2.avito.ma/fr/azrou/electorménager_et_vaisselle/Réfrigérateur_whirlpool_ثلاجة_نقية_54069008.htm,No,Not tagged
www2.avito.ma/fr/béni_mellal/stocks_et_vente_en_gros/rayonnage_magasin___Gondole_ref___7_46175989.htm,No,Not tagged
www2.avito.ma/fr/el_ensanche/animaux/bichon_gio_54154622.htm,No,Not tagged
www2.avito.ma/fr/fès/instruments_de_musique/synthétiseur_kawai_50430979.htm,No,Not tagged
www2.avito.ma/fr/kénitra/pièces_et_accessoires_véhicules/Citroën_C3_52833640.htm,No,Not tagged
www2.avito.ma/fr/larache/motos/Xadv_Honda_54458175.htm,No,Not tagged
www2.avito.ma/fr/marjane_2/voyage_et_billetterie/billet_raja_ahli__52811184.htm,No,Not tagged
www2.avito.ma/fr/medina_de_rabat/appareils_photo_cameras/Sigma_100_400mm_F5__Monture_Nikon_etat_neuf_40574304.htm,No,Not tagged
www2.avito.ma/fr/midelt/véhicules_autres/Mercedes_Benz_207d__52310939.htm,No,Not tagged
www2.avito.ma/fr/oasis/ordinateurs_bureau/PC_gamer_RTX_3060_12_Go_50122976.htm,No,Not tagged
www2.avito.ma/fr/rabat/téléphones/infinix_hot_9_play_52856267.htm,No,Not tagged
www2.avito.ma/fr/route_ain_chkaf/motos/Superbe_Moto_QINGQI_47467554.htm,No,Not tagged
www2.avito.ma/fr/route_de_ouarzazate/locations_de_vacances/Palais_a_louer_a_Marrakech__54393419.htm,No,Not tagged
www2.avito.ma/fr/saniat_rmal/jeux_vidéo_et_consoles/playstation_4_53023727.htm,No,Not tagged
www2.avito.ma/fr/taboula/motos/Polaris_Outlaw_70_EFI_Quad_54209471.htm,No,Not tagged
www2.avito.ma/fr/tanger/femme_de_menage_nounou_chauffeurs/femme_de_ménage__53056356.htm,No,Not tagged
www2.avito.ma/fr/tétouan/sports_et_loisirs/velo_53215575.htm,No,Not tagged
www2.avito.ma/fr/wifak/voitures/BMW_Série_7_Essence_ful_option_54464117.htm,No,Not tagged
www2.avito.ma/fr/wilaya/bateaux/Jet_ski_YAMAHA_VX_2019_54120083.htm,No,Not tagged
www2.avito.ma/fr/yacoub_el_mansour/télévisions/Télécommande_officielle_Samsung_Originale_Smart_TV_54052219.htm,No,Not tagged
www2.avito.ma/ar/أنوال_سوس/femme_de_menage_nounou_chauffeurs/Cuisinière__53756719.htm,No,Not tagged
www2.avito.ma/ar/إنارة/ملابسـللأطفالـوـالرٌدع/ملابس_الاطفال__53622046.htm,No,Not tagged
www2.avito.ma/ar/الجديدة/دراجات/داجات_فرنسية_نقية_50404732.htm,No,Not tagged
www2.avito.ma/ar/العبادي/كمبيوترـمحمول/HP_ELITEBOOK_360_TACTILE_I5_7_8GB_256GB_SSD_49826561.htm,No,Not tagged
www2.avito.ma/ar/القصر_الكبير/كمبيوترـمحمول/Ordinateurs_portables_à_Ksar_el_Kebir_53505651.htm,No,Not tagged
www2.avito.ma/ar/المغرب/تلفزيون-للبيع,No,Not tagged
www2.avito.ma/ar/حي_شماعو/ملابسـللأطفالـوـالرٌدع/Lit_bébé_fille__53663909.htm,No,Not tagged
www2.avito.ma/ar/سيدي_معروف/تجهيزاتـللأطفالـوـالرضع/Tire_lait_Phillips_Avent_neuf_54014417.htm,No,Not tagged
www2.avito.ma/ar/طويلعة/دكاكين_محلات_تجارية/Magasin_commercial_à_vendre_130_m_Il_a_2_portes___47413847.htm,No,Not tagged
www2.avito.ma/ar/ورزازات‎/ﻒﻧ_ﻮﺘﺤﻓ-للبيع,No,Not tagged
www2.avito.ma/fr/2_mars/accessoires_informatique_et_gadgets/Chaise_Gamer_47987105.htm,No,Not tagged
www2.avito.ma/fr/2_mars/pièces_et_accessoires_véhicules/FILM_TEINTE__HABILAGE__ECLAIRAGE_LED__52559647.htm,No,Not tagged
www2.avito.ma/fr/agadir_melloul/bureaux_et_plateaux/bureau__a_loué_avocat_médecin_notaire__51503944.htm,No,Not tagged
www2.avito.ma/fr/aida/appartements/Appartement_à_vendre_85_m²_à_Tanger_village_aida_54166943.htm,No,Not tagged
www2.avito.ma/fr/ain_chock/electorménager_et_vaisselle/Four_électrique__54068974.htm,No,Not tagged
www2.avito.ma/fr/ben_msick/animaux/Chaw_tchaw__49876425.htm,No,Not tagged
www2.avito.ma/fr/bourgogne/jeux_vidéo_et_consoles/PC_Gamer_Ultra_14th_54427790.htm,No,Not tagged
www2.avito.ma/fr/bouskoura/electorménager_et_vaisselle/Climatiseur_mural_carrière__52160251.htm,No,Not tagged
www2.avito.ma/fr/béni_mellal/motos/yahama__53013311.htm,No,Not tagged
www2.avito.ma/fr/ifrane/meubles_et_décoration-à_vendre,No,Not tagged
www2.avito.ma/fr/les_jardins_difrane/meubles_et_décoration/Tableau_NZi_17_54291247.htm,No,Not tagged
www2.avito.ma/fr/maarif/appareils_photo_cameras/Nikon_D3200_18_55mm_video_Magasin_Midox_SHOP_46897216.htm,No,Not tagged
www2.avito.ma/fr/maroc/femme_de_menage_nounou_chauffeurs-à_vendre,No,Not tagged
www2.avito.ma/fr/marrakech/motos/Yamaha_4_50364146.htm,No,Not tagged
www2.avito.ma/fr/rabat/vetements_pour_enfant/Polo_shirts_5_8_âges_et__gilettes_52919365.htm,No,Not tagged
www2.avito.ma/fr/tanger/camions/Toyota_Hilux_1ere_main_53138761.htm,No,Not tagged
www2.avito.ma/fr/temara/metiers_it/Pc_portable_zbook_très_bon_état__52713507.htm,No,Not tagged
www2.avito.ma/fr/tétouan/meubles_et_décoration-à_vendre,No,Not tagged
www2.avito.ma/fr/wilaya/camions/Yuejin_45013602.htm,No,Not tagged
www2.avito.ma/fr/zitoune/chaussures/Chaussure_Botte__Tendance_Hiver___54104521.htm,No,Not tagged
www2.avito.ma/ar/الدار_البيضاء/كمبيوترـمحمول/vente_un_pc_Hp_élite_book_53143329.htm,No,Not tagged
www2.avito.ma/ar/المغرب/car--للبيع,No,Not tagged
www2.avito.ma/ar/بن_كرير/سيارات/Palio_essence_2002_53900774.htm,No,Not tagged
www2.avito.ma/ar/بن_كرير/طلب_عمل/رياض__52320843.htm,No,Not tagged
www2.avito.ma/ar/حي_شماعو/اكسسواراتـالكمبيوترـوـالأجهزة/Kingston_SSD_480_GO_53589519.htm,No,Not tagged
www2.avito.ma/ar/عين_الشق/دراجات_نارية/Moto_à_Casablanca_cappuccino_S_53492948.htm,No,Not tagged
www2.avito.ma/ar/فاس/تجارةـوـأعمالـتجارية/Local_Grande_École_Supérieure_Fès__46937317.htm,No,Not tagged
www2.avito.ma/ar/كليز/تأجير_السيارات/Location_de_voiture_50201734.htm,No,Not tagged
www2.avito.ma/ar/ورزازات‎/آلاتـالبناء-للبيع,No,Not tagged
www2.avito.ma/fr/al_fida/autres/casier_rangement_metal____49528788.htm,No,Not tagged
www2.avito.ma/fr/al_hociema/pièces_et_accessoires_véhicules/Batterie_auto_fire_bird_12V_70_Ah_640_A__EN__54395020.htm,No,Not tagged
www2.avito.ma/fr/al_wifaq/matériels_professionnels/Rayonnage_semi_lourd_d_intégration_45254815.htm,No,Not tagged
www2.avito.ma/fr/bele_vue/ordinateurs_bureau/STATION_DE_TRAVAIL_HP_Z4_G4__54410673.htm,No,Not tagged
www2.avito.ma/fr/bele_vue/voitures/peugeot_508_boit_auto_M2012_D2015_54327520.htm,No,Not tagged
www2.avito.ma/fr/bir_tam_tam/engins_agricole/tracteur_sam_54414990.htm,No,Not tagged
www2.avito.ma/fr/errachidia/engins_agricole/ENGIN_NIVELEUSE_CATTERPILLAR_12_G__54412937.htm,No,Not tagged
www2.avito.ma/fr/ezzohor/electorménager_et_vaisselle/قطارة_الاواني_حجم_كبير_54097046.htm,No,Not tagged
www2.avito.ma/fr/harhoura/chaussures/ARABLANCO_CHAUSSURES_CLASSIQUE__54105127.htm,No,Not tagged
www2.avito.ma/fr/hassan/vetements_pour_enfant/Ensemble_équitation_Décathlon_pour_enfant__50338322.htm,No,Not tagged
www2.avito.ma/fr/hay_izdihar/télévisions/smart_tv_Samsung__54092171.htm,No,Not tagged
www2.avito.ma/fr/laâyoune/téléphones/هاتف_مستعمل_وفي_حالة_جيدة_50056619.htm,No,Not tagged
www2.avito.ma/fr/les_oudayas/centre_appels/web_site_vitrine_e_commerce_49394252.htm,No,Not tagged
www2.avito.ma/fr/maroc/chaussures-à_vendre,No,Not tagged
www2.avito.ma/fr/maroc/electorménager_et_vaisselle-à_vendre,No,Not tagged
www2.avito.ma/fr/ouarzazate/engins_btp/Machines_btp_49785768.htm,No,Not tagged
www2.avito.ma/fr/saniat_rmal/sports_et_loisirs/Xiaomi_s1_54165341.htm,No,Not tagged
www2.avito.ma/fr/tamouda/terrains_et_fermes/Lots_273_274_54118162.htm,No,Not tagged
www2.avito.ma/fr/tétouan/travaux_maison/ديكورات_الجبس_والصباغة__53094292.htm,No,Not tagged
www2.avito.ma/fr/tétouan/vetements/_ملابس_الاطفال_52809044.htm,No,Not tagged
www2.avito.ma/ar/العصام/مخزوناتـوـبيعـبالجملة/Rack_de_magasin__47330617.htm,No,Not tagged
www2.avito.ma/ar/الكدية/دكاكين_محلات_تجارية/magasin_à_céder__47403954.htm,No,Not tagged
www2.avito.ma/ar/المعاريف/آلةـتصويرـوـكامرا/Sony_A6300___FE_50mm_f_1_8_53731839.htm,No,Not tagged
www2.avito.ma/ar/تحناوت/سفرـوـتذاكر/Une_détente_méritée_proche_de_Marrakech__50463047.htm,No,Not tagged
www2.avito.ma/ar/سيدي_بنور/دراجات/Vente_vélo_50403821.htm,No,Not tagged
www2.avito.ma/ar/فاس/دراجات/دراجة_للبيع_50404157.htm,No,Not tagged
www2.avito.ma/ar/ورزازات‎/تشغيل,No,Not tagged
www2.avito.ma/fr/ain_borja/centre_appels/Centre_d_appel_54081354.htm,No,Not tagged
www2.avito.ma/fr/ain_taoujdate/motos/motor_54209581.htm,No,Not tagged
www2.avito.ma/fr/al_hociema/camions/mercedes_50364508.htm,No,Not tagged
www2.avito.ma/fr/al_hociema/engins_agricole/275_ba9i_na9i_mazyan_54405299.htm,No,Not tagged
www2.avito.ma/fr/annakhil/jeux_vidéo_et_consoles/Ps5_Standard_Fc24_avec_un_jeu_54052930.htm,No,Not tagged
www2.avito.ma/fr/berrechid/vetements_pour_enfant/vêtements_marque_espagne_53217828.htm,No,Not tagged
www2.avito.ma/fr/bir_jdid/maisons_et_villas/Maisons_et_Villas_à_vendre_à_Bir_Jdid_53365153.htm,No,Not tagged
www2.avito.ma/fr/bourgogne/voitures/Lexus_LX_Essence_Automatique_2010_à_Casablanca_45242514.htm,No,Not tagged
www2.avito.ma/fr/béni_mellal/locations_de_vacances/شقة_مجهزة_أنا_أول__53321196.htm,No,Not tagged
www2.avito.ma/fr/dakhla/colocations/شقق_مفروشة_بالداخلة_54429736.htm,No,Not tagged
www2.avito.ma/fr/el_beddouza/terrains_et_fermes/بقع_و_مزارع___للبيع_في_البدوزة_50364461.htm,No,Not tagged
www2.avito.ma/fr/hay_al_massar/centre_appels/Chargés_de_clientèle_en_réception_d_appel_52777668.htm,No,Not tagged
www2.avito.ma/fr/hay_lazaret/motos/Honda_sh125_53890543.htm,No,Not tagged
www2.avito.ma/fr/hay_mabrouka/colocations/Appartement_colocation_12_m²_à_Settat_54411213.htm,No,Not tagged
www2.avito.ma/fr/la_belle_vue/chaussures/حذاء_رجالي_مميز_للبيع_53386695.htm,No,Not tagged
www2.avito.ma/fr/les_orangers/motos/Moto_53865797.htm,No,Not tagged
www2.avito.ma/fr/maroc/dauto,No,Not tagged
www2.avito.ma/fr/rabat/motos/vente_moto__50404642.htm,No,Not tagged
www2.avito.ma/fr/safir/equipements_pour_enfant/سرير_أطفال_54257796.htm,No,Not tagged
www2.avito.ma/fr/sidi_maarouf/télévisions/LG_50_pouces__54089870.htm,No,Not tagged
www2.avito.ma/fr/souissi/bureaux_et_plateaux/villa_standig__usage_bureau__en_location__48289859.htm,No,Not tagged
www2.avito.ma/fr/tétouan/art_et_collections-à_vendre,No,Not tagged
www2.avito.ma/fr/tétouan/maisons_et_villas,No,Not tagged
www2.avito.ma/fr/tétouan/télévisions-à_vendre,No,Not tagged
www2.avito.ma/fr/wilaya/ordinateurs_portables/Asus_tuf_f7__53388168.htm,No,Not tagged
www2.avito.ma/fr/wilaya/téléphones/iPhone_12_53164162.htm,No,Not tagged
www2.avito.ma/ar/بن_كرير/دراجات/trottinette_50404054.htm,No,Not tagged
www2.avito.ma/ar/مويلحة/كمبيوترـمحمول/Lenovo_Legion_5_RTX_3060_130W__53499845.htm,No,Not tagged
www2.avito.ma/ar/ورزازات‎/منتجاتـالتجميل/tandouze_Phillips_ne9iya_52835206.htm,No,Not tagged
www2.avito.ma/fr/al_hociema/téléphones/SAMSUNG_S23_NEUF_256gb_53535417.htm,No,Not tagged
www2.avito.ma/fr/fès/chaussures/chaussure_50364227.htm,No,Not tagged
www.avito.ma/ar/2_مارس/الأثاث/Travaux_d_aménagement_conseil_en_décoration__53915649.htm,No,Not tagged
www.avito.ma/ar/2_مارس/سيارات_مستعملة/Fiat_Doblo_sandok_53961957.htm,No,Not tagged
www.avito.ma/ar/2_مارس/سيارات_مستعملة/Golf_8_GTD_52913490.htm,No,Not tagged
www.avito.ma/ar/أزرو/الرحمة/آخر--للبيع,No,Not tagged
www.avito.ma/ar/أيت_اسحاق/ﺍﻵﻼـﺎﻟﺯﺭﺎﻌﻳﺓ-للبيع,No,Not tagged
www.avito.ma/ar/إسيل/الديكور/Paravent_5_Volets_Eagle_Ii_De_A_Issil_55123436.htm,No,Not tagged
www.avito.ma/ar/إنزكان/كمبيوتر_محمول/Dell_Latitude_E5550_i5_5eme_8Go_128SSD_54131905.htm,No,Not tagged
www.avito.ma/ar/اسفي/cardon--للبيع,No,Not tagged
www.avito.ma/ar/اكزناية_الجنوبية/معدات_مهنية/dental--للبيع,No,Not tagged
www.avito.ma/ar/الجديدة/table_a_vendre,No,Not tagged
www.avito.ma/ar/الجديدة/ألعاب_الفيديو_وأجهزة_تشغيل_أو_كونصولات/gta_et--للبيع,No,Not tagged
www.avito.ma/ar/الدار_البيضاء/207_mercedes--للبيع,No,Not tagged
www.avito.ma/ar/الدار_البيضاء/recherche_de_à--ﺕﺮﻳﺩ_ﺵﺭﺍﺀ,No,Not tagged
www.avito.ma/ar/الدار_البيضاء/برطما_شقة/appartement_qods_bernoussi,No,Not tagged
www.avito.ma/ar/الدار_البيضاء/فن_وتحف/اناسي__52747607.htm,No,Not tagged
www.avito.ma/ar/الداوديات/كمبيوتر_منزلي/ordinateur_bureau__53172690.htm,No,Not tagged
www.avito.ma/ar/الرباط/buffet_naissance--للبيع,No,Not tagged
www.avito.ma/ar/الزاك/maryo--للبيع,No,Not tagged
www.avito.ma/ar/العرائش/درجات_نارية/moto_54437866.htm,No,Not tagged
www.avito.ma/ar/الفقيه_بن_صالح/سفرـوـتذاكر/tente--للبيع,No,Not tagged
www.avito.ma/ar/المحاميد/الأثاث/évier_de_cuisine__53759205.htm,No,Not tagged
www.avito.ma/ar/المحمدية/وسائل_النقل/mercedes_220_c--للبيع,No,Not tagged
www.avito.ma/ar/المعاريف/هواتف/IPAD_PRO_13P_3éme_Gén_avec_Magic_Keybord_Garantie_53238876.htm,No,Not tagged
www.avito.ma/ar/المغرب/achat_chien--للبيع,No,Not tagged
www.avito.ma/ar/المغرب/aventus--للبيع,No,Not tagged
www.avito.ma/ar/المغرب/huawei_v1--للبيع,No,Not tagged
www.avito.ma/ar/المغرب/megan3--للبيع,No,Not tagged
www.avito.ma/ar/المغرب/sony_fdr--للبيع,No,Not tagged
www.avito.ma/ar/المغرب/survette_pour--للبيع,No,Not tagged
www.avito.ma/ar/المغرب/villas_a_plage--للبيع,No,Not tagged
www.avito.ma/ar/المغرب/برطما_شقة/clef,No,Not tagged
www.avito.ma/ar/المغرب/ساعاتـوـمجوهرات/pour_enfants--للبيع,No,Not tagged
www.avito.ma/ar/المغرب/صوت_وصورة/offres_des--للبيع,No,Not tagged
www.avito.ma/ar/المغرب/مخزوناتـوـبيعـبالجملة/magasins_et--للبيع,No,Not tagged
www.avito.ma/ar/المغرب/وسائل_النقل/pare_choc_golf--للبيع,No,Not tagged
www.avito.ma/ar/الوسط/سيارات_مستعملة/Audi_Q3_Diesel_Automatique_2022_à_El_Jadida_53701302.htm,No,Not tagged
www.avito.ma/ar/بلاطو/درجات_نارية/Hm_crm_50cc_53386219.htm,No,Not tagged
www.avito.ma/ar/بنى_ملال/منازل_للعطلة/شقة_مجهزة_بدون_وسيط_للكراء_اليومي_للعائلة__53542191.htm,No,Not tagged
www.avito.ma/ar/تزنيت/بقع_ارضية--للبيع,No,Not tagged
www.avito.ma/ar/تطوان/زيانة/خدمات/...et...--للبيع,No,Not tagged
www.avito.ma/ar/حسان/هواتف/Iphone_4____54694532.htm,No,Not tagged
www.avito.ma/ar/حي_الأمل/محلات_للكراء/À_vendre_magasin_avec_2_rideaux__54535252.htm,No,Not tagged
www.avito.ma/ar/حي_الأندلس/كمبيوتر_محمول/Dell_Latitude_5420_Core_i7_1185G7_54587752.htm,No,Not tagged
www.avito.ma/ar/حي_الفرح/دراجات/بيكالة_ديال_طريق__54725013.htm,No,Not tagged
www.avito.ma/ar/حي_مولاي_رشيد_5/معدات_أخرى/___échelle_53201360.htm,No,Not tagged
www.avito.ma/ar/درب_سيد_الضاوي/صوت_وصورة/ماركه_ايوا_اوريجينال__54676861.htm,No,Not tagged
www.avito.ma/ar/سعادة/كمبيوتر_محمول/Hp_core_i5_8gb_ram_53702844.htm,No,Not tagged
www.avito.ma/ar/سلا/gang--للبيع,No,Not tagged
www.avito.ma/ar/سلا/passat_diesel_2l--للبيع,No,Not tagged
www.avito.ma/ar/شارع_المقاومة/مكاتب_للكراء/bureau_en_location_à_l_avenue_Mouqawama__Agadir_54652390.htm,No,Not tagged
www.avito.ma/ar/طنجة/vente_survette--للبيع,No,Not tagged
www.avito.ma/ar/عين_الشق/سيارات_مستعملة/Voitures_d_occasion_à_Casablanca_53578457.htm,No,Not tagged
www.avito.ma/ar/فاس/chargeur_original_iphone--للبيع,No,Not tagged
www.avito.ma/ar/فاس/mitsubishi_pajero--للبيع,No,Not tagged
www.avito.ma/ar/كلميم/معدات_مهنية/vitrine_des--للبيع,No,Not tagged
www.avito.ma/ar/كوتيي/شقق/Cosy_studio_Gauthier__54277350.htm,No,Not tagged
www.avito.ma/ar/مديونة/سيارات_مستعملة/pikup_l200_53725813.htm,No,Not tagged
www.avito.ma/ar/مراكش/patisserie--للبيع,No,Not tagged
www.avito.ma/ar/مرتيل/منازل_للعطلة/Bel_appart_meublé_à_5min_des_plages_Martil__55130847.htm,No,Not tagged
www.avito.ma/ar/مكناس/2_مرجان/distributeur_automatique_café--للبيع,No,Not tagged
www.avito.ma/ar/مونت_فلوري/دراجات/picala_vtc_diamond_55118841.htm,No,Not tagged
www.avito.ma/ar/واد_لاو/اكسسواراتـالكمبيوترـوـالأجهزة/photocopie--للبيع,No,Not tagged
www.avito.ma/ar/وجدة/cgi/تشغيل,No,Not tagged
www.avito.ma/ar/وسط_المدينة/الحديقة_و_أدوات_بريكولاج/Sangle_de_serrage_cliquet_4M_wolfcraft__54812944.htm,No,Not tagged
www.avito.ma/ar/ٱيت_ملول/هواتف/redmi_10_2022_54058460.htm,No,Not tagged
www.avito.ma/fr/abouab_sala/local_à_louer/محل_تجاري_للبيع_55027502.htm,No,Not tagged
www.avito.ma/fr/abouab_sala/magasins__commerces_et_locaux_industriels/محل_تجاري_للبيع_ملك_54896862.htm,No,Not tagged
www.avito.ma/fr/administratif/demandes_d'emploi/Prof_de_sport__53624996.htm,No,Not tagged
www.avito.ma/fr/agadir/al_wifaq/véhicules_autres-à_vendre,No,Not tagged
www.avito.ma/fr/agadir/camions/modele_2015--à_vendre,No,Not tagged
www.avito.ma/fr/ahfir/courses--à_vendre,No,Not tagged
www.avito.ma/fr/ain_atig/animaux_domestique/دكر_نصاصي__54849722.htm,No,Not tagged
www.avito.ma/fr/ain_mezouar/business_et_affaires_commerciales/armoire_vestiaire_2p_3p_4p_52043270.htm,No,Not tagged
www.avito.ma/fr/ain_sebaa/autre_matériel_professionel/MOTEUR_PAS_A_PAS_NEMA_34_CNC_54353703.htm,No,Not tagged
www.avito.ma/fr/al_hoceima/locations_de_vacances/شقة_مفروشة_للكراء_قريبة_من_الكورنيش_55133148.htm,No,Not tagged
www.avito.ma/fr/al_hoceima/tenues_de--à_vendre,No,Not tagged
www.avito.ma/fr/al_hoceima/toyota_virso--à_vendre,No,Not tagged
www.avito.ma/fr/al_kasaba/matériels_professionnels/ARMOIRE_CLAPET_CLASSEUR_FABRICATION_SAHRA___54647383.htm,No,Not tagged
www.avito.ma/fr/autre_secteur/matériels_professionnels/CPAP_PPC_Resmed_S10___Location___Vente___54634730.htm,No,Not tagged
www.avito.ma/fr/autre_secteur/voitures_d'occasion/Volkswagen_Golf_6__54760759.htm,No,Not tagged
www.avito.ma/fr/aïn_chock/voitures_d'occasion/Renault_clio_4_54658551.htm,No,Not tagged
www.avito.ma/fr/aïn_diab/voitures_d'occasion/a_vendre_kia_sportage_54844835.htm,No,Not tagged
www.avito.ma/fr/bir_rami_est/autre_matériel_professionel/fried_roll_ice_cream_55036490.htm,No,Not tagged
www.avito.ma/fr/casablanca/appartements/bas_de_porte,No,Not tagged
www.avito.ma/fr/casablanca/coiffeuse_en--demandes,No,Not tagged
www.avito.ma/fr/casablanca/peugeot_partner_2008--à_vendre,No,Not tagged
www.avito.ma/fr/casablanca/rayonnage_papeterie--à_vendre,No,Not tagged
www.avito.ma/fr/casablanca/sbata/chaussures/pour_fille--à_vendre,No,Not tagged
www.avito.ma/fr/casablanca/sbata/vêtements_pour_enfant_et_bébé--à_vendre,No,Not tagged
www.avito.ma/fr/casablanca/sidi_othmane/colocations/colocation_centre_ville,No,Not tagged
www.avito.ma/fr/centre/locations_de_vacances/appartement_à_louer_à_El_Jadida__53201624.htm,No,Not tagged
www.avito.ma/fr/centre_ville/appareils_photo_et_caméras/Ezviz_Caméra_de_sécurité_surveillance_à_batterie_54566459.htm,No,Not tagged
www.avito.ma/fr/el_jadida/macbook_pro_17--à_vendre,No,Not tagged
www.avito.ma/fr/el_qaria/electroménager_et_vaisselles/قطارة_للأواني_غير_قابلة_للصدأ__54248996.htm,No,Not tagged
www.avito.ma/fr/essaouira/locations_de_vacances/Appartement_n9iya_a_essouira_center_vill__54642621.htm,No,Not tagged
www.avito.ma/fr/essaouira/véhicules/benz_c_220,No,Not tagged
www.avito.ma/fr/frougui/accessoires_informatique_et_gadgets/poste_radio_53400602.htm,No,Not tagged
www.avito.ma/fr/guelmim/matériels_professionnels/makina_d--à_vendre,No,Not tagged
www.avito.ma/fr/had_soualem/voitures_d'occasion/voiture_54767628.htm,No,Not tagged
www.avito.ma/fr/hay_mohammadi/art_et_collections/خاتم_فضة_سفير_54839609.htm,No,Not tagged
www.avito.ma/fr/hay_riad/voyages_et_billetterie/Mawazin_2024_55123035.htm,No,Not tagged
www.avito.ma/fr/hay_targa/appartements/Gh_Targa_apparte_avec_parking__54874771.htm,No,Not tagged
www.avito.ma/fr/khouribga/offres_de_emploi/bon--à_vendre,No,Not tagged
www.avito.ma/fr/khouribga/terrains_et_fermes/villa--à_vendre,No,Not tagged
www.avito.ma/fr/khénifra/ordinateurs_portables/Pc_hp_omen_gaming_54702234.htm,No,Not tagged
www.avito.ma/fr/lamaachate/terrains_et_fermes/terrain_bir--à_vendre,No,Not tagged
www.avito.ma/fr/m'hamid/grand_electroménager/Climatiseur_LG_très_bon_état__55125982.htm,No,Not tagged
www.avito.ma/fr/makhoukha/smartphone_et_téléphone/iPhone__53759781.htm,No,Not tagged
www.avito.ma/fr/maroc/15_mid_2012,No,Not tagged
www.avito.ma/fr/maroc/3_à_casablanca--demandes,No,Not tagged
www.avito.ma/fr/maroc/Souk_immobilier__,No,Not tagged
www.avito.ma/fr/maroc/accessoires_informatique_et_gadgets/espace--à_vendre,No,Not tagged
www.avito.ma/fr/maroc/appareils_photo_cameras/infinix--à_vendre,No,Not tagged
www.avito.ma/fr/maroc/appartement_d--demandes,No,Not tagged
www.avito.ma/fr/maroc/bande_dessinée,No,Not tagged
www.avito.ma/fr/maroc/de_125_val--à_vendre,No,Not tagged
www.avito.ma/fr/maroc/engins_agricole/vendre_et--à_vendre,No,Not tagged
www.avito.ma/fr/maroc/entreprises/neuf_de--à_vendre,No,Not tagged
www.avito.ma/fr/maroc/filtre_pp--à_vendre,No,Not tagged
www.avito.ma/fr/maroc/galaxy_samsung_s7_mini--à_vendre,No,Not tagged
www.avito.ma/fr/maroc/gps_golf_7--à_vendre,No,Not tagged
www.avito.ma/fr/maroc/jeux_vidéo_et_consoles/mer7ba--à_vendre,No,Not tagged
www.avito.ma/fr/maroc/lit_spacieux_pour_enfant--à_vendre,No,Not tagged
www.avito.ma/fr/maroc/matériels_professionnels/machine_sac_et--à_vendre,No,Not tagged
www.avito.ma/fr/maroc/meubles_et_décoration/taman_monassib--à_vendre,No,Not tagged
www.avito.ma/fr/maroc/motos/et_moto_cross--à_vendre,No,Not tagged
www.avito.ma/fr/maroc/pizza_etat--à_vendre,No,Not tagged
www.avito.ma/fr/maroc/poste_en_arabe--à_vendre,No,Not tagged
www.avito.ma/fr/maroc/presses_chaud--à_vendre,No,Not tagged
www.avito.ma/fr/maroc/ps3_ma--à_vendre,No,Not tagged
www.avito.ma/fr/maroc/tripied_support_pour--à_vendre,No,Not tagged
www.avito.ma/fr/maroc/télévisions/europ--à_vendre,No,Not tagged
www.avito.ma/fr/maroc/yamaha_tmax500--à_vendre,No,Not tagged
www.avito.ma/fr/marrakech/a_meuble--demandes,No,Not tagged
www.avito.ma/fr/marrakech/anti_escarre--à_vendre,No,Not tagged
www.avito.ma/fr/marrakech/cafe_vendre_en--à_vendre,No,Not tagged
www.avito.ma/fr/marrakech/daoudiate/cable_vga_hdmi--à_vendre,No,Not tagged
www.avito.ma/fr/marrakech/equipements_pour_enfant/jeux_de_3--à_vendre,No,Not tagged
www.avito.ma/fr/marrakech/immobilier-demandes,No,Not tagged
www.avito.ma/fr/marrakech/route_de_tahanaoute/stages-à_vendre,No,Not tagged
www.avito.ma/fr/marrakech/toyota_corolla_coupé--à_vendre,No,Not tagged
www.avito.ma/fr/massira_1/voitures_d'occasion/voiture_jetta_excellent_état__54742212.htm,No,Not tagged
www.avito.ma/fr/mdiq/beni--à_vendre,No,Not tagged
www.avito.ma/fr/nador/bateaux/a_vendre_pour--à_vendre,No,Not tagged
www.avito.ma/fr/oasis/voitures_d'occasion/Audi_A6_PRESTIGE_54785883.htm,No,Not tagged
www.avito.ma/fr/ouarzazate/véhicules/gps_tomtom_avec--à_vendre,No,Not tagged
www.avito.ma/fr/oued_fès/téléphones/UNIHERTZ_JELLY_2__128gb_6_RAM_54773665.htm,No,Not tagged
www.avito.ma/fr/oujda/m_oujda--à_vendre,No,Not tagged
www.avito.ma/fr/oujda/nour/chaussures-à_vendre,No,Not tagged
www.avito.ma/fr/oulfa/chambre/Location_Concentrateur_d_oxygène__54320013.htm,No,Not tagged
www.avito.ma/fr/rabat/appartements/de_luxe_m2,No,Not tagged
www.avito.ma/fr/rabat/i5_16gb_ram--à_vendre,No,Not tagged
www.avito.ma/fr/rabat/kharij--à_vendre,No,Not tagged
www.avito.ma/fr/route_d'azemmour/petit_electroménager/Barbecue_black_édition__53779348.htm,No,Not tagged
www.avito.ma/fr/settat/engins_btp/un--à_vendre,No,Not tagged
www.avito.ma/fr/sfassif/meubles_et_décoration/table--à_vendre,No,Not tagged
www.avito.ma/fr/sidi_maarouf/appartements/Appartement_à_louer__meublé__Sidi_Maarouf_54705685.htm,No,Not tagged
www.avito.ma/fr/tanger/alia/travaux_maison--à_vendre,No,Not tagged
www.avito.ma/fr/tanger/c_63_s--à_vendre,No,Not tagged
www.avito.ma/fr/tanger/ferran--à_vendre,No,Not tagged
www.avito.ma/fr/tanger/five--à_vendre,No,Not tagged
www.avito.ma/fr/tanger/matériels_professionnels/en_btp--à_vendre,No,Not tagged
www.avito.ma/fr/tanger/voiture_a_de--à_vendre,No,Not tagged
www.avito.ma/fr/tanger/à_dhar--à_vendre,No,Not tagged
www.avito.ma/fr/tanger/مسنانة/meubles_et_décoration-à_vendre,No,Not tagged
www.avito.ma/fr/taqaddoum/local_à_louer/sarout_à_vendre_d_un_magasin_à_Takadoum__53509431.htm,No,Not tagged
www.avito.ma/fr/taza/materiel_pour_ecole_garderie_et_espace_de_jeux-à_vendre,No,Not tagged
www.avito.ma/fr/yacoub_el_mansour/chaussures/_حذاء_جلد_الماعز__53937415.htm,No,Not tagged
www.avito.ma/ar/2_مارس/هواتف/Iphone_x_64G_Official__54692050.htm,No,Not tagged
www.avito.ma/ar/أكدال/صوت_وصورة/Epson_EB_W06_WXGA_3700_LUMENS_PROJECTEUR_51102384.htm,No,Not tagged
www.avito.ma/ar/أكدال/مكاتب/Bureau_et_plateau_en_Location_à_Rabat_48293546.htm,No,Not tagged
www.avito.ma/ar/أنفا/الحديقة_و_أدوات_بريكولاج/PH_mètre_et_chlore_mesurer_la_qualité_de_l_eau_54698293.htm,No,Not tagged
www.avito.ma/ar/أنفا/ملابس/Jacket_ellesse_original_neuf_54475109.htm,No,Not tagged
www.avito.ma/ar/أيت_عيسى_اححان/معدات_مهنية/Matériels_Professionnels_à_Adaghas_53072879.htm,No,Not tagged
www.avito.ma/ar/اسفي/parures_de--للبيع,No,Not tagged
www.avito.ma/ar/الجديدة/a_coucher_tapisserie--للبيع,No,Not tagged
www.avito.ma/ar/الجديدة/كمبيوتر_محمول/livre_de_droit_52806002.htm,No,Not tagged
www.avito.ma/ar/الدار_البيضاء/de_osier--للبيع,No,Not tagged
www.avito.ma/ar/الدار_البيضاء/hp_laser_blanc--للبيع,No,Not tagged
www.avito.ma/ar/الدار_البيضاء/tronsport--للبيع,No,Not tagged
www.avito.ma/ar/الدار_البيضاء/tv_samsung_uhd--للبيع,No,Not tagged
www.avito.ma/ar/الدار_البيضاء/أحذيية/blanc_à--للبيع,No,Not tagged
www.avito.ma/ar/الدار_البيضاء/عين_الشق/ملبس/طلب_على--للبيع,No,Not tagged
www.avito.ma/ar/الدار_البيضاء/قصب_سكر--للبيع,No,Not tagged
www.avito.ma/ar/الدروة/صوت_وصورة/airpod_lenovo_f_mikthom_50843954.htm,No,Not tagged
www.avito.ma/ar/الدروة/هوايات_ورياضة/trottinett_electrique_65km_h_45_otonomie_54231385.htm,No,Not tagged
www.avito.ma/ar/الرباط/reuneut--للبيع,No,Not tagged
www.avito.ma/ar/الساحل_الشمالي/طلب_عمل-ﺕﺮﻳﺩ_ﺵﺭﺍﺀ,No,Not tagged
www.avito.ma/ar/العبادي/سيارات_مستعملة/Nissan_52935803.htm,No,Not tagged
www.avito.ma/ar/العيون/حقائب_وأكسسوارات/حي_المسيرة__55049054.htm,No,Not tagged
www.avito.ma/ar/القصر_الكبير/بقعـوـمزارع/maison_1000_m--للبيع,No,Not tagged
www.avito.ma/ar/القنيطرة/la_carte_mère--للبيع,No,Not tagged
www.avito.ma/ar/القنيطرة/tiguan_line_diesel--للبيع,No,Not tagged
www.avito.ma/ar/القنيطرة/برطما_شقة/bonne_occasion,No,Not tagged
www.avito.ma/ar/القنيطرة/ﻒﻧ_ﻮﺘﺤﻓ/12_et--للبيع,No,Not tagged
www.avito.ma/ar/المسيرة/هوايات_ورياضة/Boxing_gloves_et_protège_rjlin__53728791.htm,No,Not tagged
www.avito.ma/ar/المسيرة_2/هواتف/Samsung_Galaxy_A04s__54866190.htm,No,Not tagged
www.avito.ma/ar/المغرب/*chauffe_économique*--للبيع,No,Not tagged
www.avito.ma/ar/المغرب/40_a_vendre--للبيع,No,Not tagged
www.avito.ma/ar/المغرب/bandit--للبيع,No,Not tagged
www.avito.ma/ar/المغرب/c_2012--للبيع,No,Not tagged
www.avito.ma/ar/المغرب/chargeur_pc_hp_650--للبيع,No,Not tagged
www.avito.ma/ar/المغرب/e92_320i--للبيع,No,Not tagged
www.avito.ma/ar/المغرب/honda_cr_v_diesel__2008--للبيع,No,Not tagged
www.avito.ma/ar/المغرب/immeuble_tiznit--للبيع,No,Not tagged
www.avito.ma/ar/المغرب/le_prix_des_toner--للبيع,No,Not tagged
www.avito.ma/ar/المغرب/lynx--للبيع,No,Not tagged
www.avito.ma/ar/المغرب/nike_gros--للبيع,No,Not tagged
www.avito.ma/ar/المغرب/plantronics_usb--للبيع,No,Not tagged
www.avito.ma/ar/المغرب/renault_kangoo_dci_2010--للبيع,No,Not tagged
www.avito.ma/ar/المغرب/tv_box_h96--للبيع,No,Not tagged
www.avito.ma/ar/المغرب/velo_rock--للبيع,No,Not tagged
www.avito.ma/ar/المغرب/vendre_a_nour--للبيع,No,Not tagged
www.avito.ma/ar/المغرب/الأثاثـوـالديكور/mliha--للبيع,No,Not tagged
www.avito.ma/ar/المغرب/الأثاثـوـالديكور/pouf--للبيع,No,Not tagged
www.avito.ma/ar/المغرب/الأثاثـوـالديكور/حامل--للبيع,No,Not tagged
www.avito.ma/ar/المغرب/السياره--للبيع,No,Not tagged
www.avito.ma/ar/المغرب/برطما_شقة/appartement_bouskoura_golf_city_prestigia,No,Not tagged
www.avito.ma/ar/المغرب/برطما_شقة/de_vie_scolaire,No,Not tagged
www.avito.ma/ar/المغرب/دراجات/impulse--للبيع,No,Not tagged
www.avito.ma/ar/المغرب/شاحنات/en_papier--للبيع,No,Not tagged
www.avito.ma/ar/المغرب/طابليط/clavier_et_souris--للبيع,No,Not tagged
www.avito.ma/ar/الناظور/audi_a5_tdi--للبيع,No,Not tagged
www.avito.ma/ar/الناظور/باطوّات_قوارب/à--للبيع,No,Not tagged
www.avito.ma/ar/الوسط/منازل_للعطلة/choka_cho9a_chi9a_53436679.htm,No,Not tagged
www.avito.ma/ar/الولفة/ألعاب_الفيديو_وأجهزة_تشغيل_أو_كونصولات/Pes_2010___Ps3_53628693.htm,No,Not tagged
www.avito.ma/ar/الولفة/شقق/Apparemment_a_vendre__53111412.htm,No,Not tagged
www.avito.ma/ar/الولفة/شقق/شقة_موقعها_متميز_54822094.htm,No,Not tagged
www.avito.ma/ar/الولفة/كمبيوتر_محمول/Ordinateur_portable__55136163.htm,No,Not tagged
www.avito.ma/ar/بئر_طم_طم/connect--للبيع,No,Not tagged
www.avito.ma/ar/بركان/أحذيية/export--للبيع,No,Not tagged
www.avito.ma/ar/بركان/مكاتب/ans_de--للبيع,No,Not tagged
www.avito.ma/ar/بلفدير/ألعاب_الفيديو_وأجهزة_تشغيل_أو_كونصولات/Module_joystick_dualsense_pour_console_PS5_54596042.htm,No,Not tagged
www.avito.ma/ar/بنى_ملال/بقع_و_مزارع_للكراء/Terrain_agricole__53310351.htm,No,Not tagged
www.avito.ma/ar/بنى_ملال/منازل_للعطلة/برطما_مجهزة_نقية_ومليحة_للكراء_اليومي__53816650.htm,No,Not tagged
www.avito.ma/ar/بنى_ملال/منازل_للعطلة/شقة__مجهزة_الكراء_54296340.htm,No,Not tagged
www.avito.ma/ar/بوركون/اكسسوارات_الكمبيوتر_والأجهزة/MONTRE_TISSOT_PR_100_SPORT_CHRONOGRAPH_54208490.htm,No,Not tagged
www.avito.ma/ar/بوسجور/سفر_و_تذاكر/Billet_MAROC_vs_ANGOLA__54705058.htm,No,Not tagged
www.avito.ma/ar/تمارة/jeep_grand_diesel--للبيع,No,Not tagged
www.avito.ma/ar/تندرارة/rassemble_à--للبيع,No,Not tagged
www.avito.ma/ar/حي_آخر/أفلام_وكتب_ومجلات/Guide_de_thérapeutique_Perlemuter_10e_édition_53992070.htm,No,Not tagged
www.avito.ma/ar/حي_آخر/ألعاب_الفيديو_وأجهزة_تشغيل_أو_كونصولات/Xbox_360_avec_flache_et_deux_manettes_55073859.htm,No,Not tagged
www.avito.ma/ar/حي_آخر/دار_أو_ڨيلا/villa_avendre_a_skhirat_plage_53905560.htm,No,Not tagged
www.avito.ma/ar/حي_آخر/كمبيوتر_منزلي/PC_Bureau_dell_optiplex_9020_core_i5_8Gb_256Go_ssd_51742640.htm,No,Not tagged
www.avito.ma/ar/حي_آخر/معدات_أخرى/CHILLER_CNC_LASER__54444061.htm,No,Not tagged
www.avito.ma/ar/حي_المحمدي/دراجات/Vélo_VTT_FLANDERS__53846578.htm,No,Not tagged
www.avito.ma/ar/حي_المحمدي/منازل_للعطلة/Appart_Haut_Standin_Meublé_Avec_Wi_Fi_et_Piscine_55125420.htm,No,Not tagged
www.avito.ma/ar/حي_حسني/هوايات_ورياضة/تغوتينت_إينوكس_53571303.htm,No,Not tagged
www.avito.ma/ar/خريبكة/m_à_sidi--للبيع,No,Not tagged
www.avito.ma/ar/خنيفرة/ألعاب_الفيديو_وأجهزة_تشغيل_أو_كونصولات/LOGITECH_G304_MOUSE_WIRELESS_LIGHTSPEED_FOR_GAMING_54665718.htm,No,Not tagged
www.avito.ma/ar/خنيفرة/دار_أو_ڨيلا/villa_à_khénifra__53260408.htm,No,Not tagged
www.avito.ma/ar/درب_عمر/مكاتب_للكراء/Location_Bureau_54377728.htm,No,Not tagged
www.avito.ma/ar/سطات/حقائبـوـأكسسوارات/cap--للبيع,No,Not tagged
www.avito.ma/ar/سلا/كمبيوترـمحمول/disque_250gb--للبيع,No,Not tagged
www.avito.ma/ar/سيدي_الطيبي/عروض_عمل-للبيع,No,Not tagged
www.avito.ma/ar/سيدي_برنوصي/ألعاب_الفيديو_وأجهزة_تشغيل_أو_كونصولات/ps4_slim_1tb__55114028.htm,No,Not tagged
www.avito.ma/ar/سيدي_برنوصي/معدات_أخرى/_الرفوف_و_الأكسسوارات_لسوبرمارشي_à_Casablanca_52927094.htm,No,Not tagged
www.avito.ma/ar/سيدي_سعيد/سيارات_مستعملة/Renault_clio_très_bon_état__54971562.htm,No,Not tagged
www.avito.ma/ar/سيدي_معروف/الأثاث/arôme_du_diffuseur_et_du_parfum_53043964.htm,No,Not tagged
www.avito.ma/ar/سيدي_معروف/الأجهزة_المنزلية_الصغيرة/Réfrigérateur_et_congélateur_54318606.htm,No,Not tagged
www.avito.ma/ar/صفرو/دراجات_نارية/peugeot--للبيع,No,Not tagged
www.avito.ma/ar/طريق_ٱزمور/شقق/شقة_بالطابق_الاول_قرب_البحر_55125449.htm,No,Not tagged
www.avito.ma/ar/طنجة/bmw_330i--للبيع,No,Not tagged
www.avito.ma/ar/طنجة/iptv_12--للبيع,No,Not tagged
www.avito.ma/ar/طنجة/الصخور_السوداء/أحذيية-للبيع,No,Not tagged
www.avito.ma/ar/طنجة/المنظر_الجميل/كمبيوترـمنزلي-للبيع,No,Not tagged
www.avito.ma/ar/طنجة/مغوغة/قطع_الغيار_لوسائل_النقل,No,Not tagged
www.avito.ma/ar/طنجة/وسائل_النقل/daihatsu_delta--للبيع,No,Not tagged
www.avito.ma/ar/طنجة/وسائل_النقل/touran_2.0--للبيع,No,Not tagged
www.avito.ma/ar/عبد_المومن/الأثاث/valise_aluminium_commercial__54858632.htm,No,Not tagged
www.avito.ma/ar/عين_السبع/سيارات_مستعملة/Peugeot_308_Diesel_Manuelle_2015_à_Casablanca_54820049.htm,No,Not tagged
www.avito.ma/ar/عين_برجة/سيارات_مستعملة/Citroen_C4_Cactus__54983950.htm,No,Not tagged
www.avito.ma/ar/عين_برجة/صوت_وصورة/casque_Bluetooth__53645054.htm,No,Not tagged
www.avito.ma/ar/عين_دياب/سيارات_مستعملة/Fiat_Panda_Essence_Manuelle_2011_à_Casablanca_54776137.htm,No,Not tagged
www.avito.ma/ar/عين_كرمة/cantir--للبيع,No,Not tagged
www.avito.ma/ar/عين_مزوار/كمبيوتر_محمول/mini_pc_assus_baki_jdid_maah_chkara_dyalo_54224483.htm,No,Not tagged
www.avito.ma/ar/قلعة_السراغنة/hay_salam/الأثاثـوـالديكور-للبيع,No,Not tagged
www.avito.ma/ar/كابو_بيكرو/الحديقةـوـأدواتـبريكولاج-للبيع,No,Not tagged
www.avito.ma/ar/كليز/الأثاث_والديكور/Salle_à_manger__54810597.htm,No,Not tagged
www.avito.ma/ar/مراكش/model_96--للبيع,No,Not tagged
www.avito.ma/ar/مراكش/polo_2008--للبيع,No,Not tagged
www.avito.ma/ar/مرزوكة/الخيام/الأثاثـوـالديكور-للبيع,No,Not tagged
www.avito.ma/ar/معمورة/طابليط/iPad_8th_génération__54587194.htm,No,Not tagged
www.avito.ma/ar/مقام_الطلبة/الأثاثـوـالديكور-للبيع,No,Not tagged
www.avito.ma/ar/مكناس/oulia,No,Not tagged
www.avito.ma/ar/ميدلت/سيارات/renault_4_diesel--للبيع,No,Not tagged
www.avito.ma/ar/ميسور/هواتف/rino3_neuf__54795334.htm,No,Not tagged
www.avito.ma/ar/واد_فاس/كمبيوتر_محمول/Lenovo_Legion_Slim_5__i7_13700h__RTX_4060___54644581.htm,No,Not tagged
www.avito.ma/ar/وجدة/argent--للبيع,No,Not tagged
www.avito.ma/ar/ويسلان/f=c--ﺕﺮﻳﺩ_ﺵﺭﺍﺀ,No,Not tagged
www.avito.ma/ar/يعقوب_المنصور/اكسسوارات_الكمبيوتر_والأجهزة/Corbeille_a_courrier_superposable_en_Metal__54266067.htm,No,Not tagged
www.avito.ma/ar/يعقوب_المنصور/سيارات_مستعملة/Peugeot_206plus_54708044.htm,No,Not tagged
www.avito.ma/auto/neuf/dfsk/k07/,No,Not tagged
www.avito.ma/fr/2_mars/téléphones/iPhone_11_Pro_Max_officiel_64_94_batterie__54736191.htm,No,Not tagged
www.avito.ma/fr/abi_horaira/voitures_d'occasion/Peugeot_Rifter_54992492.htm,No,Not tagged
www.avito.ma/fr/achakar/matériels_professionnels/cpap_pour_l_apnée_du_sommeil_Vente_54536714.htm,No,Not tagged
www.avito.ma/fr/agadir/820_g2_i5--à_vendre,No,Not tagged
www.avito.ma/fr/agadir/instruments_de_musique/o--à_vendre,No,Not tagged
www.avito.ma/fr/agadir/le_bord_de_mer/avito_vehicules,No,Not tagged
www.avito.ma/fr/agadir/mercedes_220_model--à_vendre,No,Not tagged
www.avito.ma/fr/agadir/modele_1998--à_vendre,No,Not tagged
www.avito.ma/fr/agadir/projet_cherche_partenaire--à_vendre,No,Not tagged
www.avito.ma/fr/agadir/tourisme_à--à_vendre,No,Not tagged
www.avito.ma/fr/agadir_oufella/matériels_professionnels/mobilier_métallique__54775636.htm,No,Not tagged
www.avito.ma/fr/agdal/electroménager_et_vaisselles/Cocote_expresse__54828924.htm,No,Not tagged
www.avito.ma/fr/agdal/meubles_et_décoration/canapé_shahine__54398222.htm,No,Not tagged
www.avito.ma/fr/ahbas/image_&_son/Razer_Blackshark_V2_X__Vert___54377308.htm,No,Not tagged
www.avito.ma/fr/ain_el_hayat/stocks_et_vente_en_gros/المحمدية_قرب_محطة_القطار__54324756.htm,No,Not tagged
www.avito.ma/fr/ain_sebaa/autre_matériel_professionel/banquettes__53929378.htm,No,Not tagged
www.avito.ma/fr/al_hoceima/camion_mitsubishi_canter--à_vendre,No,Not tagged
www.avito.ma/fr/almaz/meubles_et_décoration/Suspension_NYMANE_ikea_neuve_43076020.htm,No,Not tagged
www.avito.ma/fr/aourir/téléphones/support--à_vendre,No,Not tagged
www.avito.ma/fr/arset_el_maach/matériels_professionnels/rayonnage_léger_54713707.htm,No,Not tagged
www.avito.ma/fr/assilah/image_et_son/cart--à_vendre,No,Not tagged
www.avito.ma/fr/assilah/marteaux--à_vendre,No,Not tagged
www.avito.ma/fr/assilah/tv_led_32--à_vendre,No,Not tagged
www.avito.ma/fr/autre_secteur/accessoires_informatique_et_gadgets/RAM_DDR3_16_GB_12800R_ECC_54850783.htm,No,Not tagged
www.avito.ma/fr/autre_secteur/audio_et_hi_fi/Écran_De_Projection_OWLENZ_E50_100_Pouce_Motorisé_47010911.htm,No,Not tagged
www.avito.ma/fr/autre_secteur/autre_matériel_professionel/rayonnage_lourd__53955568.htm,No,Not tagged
www.avito.ma/fr/autre_secteur/autre_matériel_professionel/معدات_مهنية_في_القنيطرة_53405380.htm,No,Not tagged
www.avito.ma/fr/autre_secteur/local_à_louer/Magasin_commercial__54549817.htm,No,Not tagged
www.avito.ma/fr/autre_secteur/magasins__commerces_et_locaux_industriels/ديبو_بالمهاية__53005358.htm,No,Not tagged
www.avito.ma/fr/autre_secteur/matériel_de_bureau/Bureau_de_direction_Economique_ks__54751135.htm,No,Not tagged
www.avito.ma/fr/autre_secteur/matériels_professionnels/Table_Scolaire_Métallique_Pour_Les_Marchée__Mm_A__54837387.htm,No,Not tagged
www.avito.ma/fr/autre_secteur/services/Nous_vous_créons_des_REELS__percutants_54568852.htm,No,Not tagged
www.avito.ma/fr/azrou/samsung_galaxy_a5--à_vendre,No,Not tagged
www.avito.ma/fr/aïn_borja/art_et_collections/cartes_Pokémon_originales___بطاقات_بوكيمون_اصلية_54150912.htm,No,Not tagged
www.avito.ma/fr/aïn_borja/autre_immobilier_à_louer/immeuble_à_vendre_avec_magasin_53662691.htm,No,Not tagged
www.avito.ma/fr/aïn_borja/matériels_professionnels/Rayonnages_Métalliques_À_A_Aïïn_Borjaa_54839104.htm,No,Not tagged
www.avito.ma/fr/aïn_borja/ordinateurs_de_bureau/Dell_Precision_T1700_Workstation_53213463.htm,No,Not tagged
www.avito.ma/fr/aïn_chock/meubles_et_décoration/vends_meuble_et_tv_54557075.htm,No,Not tagged
www.avito.ma/fr/aïn_chock/smartphone_et_téléphone/iphone_13_53353531.htm,No,Not tagged
www.avito.ma/fr/bab_taza/matériel_de_bureau/Comptoir__En_Bois__Taza_54838608.htm,No,Not tagged
www.avito.ma/fr/ben_m'sick/magasins__commerces_et_locaux_industriels/Showroom_a_vendre_à_Casablanca_53481080.htm,No,Not tagged
www.avito.ma/fr/beni_makada_lakdima/chaussures/spadrill_jdida_taille_45__53544209.htm,No,Not tagged
www.avito.ma/fr/benslimane/sports_et_loisirs/met_en--à_vendre,No,Not tagged
www.avito.ma/fr/berkane/de_al_massira--à_vendre,No,Not tagged
www.avito.ma/fr/berrechid/bateaux/yacht--à_vendre,No,Not tagged
www.avito.ma/fr/berrechid/salon_europeen--à_vendre,No,Not tagged
www.avito.ma/fr/bir_rami/autre_matériel_professionel/spray_mist_collant_de_cnc_54915631.htm,No,Not tagged
www.avito.ma/fr/bouargane/vêtements_pour_enfant_et_bébé/Vetement_pour_fille__54755451.htm,No,Not tagged
www.avito.ma/fr/bournazil/téléphones/Iphone_6s_128g_52923038.htm,No,Not tagged
www.avito.ma/fr/boutiques/casablanca/de_la_voiture--à_vendre,No,Not tagged
www.avito.ma/fr/béni_mellal/stocks_et_vente_en_gros/Les_vestiaire_Métallique_ou_les_casiers_en_promo_52129472.htm,No,Not tagged
www.avito.ma/fr/béni_mellal/voitures_d'occasion/Skoda_superb__DSG_177ch__54853450.htm,No,Not tagged
www.avito.ma/fr/casablanca/a_rabat_agdal--à_vendre,No,Not tagged
www.avito.ma/fr/casablanca/al_fida/salmia_2--à_vendre,No,Not tagged
www.avito.ma/fr/casablanca/appartements/2mn_pied,No,Not tagged
www.avito.ma/fr/casablanca/appartements/bla,No,Not tagged
www.avito.ma/fr/casablanca/appartements/jawhara_sidi_moumen,No,Not tagged
www.avito.ma/fr/casablanca/iphone_se_64g--à_vendre,No,Not tagged
www.avito.ma/fr/casablanca/maarif/demandes_d'emploi--à_vendre,No,Not tagged
www.avito.ma/fr/casablanca/magasins_et_commerces/bus--à_vendre,No,Not tagged
www.avito.ma/fr/casablanca/meubles/meuble_53011052.htm,No,Not tagged
www.avito.ma/fr/casablanca/morakab--à_vendre,No,Not tagged
www.avito.ma/fr/casablanca/motos/650_bmw--à_vendre,No,Not tagged
www.avito.ma/fr/casablanca/ordinateurs_portables/ordinateur_hp_de_bon_état_52942393.htm,No,Not tagged
www.avito.ma/fr/casablanca/peinture_pour_tissu--à_vendre,No,Not tagged
www.avito.ma/fr/casablanca/tapis/chaise_de_table_à_manger_53543120.htm,No,Not tagged
www.avito.ma/fr/casablanca/toyota_2--à_vendre,No,Not tagged
www.avito.ma/fr/casablanca/téléphones/infinix_smart_4_52882472.htm,No,Not tagged
www.avito.ma/fr/casablanca/vente_moto_103--à_vendre,No,Not tagged
www.avito.ma/fr/casablanca/vetements/tricots--à_vendre,No,Not tagged
www.avito.ma/fr/centre/vêtements/t_shirt_puma_original__54715169.htm,No,Not tagged
www.avito.ma/fr/centre_ville/appareils_photo_et_caméras/MGK_04_micro_espion_rappel_auto__enregistreur__54839384.htm,No,Not tagged
www.avito.ma/fr/centre_ville/jeux_vidéo_et_consoles/Manette_xbox_series_s_x_53174547.htm,No,Not tagged
www.avito.ma/fr/centre_ville/sports_et_loisirs/Trottinettes_électriques_53939897.htm,No,Not tagged
www.avito.ma/fr/centre_ville/téléphones/Samsung_A52__54724220.htm,No,Not tagged
www.avito.ma/fr/cgi/animaux/malinois_male_54792097.htm,No,Not tagged
www.avito.ma/fr/cheminoits/matériels_professionnels/ماكينة_اللازيير_سي_ان_سي_CO2_54568288.htm,No,Not tagged
www.avito.ma/fr/douar_lareïch/locations_de_vacances/Villa_haut_standing__54877007.htm,No,Not tagged
www.avito.ma/fr/du_golf/appartements/appartement_à_vendre_dans_le_quartier_du_Golf_54861856.htm,No,Not tagged
www.avito.ma/fr/el_hanchane/electorménager_et_vaisselle/machine_à_laver--à_vendre,No,Not tagged
www.avito.ma/fr/el_jadida/batteries_varta--à_vendre,No,Not tagged
www.avito.ma/fr/el_jadida/bottines--à_vendre,No,Not tagged
www.avito.ma/fr/el_jadida/mercedes_3winat--à_vendre,No,Not tagged
www.avito.ma/fr/el_kelaa_des_sraghna/pickup_504--à_vendre,No,Not tagged
www.avito.ma/fr/errahma/travaux_de_maison/Travaux_de_maison_à_Casablanca_53313853.htm,No,Not tagged
www.avito.ma/fr/fès/yassmine/matériels_professionnels-à_vendre,No,Not tagged
www.avito.ma/fr/guelmim/bac_es--à_vendre,No,Not tagged
www.avito.ma/fr/guelmim/salle_manger--à_vendre,No,Not tagged
www.avito.ma/fr/guéliz/appartements/appartement_pour_le_mois_ramadan_centre_gueliz__54645160.htm,No,Not tagged
www.avito.ma/fr/guéliz/locations_de_vacances/Superbe_appartement_2_chs_شقة_غرفتين_54289736.htm,No,Not tagged
www.avito.ma/fr/guéliz/locations_de_vacances/appartement_5_min_de_MacDo__54663803.htm,No,Not tagged
www.avito.ma/fr/had_dra/marina/meubles_et_décoration-à_vendre,No,Not tagged
www.avito.ma/fr/hamria/jardin_et_outils_de_bricolage/Tronceneuse_électrique_stiga__54440621.htm,No,Not tagged
www.avito.ma/fr/hamria/locations_de_vacances/Appartement_Hamria_centre__54591838.htm,No,Not tagged
www.avito.ma/fr/hay_al_amal/matériels_professionnels/فرن_كهربائي_بطبقتين__53856387.htm,No,Not tagged
www.avito.ma/fr/hay_cheikh_lamfadel/matériels_professionnels/فران_بيتزا__54860558.htm,No,Not tagged
www.avito.ma/fr/hay_el_fath/meubles_et_décoration/CANVA_SHINY_FLOWER_GOLD_À_AA_HAAY_EEL_FAATH_54722133.htm,No,Not tagged
www.avito.ma/fr/hay_el_fath/voitures_d'occasion/Ford_Kuga_Diesel_Manuelle_2017_à_Rabat_54824286.htm,No,Not tagged
www.avito.ma/fr/hay_izdihar/téléphones/iPhone_13_Pro_Max_128_blue_54479731.htm,No,Not tagged
www.avito.ma/fr/hay_riad/appartements/Joli_appart_proche_Pasteur__54658428.htm,No,Not tagged
www.avito.ma/fr/hay_riad/voitures_d'occasion/Hyundai_Accent_Diesel_Automatique_2020_à_Rabat_54841322.htm,No,Not tagged
www.avito.ma/fr/hay_riad/voyages_et_billetterie/vip_toto_a_vendre_54866410.htm,No,Not tagged
www.avito.ma/fr/hay_salam/ordinateurs_portables/Ordinateurs_portables_à_Salé_53444282.htm,No,Not tagged
www.avito.ma/fr/houara_oulad_raho/camions/motor--à_vendre,No,Not tagged
www.avito.ma/fr/imouzzer/camion_mitsubishi--à_vendre,No,Not tagged
www.avito.ma/fr/industriel_nord/jeux_vidéo_et_consoles/من_فرنسا_xbox_360_54583115.htm,No,Not tagged
www.avito.ma/fr/issil/téléphones/iPhone_14_pro_Europe_excellent__état__54836042.htm,No,Not tagged
www.avito.ma/fr/jemaa_el_fna/décoration/TABLEAU_FEMME_SOURIANTE_PORTER_VERT_DE_MARRRAKECH_54734591.htm,No,Not tagged
www.avito.ma/fr/khedrache/matériels_professionnels/a_cerveau_moteur_DS26_54117122.htm,No,Not tagged
www.avito.ma/fr/khouribga/ceinture_gucci--à_vendre,No,Not tagged
www.avito.ma/fr/khouribga/fiat_double--à_vendre,No,Not tagged
www.avito.ma/fr/larache/animaux/...et...--demandes,No,Not tagged
www.avito.ma/fr/larache/sacs_et_accessoires/en_bonne_état--à_vendre,No,Not tagged
www.avito.ma/fr/lissasfa/meubles_et_décoration/Bureau_très_bonne_condition__54106459.htm,No,Not tagged
www.avito.ma/fr/loulad/immobilier/de_67_m2,No,Not tagged
www.avito.ma/fr/maarif/bureaux_et_plateaux/10843_Vente_Bureau_à_Casablanca_Franceville_de_124_54687730.htm,No,Not tagged
www.avito.ma/fr/maarif/voitures_d'occasion/Audi_A5_Diesel_Automatique_2021_à_Casablanca_51655460.htm,No,Not tagged
www.avito.ma/fr/maroc/6s_128_go--à_vendre,No,Not tagged
www.avito.ma/fr/maroc/accessoires_informatique_et_gadgets/s_max--à_vendre,No,Not tagged
www.avito.ma/fr/maroc/ain_sbaa_basma--à_vendre,No,Not tagged
www.avito.ma/fr/maroc/almira--à_vendre,No,Not tagged
www.avito.ma/fr/maroc/animaux/a___bon--à_vendre,No,Not tagged
www.avito.ma/fr/maroc/appareils_photo_cameras/و_تركيب--à_vendre,No,Not tagged
www.avito.ma/fr/maroc/appartements/bas_70,No,Not tagged
www.avito.ma/fr/maroc/appartements/itti,No,Not tagged
www.avito.ma/fr/maroc/appartements/stella_de,No,Not tagged
www.avito.ma/fr/maroc/appartements/vc,No,Not tagged
www.avito.ma/fr/maroc/c_90_2000_dh--à_vendre,No,Not tagged
www.avito.ma/fr/maroc/camera_hd_voiture_dvr--à_vendre,No,Not tagged
www.avito.ma/fr/maroc/carte_memoire_2g--à_vendre,No,Not tagged
www.avito.ma/fr/maroc/cpu_e8400--à_vendre,No,Not tagged
www.avito.ma/fr/maroc/domaine_informatique--à_vendre,No,Not tagged
www.avito.ma/fr/maroc/dream_android--à_vendre,No,Not tagged
www.avito.ma/fr/maroc/electorménager_et_vaisselle/grille_de_viande--à_vendre,No,Not tagged
www.avito.ma/fr/maroc/g_tracker--à_vendre,No,Not tagged
www.avito.ma/fr/maroc/image_et_son/gamer_bon--à_vendre,No,Not tagged
www.avito.ma/fr/maroc/image_et_son/nt--à_vendre,No,Not tagged
www.avito.ma/fr/maroc/immobilier/chant,No,Not tagged
www.avito.ma/fr/maroc/instruments_de_musique/arabe--à_vendre,No,Not tagged
www.avito.ma/fr/maroc/jardin_et_outils_de_bricolage/2_p--à_vendre,No,Not tagged
www.avito.ma/fr/maroc/kard--à_vendre,No,Not tagged
www.avito.ma/fr/maroc/les_scie_a--à_vendre,No,Not tagged
www.avito.ma/fr/maroc/louer_jnane--à_vendre,No,Not tagged
www.avito.ma/fr/maroc/magasin_110m--à_vendre,No,Not tagged
www.avito.ma/fr/maroc/magasins_et_commerces/ascenseur_2--à_vendre,No,Not tagged
www.avito.ma/fr/maroc/matériels_professionnels/boite_professionnelle--à_vendre,No,Not tagged
www.avito.ma/fr/maroc/matériels_professionnels/mx--à_vendre,No,Not tagged
www.avito.ma/fr/maroc/matériels_professionnels/roulettes_pour--à_vendre,No,Not tagged
www.avito.ma/fr/maroc/mercedes_c_break--à_vendre,No,Not tagged
www.avito.ma/fr/maroc/meubles_et_décoration/cuire--à_vendre,No,Not tagged
www.avito.ma/fr/maroc/meubles_et_décoration/kitea_bon--à_vendre,No,Not tagged
www.avito.ma/fr/maroc/meubles_et_décoration/vendre_villa_à--à_vendre,No,Not tagged
www.avito.ma/fr/maroc/meubles_et_décoration/بيت_النعاس_عود--à_vendre,No,Not tagged
www.avito.ma/fr/maroc/moto_yamaha_85--à_vendre,No,Not tagged
www.avito.ma/fr/maroc/motos/la_et_le--à_vendre,No,Not tagged
www.avito.ma/fr/maroc/ordinateurs_bureau/core_i3_pc--à_vendre,No,Not tagged
www.avito.ma/fr/maroc/ordinateurs_portables/3_origine--à_vendre,No,Not tagged
www.avito.ma/fr/maroc/parfum_la_est--à_vendre,No,Not tagged
www.avito.ma/fr/maroc/piscine_a_vis--à_vendre,No,Not tagged
www.avito.ma/fr/maroc/pliant_pour_bébé--à_vendre,No,Not tagged
www.avito.ma/fr/maroc/quad_core_neuf--à_vendre,No,Not tagged
www.avito.ma/fr/maroc/remorques_et_caravans/de_2014--à_vendre,No,Not tagged
www.avito.ma/fr/maroc/servantes--à_vendre,No,Not tagged
www.avito.ma/fr/maroc/siamois_pur_male--à_vendre,No,Not tagged
www.avito.ma/fr/maroc/sienna_2002--à_vendre,No,Not tagged
www.avito.ma/fr/maroc/smart_bande--à_vendre,No,Not tagged
www.avito.ma/fr/maroc/sports_et_loisirs/offerte--à_vendre,No,Not tagged
www.avito.ma/fr/maroc/support_circuit--à_vendre,No,Not tagged
www.avito.ma/fr/maroc/telephone_hp--à_vendre,No,Not tagged
www.avito.ma/fr/maroc/tetwan--à_vendre,No,Not tagged
www.avito.ma/fr/maroc/voitures/citroen___c3--à_vendre,No,Not tagged
www.avito.ma/fr/maroc/véhicules/traceur--à_vendre,No,Not tagged
www.avito.ma/fr/maroc/قطعة_ارضية_مع_منزل--à_vendre,No,Not tagged
www.avito.ma/fr/marrakech/430_g3_i5--à_vendre,No,Not tagged
www.avito.ma/fr/marrakech/kaa_el_machraa/véhicules_autres-à_vendre,No,Not tagged
www.avito.ma/fr/marrakech/laser_pointer--à_vendre,No,Not tagged
www.avito.ma/fr/marrakech/motos/route--à_vendre,No,Not tagged
www.avito.ma/fr/marrakech/motos/triporteur_à_vendre--à_vendre,No,Not tagged
www.avito.ma/fr/martil/locations_de_vacances/شقة_جديدة_قرب_جميع_المرافق_55131309.htm,No,Not tagged
www.avito.ma/fr/meknes/dar_kebira/ventes_immobilieres-à_vendre,No,Not tagged
www.avito.ma/fr/mellah/décoration/Separateur_3_Volets_Fleurs_Nature_Lilas_54930194.htm,No,Not tagged
www.avito.ma/fr/mers_sultan/meubles_et_décoration/PARAVENT_5_VOLETS_VIEUX_BATEAUX_À_LE_DE_MULL_II_54844105.htm,No,Not tagged
www.avito.ma/fr/mesnana/confort_de_la_maison/5_couvertures_en_bon_etat_55131406.htm,No,Not tagged
www.avito.ma/fr/mograne/meubles_et_décoration/dialha--à_vendre,No,Not tagged
www.avito.ma/fr/mohammedia/hay_annasr/véhicules_autres-à_vendre,No,Not tagged
www.avito.ma/fr/mohammedia/véhicules/duster_4x4_diesel--à_vendre,No,Not tagged
www.avito.ma/fr/mont_fleuri/appareils_photo_et_caméras/nikon_d3000_53264265.htm,No,Not tagged
www.avito.ma/fr/mont_fleuri_2/vélos/Velo_Vtt_bitwin_26_pouces_a_vendre_54773977.htm,No,Not tagged
www.avito.ma/fr/moulay_bouazza/hyundai_accent_bon--à_vendre,No,Not tagged
www.avito.ma/fr/mrirt/immobilier/mliha,No,Not tagged
www.avito.ma/fr/nador/animaux/porte--à_vendre,No,Not tagged
www.avito.ma/fr/nouaceur/matériels_professionnels/الخياطة--à_vendre,No,Not tagged
www.avito.ma/fr/nouvelle_ville/matériels_professionnels/_______CNC_patin_20____54850176.htm,No,Not tagged
www.avito.ma/fr/oued_zem/jardin_et_outils_de_bricolage/vous_d--à_vendre,No,Not tagged
www.avito.ma/fr/oujda/bague_en_or--à_vendre,No,Not tagged
www.avito.ma/fr/oujda/café_de_la,No,Not tagged
www.avito.ma/fr/oujda/camions_à_vendre--à_vendre,No,Not tagged
www.avito.ma/fr/oulfa/meubles_et_décoration/فراش_غرفة_متكامل_54260845.htm,No,Not tagged
www.avito.ma/fr/rabat/appartement_à_deroua--à_vendre,No,Not tagged
www.avito.ma/fr/rabat/appartements/dyar,No,Not tagged
www.avito.ma/fr/rabat/taqaddoum/pour_femme--à_vendre,No,Not tagged
www.avito.ma/fr/rabat/vetements/bon_prix_a--à_vendre,No,Not tagged
www.avito.ma/fr/rabat/yacoub_el_mansour/magasins_et_commerces/local_commercial_a--à_vendre,No,Not tagged
www.avito.ma/fr/ras_el_ma/femme_de_menage_nounou_chauffeurs-à_vendre,No,Not tagged
www.avito.ma/fr/safi/games--à_vendre,No,Not tagged
www.avito.ma/fr/sale/lalla_aicha/meubles_et_décoration-à_vendre,No,Not tagged
www.avito.ma/fr/sbouya/f--à_vendre,No,Not tagged
www.avito.ma/fr/settat/téléphones/Iphone_13_pro__54309401.htm,No,Not tagged
www.avito.ma/fr/sidi_bernoussi/appartements/Appartement_à_louer_75_m²_à_Casablanca_54683006.htm,No,Not tagged
www.avito.ma/fr/sidi_maarouf/ordinateurs_portables/MacBook_pro_2016_i7__16GB_500GB_53027505.htm,No,Not tagged
www.avito.ma/fr/sidi_youssef_ben_ali/accessoires_informatique_et_gadgets/Livebox_fibra_5G_1700mbs_54906891.htm,No,Not tagged
www.avito.ma/fr/sidi_youssef_ben_ali/accessoires_informatique_et_gadgets/modem_3G_plus_Alcatel_inwi_iam_orange_55133777.htm,No,Not tagged
www.avito.ma/fr/souissi/voitures_d'occasion/Jaguar_XJ_6__de_collection_1974_54892774.htm,No,Not tagged
www.avito.ma/fr/souk_sebt_ouled_nemma/voitures/Fiat,No,Not tagged
www.avito.ma/fr/talborjt/meubles_et_décoration/Meuble_tv__54673740.htm,No,Not tagged
www.avito.ma/fr/tanger/accent_a6--à_vendre,No,Not tagged
www.avito.ma/fr/tanger/appartements/location_long_durée,No,Not tagged
www.avito.ma/fr/tanger/assuré--à_vendre,No,Not tagged
www.avito.ma/fr/tanger/ba9iii--à_vendre,No,Not tagged
www.avito.ma/fr/tanger/bnne--à_vendre,No,Not tagged
www.avito.ma/fr/tanger/c_2011--à_vendre,No,Not tagged
www.avito.ma/fr/tanger/centre_nejma--à_vendre,No,Not tagged
www.avito.ma/fr/tanger/comptable_aide--à_vendre,No,Not tagged
www.avito.ma/fr/tanger/douille--à_vendre,No,Not tagged
www.avito.ma/fr/tanger/equipements_pour_enfant/parc_de_bebe--à_vendre,No,Not tagged
www.avito.ma/fr/tanger/golf_diesel_gtd--à_vendre,No,Not tagged
www.avito.ma/fr/tanger/jeux_vidéo_et_consoles/bi3--à_vendre,No,Not tagged
www.avito.ma/fr/tanger/marchan/meubles-à_vendre,No,Not tagged
www.avito.ma/fr/tanger/matériel_mahlaba--à_vendre,No,Not tagged
www.avito.ma/fr/tanger/meubles_et_décoration/salon_pour_jardin--à_vendre,No,Not tagged
www.avito.ma/fr/tanger/montre_swatch_007--à_vendre,No,Not tagged
www.avito.ma/fr/tanger/motos/دراجة_نارية_للبيع--à_vendre,No,Not tagged
www.avito.ma/fr/tanger/ordinateurs_bureau/gtx_1060_6g--à_vendre,No,Not tagged
www.avito.ma/fr/tanger/switch_go--à_vendre,No,Not tagged
www.avito.ma/fr/tanger/symfony--à_vendre,No,Not tagged
www.avito.ma/fr/tanger/terrains_100m_à--à_vendre,No,Not tagged
www.avito.ma/fr/tanger/touria--à_vendre,No,Not tagged
www.avito.ma/fr/tanger/télévision_24--à_vendre,No,Not tagged
www.avito.ma/fr/tanger/écran_hp_22--à_vendre,No,Not tagged
www.avito.ma/fr/taounate/mat--à_vendre,No,Not tagged
www.avito.ma/fr/taourirt/sports_et_loisirs/a_oujda--à_vendre,No,Not tagged
www.avito.ma/fr/temara/harhoura/travaux_maison--à_vendre,No,Not tagged
www.avito.ma/fr/temara/magasins_et--à_vendre,No,Not tagged
www.avito.ma/fr/temara/skikina/camions/...et...--à_vendre,No,Not tagged
www.avito.ma/fr/tifelt/matériels_professionnels/et_4_chaises--à_vendre,No,Not tagged
www.avito.ma/fr/tikiouine/produits_de_beaute/et_accessoires--à_vendre,No,Not tagged
www.avito.ma/fr/tiznit/travailler--demandes,No,Not tagged
www.avito.ma/fr/val_fleuri/décoration/Paravent_Room_Divider_Mount_Fuji_54741433.htm,No,Not tagged
www.avito.ma/fr/wifak/terrains_et_fermes/بقع__ارضي__53029896.htm,No,Not tagged
www.avito.ma/fr/الوليدية/المقطوراتـوـالكرفانات/mercedes--للبيع,No,Not tagged
www.avito.ma/fr/تازة/renault_4,No,Not tagged
www.avito.ma/fr/مراكش/moulay_abdallah/الأثاثـوـالديكور-للبيع,No,Not tagged
www.avito.ma/ar/10000_ديور/اكسسوارات_الكمبيوتر_والأجهزة/tablette_apple_54186655.htm,No,Not tagged
www.avito.ma/ar/2_مارس/اكسسوارات_الكمبيوتر_والأجهزة/gtx_1060_6gb_53739659.htm,No,Not tagged
www.avito.ma/ar/2_مارس/حيوانات_أليفة/golden_retriever__54384741.htm,No,Not tagged
www.avito.ma/ar/boutique/remax_city_tanger,No,Not tagged
www.avito.ma/ar/أزمور/بقع_و_مزارع/terrain_a_vendre__53409278.htm,No,Not tagged
www.avito.ma/ar/أنفا/هواتف/_Outil_26_en_1_iCorner_GB1100_de_réparation_iPhone_54867856.htm,No,Not tagged
www.avito.ma/ar/أولاد_تايمة/كمبيوتر_منزلي/أولاد_تايمه_ونواحي__53810005.htm,No,Not tagged
www.avito.ma/ar/اسفي/siège_auto_pour--للبيع,No,Not tagged
www.avito.ma/ar/البرج/صوت_وصورة/CASQUE_GN2100_Netcom_54750788.htm,No,Not tagged
www.avito.ma/ar/الجيراري/كمبيوتر_محمول/HUAWEI_Matebook_D15_54346645.htm,No,Not tagged
www.avito.ma/ar/الحسيمة/منازل_للعطلة/شقة_مفروشة_للكراء_وسط_المدينة__53914352.htm,No,Not tagged
www.avito.ma/ar/الدار_البيضاء/aures--للبيع,No,Not tagged
www.avito.ma/ar/الدار_البيضاء/دراجات/velo_focus_gravel_53168511.htm,No,Not tagged
www.avito.ma/ar/الدار_البيضاء/دراجات_نارية/a_plein--للبيع,No,Not tagged
www.avito.ma/ar/الدار_البيضاء/سيارات/ded--للبيع,No,Not tagged
www.avito.ma/ar/الدار_البيضاء/ملابسـللأطفالـوـالرٌدع/بالمجان--للبيع,No,Not tagged
www.avito.ma/ar/الدار_البيضاء/موسيقى_وآلات/pupitre--للبيع,No,Not tagged
www.avito.ma/ar/الرباط/3_axes--للبيع,No,Not tagged
www.avito.ma/ar/الرباط/afficheur_iphone--للبيع,No,Not tagged
www.avito.ma/ar/الرباط/cash--للبيع,No,Not tagged
www.avito.ma/ar/الرباط/معدات_مهنية/les_cuisines--للبيع,No,Not tagged
www.avito.ma/ar/الصخيرات/السلام_عندي--ﺕﺮﻳﺩ_ﺵﺭﺍﺀ,No,Not tagged
www.avito.ma/ar/الصويرة/صقالة/ﺍﻵﻼـﺎﻟﺯﺭﺎﻌﻳﺓ-للبيع,No,Not tagged
www.avito.ma/ar/العرائش/شقق/Appartement__64_m²_à_Larache_55125011.htm,No,Not tagged
www.avito.ma/ar/العصام/كمبيوتر_منزلي/PHILIPS_BDL3260EL_sans_support_54819098.htm,No,Not tagged
www.avito.ma/ar/العكاري/الديكور/Paravent_5_volets_Bateau_de_Tempà_te_D_oiseau_II_54746286.htm,No,Not tagged
www.avito.ma/ar/العيون/كمبيوتر_محمول/pc_portable_Acer_54598014.htm,No,Not tagged
www.avito.ma/ar/القنيطرة/ram_8go_1to--للبيع,No,Not tagged
www.avito.ma/ar/القنيطرة/الحوزية/معدات_مهنية/un_professionnel--للبيع,No,Not tagged
www.avito.ma/ar/الكدية/اكسسوارات_الكمبيوتر_والأجهزة/Routeur_adsl__55123178.htm,No,Not tagged
www.avito.ma/ar/الكورنيش/معدات_رياضية/porte_bebe__54173619.htm,No,Not tagged
www.avito.ma/ar/المحاميد/ساعات_و_مجوهرات/Montre_hommes_54546113.htm,No,Not tagged
www.avito.ma/ar/المحمدية/mercedes_cdi_220--للبيع,No,Not tagged
www.avito.ma/ar/المدينة/منتجات_التجميل/عطور_نسائية_مميزة_54618409.htm,No,Not tagged
www.avito.ma/ar/المدينة/هوايات_ورياضة/قناع_الوجه_زائد_القفازات_لاصحاب_الدرجات_54289867.htm,No,Not tagged
www.avito.ma/ar/المغرب/1_ans_4g--للبيع,No,Not tagged
www.avito.ma/ar/المغرب/afficheur_note_3--à_vendre,No,Not tagged
www.avito.ma/ar/المغرب/bugaboo--للبيع,No,Not tagged
www.avito.ma/ar/المغرب/diamants--للبيع,No,Not tagged
www.avito.ma/ar/المغرب/fes_agdal--للبيع,No,Not tagged
www.avito.ma/ar/المغرب/husky_4mois--للبيع,No,Not tagged
www.avito.ma/ar/المغرب/joomla--للبيع,No,Not tagged
www.avito.ma/ar/المغرب/meubles_et_décoration/2.00m--à_vendre,No,Not tagged
www.avito.ma/ar/المغرب/oppo_f5_neuf--للبيع,No,Not tagged
www.avito.ma/ar/المغرب/palme--à_vendre,No,Not tagged
www.avito.ma/ar/المغرب/renault_ta--للبيع,No,Not tagged
www.avito.ma/ar/المغرب/sedadr--للبيع,No,Not tagged
www.avito.ma/ar/المغرب/terrains_et_fermes/110_m2_prix--للبيع,No,Not tagged
www.avito.ma/ar/المغرب/آلةـتصويرـوـكامرا/sa_6--للبيع,No,Not tagged
www.avito.ma/ar/المغرب/ألعاب_الفيديو_وأجهزة_تشغيل_أو_كونصولات/orange_f--للبيع,No,Not tagged
www.avito.ma/ar/المغرب/اكسسواراتـالكمبيوترـوـالأجهزة/cooler_master--للبيع,No,Not tagged
www.avito.ma/ar/المغرب/الأثاثـوـالديكور/de_09_à--للبيع,No,Not tagged
www.avito.ma/ar/المغرب/الأثاثـوـالديكور/source--للبيع,No,Not tagged
www.avito.ma/ar/المغرب/خدمات/forage_des_puits--للبيع,No,Not tagged
www.avito.ma/ar/المغرب/سيارة_فياط_أونو--للبيع,No,Not tagged
www.avito.ma/ar/المغرب/عمل_في_سلا--للبيع,No,Not tagged
www.avito.ma/ar/المغرب/كمبيوترـمنزلي/في_جيد--للبيع,No,Not tagged
www.avito.ma/ar/المغرب/معدات_مهنية/1.6--للبيع,No,Not tagged
www.avito.ma/ar/المغرب/معدات_مهنية/couleurs_de_dessin--للبيع,No,Not tagged
www.avito.ma/ar/المنطقة_الصناعية_سيدي_ابراهيم/معدات_أخرى/mobilier_de_bureau_97S5gHki7ayX3Z_55099343.htm,No,Not tagged
www.avito.ma/ar/الناظور/براكية/معدات_طبية-للبيع,No,Not tagged
www.avito.ma/ar/الناظور/مخزوناتـوـبيعـبالجملة/taille--للبيع,No,Not tagged
www.avito.ma/ar/الهرهورة/سيارات/de_bague--للبيع,No,Not tagged
www.avito.ma/ar/الورود/بقع_و_مزارع_للكراء/75_ميتر_علا_طريق_10_54239741.htm,No,Not tagged
www.avito.ma/ar/بن_مسيك/مخزونات_وبيع_بالجملة/_jemla_téléphone__55112841.htm,No,Not tagged
www.avito.ma/ar/بورنازيل/الأثاث_والديكور/فواحة_عطر_كهربائية_54675182.htm,No,Not tagged
www.avito.ma/ar/تارودانت/منتجاتـالتجميل/ملابس--للبيع,No,Not tagged
www.avito.ma/ar/تازة/قطعـالغيارـلوسائلـالنقل/mercedes_204--للبيع,No,Not tagged
www.avito.ma/ar/تازوطة/brita--للبيع,No,Not tagged
www.avito.ma/ar/تطوان/nissan_almira--للبيع,No,Not tagged
www.avito.ma/ar/تمنصورت/حقائبـوـأكسسوارات-للبيع,No,Not tagged
www.avito.ma/ar/حي_آخر/شقق/Appartement_à_vendre_60_m²_à_Oujda_53628924.htm,No,Not tagged
www.avito.ma/ar/حي_الفرح/كمبيوتر_محمول/Pc_Portable_Neuf_53745007.htm,No,Not tagged
www.avito.ma/ar/خنيفرة‎/بقعـوـمزارع/jouhara--للبيع,No,Not tagged
www.avito.ma/ar/دزوز/pikop--للبيع,No,Not tagged
www.avito.ma/ar/رأس_الماء/حقائبـوـأكسسوارات-للبيع,No,Not tagged
www.avito.ma/ar/سطات/661--للبيع,No,Not tagged
www.avito.ma/ar/سطات/motor_mini--للبيع,No,Not tagged
www.avito.ma/ar/سطات/mousseur_à_lait--للبيع,No,Not tagged
www.avito.ma/ar/سلا/appartement_résidence_bab--للبيع,No,Not tagged
www.avito.ma/ar/سلا/حي_القدس/عقارات_للبيع,No,Not tagged
www.avito.ma/ar/سيدي_بنور/أجهزةـالإلكترومناجيـوـالأواني/الأبيض--للبيع,No,Not tagged
www.avito.ma/ar/سيدي_سليمان_الشراعة/الأثاثـوـالديكور-للبيع,No,Not tagged
www.avito.ma/ar/سيدي_معروف/صوت_وصورة/سماعات_بلوتوث__55038702.htm,No,Not tagged
www.avito.ma/ar/سيدي_مومن/اكسسوارات_الكمبيوتر_والأجهزة/Trois_routeur_wifi__55118073.htm,No,Not tagged
www.avito.ma/ar/سيدي_مومن/كمبيوتر_منزلي/Pc_All_in_One_Dell_i5_Tactile__Ram_8_Pouces_26_54869421.htm,No,Not tagged
www.avito.ma/ar/سيدي_يوسف_بن_علي/هواتف/AppleiPhone_14_Pro_Max_54191462.htm,No,Not tagged
www.avito.ma/ar/طريق_أوريكة/منازل_للعطلة/Maison_et_Villas_location_de_vacances_à_Marrakech_53315092.htm,No,Not tagged
www.avito.ma/ar/طريق_تمنصورت/دكاكين،_محلات_تجارية_ومباني_صناعية/محل_للكراء_صيدلة__53245068.htm,No,Not tagged
www.avito.ma/ar/طريق_فاس/دار_أو_ڨيلا/Terrain_à_vendre_Marrakech_avec_un_villa_titrè__54294629.htm,No,Not tagged
www.avito.ma/ar/طنجة/320_b--للبيع,No,Not tagged
www.avito.ma/ar/طنجة/95_m2_ville--للبيع,No,Not tagged
www.avito.ma/ar/طنجة/lil_atfal--للبيع,No,Not tagged
www.avito.ma/ar/طنجة/m--ﺕﺮﻳﺩ_ﺵﺭﺍﺀ,No,Not tagged
www.avito.ma/ar/طنجة/rideaux_marocain--للبيع,No,Not tagged
www.avito.ma/ar/طنجة/صوت_وصورة/sony_5--للبيع,No,Not tagged
www.avito.ma/ar/طنجة/مديونة/للدارـالمنزلـوـالحديقة-للبيع,No,Not tagged
www.avito.ma/ar/طنجة/منتجاتـالتجميل/machine_2--للبيع,No,Not tagged
www.avito.ma/ar/عين_الشق/هواتف/صالون_جاهز_لتسليم_2m20_2m20_54379110.htm,No,Not tagged
www.avito.ma/ar/عين_الشكاك/هواتف/Samsung_z_flip_4__54587141.htm,No,Not tagged
www.avito.ma/ar/عين_دياب/شقق/Appartement_à_louer_à_Casablanca___Aïn_Diab_54592716.htm,No,Not tagged
www.avito.ma/ar/عين_قادوس/تلفزيون/SONY_32_FULHD_54341863.htm,No,Not tagged
www.avito.ma/ar/ليساسفة/قطع_الغيار_لوسائل_النقل/pneus__53629762.htm,No,Not tagged
www.avito.ma/ar/مراكش/hay_fath/الأثاثـوـالديكور-للبيع,No,Not tagged
www.avito.ma/ar/مراكش/pc_mini--للبيع,No,Not tagged
www.avito.ma/ar/مراكش/دكاكين_محلات_تجارية/services..--للبيع,No,Not tagged
www.avito.ma/ar/مراكش/صوت_وصورة/galaxy_buds_pro__53100399.htm,No,Not tagged
www.avito.ma/ar/مراكش/موسيقى_وآلات/portables--للبيع,No,Not tagged
www.avito.ma/ar/مرتيل/الأجهزة_المنزلية_الكبيرة/réfrigérateur__53811712.htm,No,Not tagged
www.avito.ma/ar/مكناس/القرية/ﺕﺮﻳﺩ_ﺵﺭﺍﺀ,No,Not tagged
www.avito.ma/ar/مكناس/حيوانات_أليفة/affaires_pour--للبيع,No,Not tagged
www.avito.ma/ar/مكناس/سباتة/برطما_شقة-للبيع,No,Not tagged
www.avito.ma/ar/ميدلت/roland_spd--للبيع,No,Not tagged
www.avito.ma/ar/ميموزا/شقق/Appart_2_ch_meublé_à_Rock_Island_front_mer_54421715.htm,No,Not tagged
www.avito.ma/ar/نجد/الأثاث/Meubles_et_Décoration_à_El_Jadida_53402352.htm,No,Not tagged
www.avito.ma/ar/واد_زم/chiens_de--للبيع,No,Not tagged
www.avito.ma/ar/واد_زم/كمبيوترـمحمول/installation_des--للبيع,No,Not tagged
www.avito.ma/ar/واد_فاس/سيارات_مستعملة/Ford_Focus_C_Max_Diesel_Manuelle_2013_à_Fès_54867654.htm,No,Not tagged
www.avito.ma/ar/وجدة/سفرـوـتذاكر/d--للبيع,No,Not tagged
www.avito.ma/ar/ورزازات/كمبيوتر_محمول/BATTERY_OREGIN_ASUS_LENOVO_HP_50DH_54886528.htm,No,Not tagged
www.avito.ma/ar/وسط_المدينة/معدات_أخرى/les_chariots_54454198.htm,No,Not tagged
www.avito.ma/ar/يعقوب_المنصور/ألعاب_الفيديو_وأجهزة_تشغيل_أو_كونصولات/CARTE_GRAPHIQUE_Firepro_V5900_2GB__55131273.htm,No,Not tagged
www.avito.ma/ar/ٱيت_ملول/ﻒﻧ_ﻮﺘﺤﻓ/الرباط--للبيع,No,Not tagged
www.avito.ma/auto/neuf/bmw/serie-8/,No,Not tagged
www.avito.ma/fr/2_mars/accessoires_informatiques/Tkstar_Tracker_GPS_Magnétique_53229636.htm,No,Not tagged
www.avito.ma/fr/2_mars/appareils_photo_et_caméras/UNVRSP_08_Mini_Camera_Espion_IP_WIFI_FULL_HD_1080P_54793056.htm,No,Not tagged
www.avito.ma/fr/2_mars/téléphones/iPhone_11_capacité_64_94_batterie__54830781.htm,No,Not tagged
www.avito.ma/fr/abi_horaira/photo_video/Horloge_Caméra_Cachée_FULL_HD_Pilotable_À_330__54983933.htm,No,Not tagged
www.avito.ma/fr/achbar/matériels_professionnels/رفوف_للحمولات_الخفيفة_RAYONNAGE_SUPERMARCHÉ__54632399.htm,No,Not tagged
www.avito.ma/fr/adar/stocks_et_vente_en_gros/tshirt--à_vendre,No,Not tagged
www.avito.ma/fr/aferkat/animaux/chat_gris--à_vendre,No,Not tagged
www.avito.ma/fr/agadir/animaux/villa_avec--à_vendre,No,Not tagged
www.avito.ma/fr/agadir/hay_massira/appartements/appartement_ou_une_,No,Not tagged
www.avito.ma/fr/agadir/mentale--à_vendre,No,Not tagged
www.avito.ma/fr/agdal/autre_matériel_professionel/رفوف_المتاجر_à_Rabat_53318579.htm,No,Not tagged
www.avito.ma/fr/agdal/stocks_et_vente_en_gros/RAYONNAGE_EN_GROS_PROMOTION_53312232.htm,No,Not tagged
www.avito.ma/fr/agdal/voitures_d'occasion/Mercedes_Benz_Classe_A_Diesel_Manuelle_2015_à_Fès_54788261.htm,No,Not tagged
www.avito.ma/fr/al_amal/jeux_vidéo_et_consoles/Ps4_slim_1TB_comm_neuf_12_jeux_online_53805044.htm,No,Not tagged
www.avito.ma/fr/al_boustane/matériels_professionnels/Rayonnage_super_marché_en_noir_53822750.htm,No,Not tagged
www.avito.ma/fr/al_fida/jeux_vidéo_et_consoles/PLAY_4_SLIM_54891281.htm,No,Not tagged
www.avito.ma/fr/al_mallalienne/meubles_et_décoration/Miroir_décoratif_Gold_مرآة_جميلة_ذهبية_للحائط_54454348.htm,No,Not tagged
www.avito.ma/fr/al_mandar_al_jamil/matériel_de_bureau/Bureau_d_accueil__53828578.htm,No,Not tagged
www.avito.ma/fr/allal_el_fassi/vêtements/بجامة_2بياس_54375839.htm,No,Not tagged
www.avito.ma/fr/amsernate/ordinateurs_de_bureau/DELL_PowerEdge_R720xd_E5_2620__REMIS_A_NEUF__54732635.htm,No,Not tagged
www.avito.ma/fr/andalouss/matériel_de_bureau/Ensemble_de_bureaux_multipostes_à_vendre_53609349.htm,No,Not tagged
www.avito.ma/fr/aouama_gharbia/instruments_de_musique/redmi_not_11_s__53896338.htm,No,Not tagged
www.avito.ma/fr/aourir/intelligent--à_vendre,No,Not tagged
www.avito.ma/fr/asni/motos/to_and--à_vendre,No,Not tagged
www.avito.ma/fr/autre_secteur/accessoires_informatique_et_gadgets/BMV_700_moniteur_Battery__54869346.htm,No,Not tagged
www.avito.ma/fr/autre_secteur/accessoires_informatique_et_gadgets/trepied_smartphone_54011058.htm,No,Not tagged
www.avito.ma/fr/autre_secteur/appartements/Nouveau_Appartement_140m²___54913896.htm,No,Not tagged
www.avito.ma/fr/autre_secteur/art_et_collections/Garrett_Recon_Pro__54742376.htm,No,Not tagged
www.avito.ma/fr/autre_secteur/autres_emplois/cuisinière_nounous_garde_malade_femme_de_ménage__53090899.htm,No,Not tagged
www.avito.ma/fr/autre_secteur/décoration/Paravent_5_volets_Feuille_de_Couleurs_Assorties_II_54860480.htm,No,Not tagged
www.avito.ma/fr/autre_secteur/matériel_de_bureau/bureau_importe_54666643.htm,No,Not tagged
www.avito.ma/fr/autre_secteur/matériels_professionnels/Matériels_Professionnels_à_Mohammedia_52733583.htm,No,Not tagged
www.avito.ma/fr/autre_secteur/voitures_d'occasion/Ford_focus_2017_2_eme_main_toute__option_54870611.htm,No,Not tagged
www.avito.ma/fr/aïn_chock/accessoires_informatique_et_gadgets/Huawei_gt4__54754997.htm,No,Not tagged
www.avito.ma/fr/aïn_chock/téléphones/Iphone_12_pro_max__54499961.htm,No,Not tagged
www.avito.ma/fr/aïn_diab/equipements_pour_enfant_et_bébé/Siège_Auto_ISOFIX_360_kidilo__54810436.htm,No,Not tagged
www.avito.ma/fr/bab_taza/matériel_de_bureau/bureau_directeur_avec_caisson_hss_54869777.htm,No,Not tagged
www.avito.ma/fr/belvédère/voitures_d'occasion/Renault_Clio_Diesel_Automatique_2018_à_Casablanca_39728097.htm,No,Not tagged
www.avito.ma/fr/ben_mohammed/stocks_et_vente_en_gros/Superbe_Vestiaire_métallique_deux_portes_cadenas_52802690.htm,No,Not tagged
www.avito.ma/fr/ben_zakour/matériels_professionnels/Manutention_Professionnel_EN_Stock____54053637.htm,No,Not tagged
www.avito.ma/fr/berkane/terrains_et_fermes/tracteur_de--à_vendre,No,Not tagged
www.avito.ma/fr/bettana/jeux_vidéo_et_consoles/jeu_PS5_fifa_22_comme_neuf_53860320.htm,No,Not tagged
www.avito.ma/fr/branes_2/voitures_d'occasion/Land_Rover_Range_Rover_Sport_Diesel_Automatique_54716306.htm,No,Not tagged
www.avito.ma/fr/béni_mellal/villas_et_riads/_أرضحي_شرف_بني_ملال_قرب_فلا_شطيبي__54908350.htm,No,Not tagged
www.avito.ma/fr/casablanca/accessoires_informatique_et_gadgets/pc_gros--à_vendre,No,Not tagged
www.avito.ma/fr/casablanca/appartements/100_millions,No,Not tagged
www.avito.ma/fr/casablanca/appartements/cause_depart,No,Not tagged
www.avito.ma/fr/casablanca/beausejour/vetements_pour_enfant-à_vendre,No,Not tagged
www.avito.ma/fr/casablanca/chemises_homme--à_vendre,No,Not tagged
www.avito.ma/fr/casablanca/dar_100--à_vendre,No,Not tagged
www.avito.ma/fr/casablanca/ecran_tactile_42--à_vendre,No,Not tagged
www.avito.ma/fr/casablanca/electroménager_à_vendre--à_vendre,No,Not tagged
www.avito.ma/fr/casablanca/fl_studio--à_vendre,No,Not tagged
www.avito.ma/fr/casablanca/hp_pavilion_g--à_vendre,No,Not tagged
www.avito.ma/fr/casablanca/konica_minolta_552--à_vendre,No,Not tagged
www.avito.ma/fr/casablanca/meubles_et_décoration/a††le..--à_vendre,No,Not tagged
www.avito.ma/fr/casablanca/ordinateurs_portables/lenovo_i7_6--à_vendre,No,Not tagged
www.avito.ma/fr/casablanca/produits_de_beaute/matériel_du--à_vendre,No,Not tagged
www.avito.ma/fr/casablanca/sidi_othmane/vêtements--à_vendre,No,Not tagged
www.avito.ma/fr/casablanca/véhicules/peugeot_208_essence--à_vendre,No,Not tagged
www.avito.ma/fr/casablanca/wed--à_vendre,No,Not tagged
www.avito.ma/fr/centre/terrains_et_fermes/بقع_للبيع_تجزئة_ملاك_عيسى_قرب_محطة_جديدة_طريق_رباط_54835623.htm,No,Not tagged
www.avito.ma/fr/centre_ville/stocks_et_vente_en_gros/LES_RAYONNAGES_DE_MAGASIN_EST_DISPONIBLE__IR__50829825.htm,No,Not tagged
www.avito.ma/fr/centre_ville/stocks_et_vente_en_gros/table_de_reunion_en_promo__55058401.htm,No,Not tagged
www.avito.ma/fr/chefchaouen/matériels_professionnels/bureau_plusieur_position___SF__54653647.htm,No,Not tagged
www.avito.ma/fr/cité_des_cadres___saniat_al_mourakib/stocks_et_vente_en_gros/رفوف_جيدة_لتجهيز_وتزيين_المحلات_التجارية_54614948.htm,No,Not tagged
www.avito.ma/fr/corniche/autre_matériel_professionel/Matériels_Professionnels_à_MO_53405594.htm,No,Not tagged
www.avito.ma/fr/dakhla/led_3d--à_vendre,No,Not tagged
www.avito.ma/fr/dar_bouazza/meubles/Meuble_TV__53784340.htm,No,Not tagged
www.avito.ma/fr/derb_ghallef/petit_electroménager/منضمة_الحمام__53793096.htm,No,Not tagged
www.avito.ma/fr/derb_jamila/matériels_professionnels/caisson_de_fabrication_local__53773543.htm,No,Not tagged
www.avito.ma/fr/deroua/jardin_et_outils_de_bricolage/appartement_de_à--à_vendre,No,Not tagged
www.avito.ma/fr/dersa/meubles_et_décoration/Tableau_kb_09_54264534.htm,No,Not tagged
www.avito.ma/fr/diour_jamaa/meubles_et_décoration/Paravent_5_Volets_Arbre_Magique_Ii_À_Rabaat_54819938.htm,No,Not tagged
www.avito.ma/fr/el_jadida/vetements_pour_enfant/jeans_en--à_vendre,No,Not tagged
www.avito.ma/fr/el_mansouria/ordinateurs_portables/mini_pc_portable--à_vendre,No,Not tagged
www.avito.ma/fr/fadli/matériels_professionnels/une_aspirateur_du_air_avec_2_sachets_54525466.htm,No,Not tagged
www.avito.ma/fr/fès/modem_3--à_vendre,No,Not tagged
www.avito.ma/fr/guéliz/animaux/bichons_marron_mignon_vacciné_54386206.htm,No,Not tagged
www.avito.ma/fr/guéliz/locations_de_vacances/Studio_gueliz_avec_proche_tt_commodités__55038873.htm,No,Not tagged
www.avito.ma/fr/gzenaya_al_janoubia/télévisions/four--à_vendre,No,Not tagged
www.avito.ma/fr/hay_al_matar/locations_de_vacances/wifi_available_at_apartment_hakim__54769164.htm,No,Not tagged
www.avito.ma/fr/hay_el_andalous/meubles_et_décoration/Tableau_Awrak_Amadon_A_A_Hayy_El_Andalous_Fzjbv_54726023.htm,No,Not tagged
www.avito.ma/fr/hay_el_askari/matériels_professionnels/la_machine_du_fibber_XI28_54382199.htm,No,Not tagged
www.avito.ma/fr/hay_hassani/matériels_professionnels/Telecommande_Universelle_Portail__54674799.htm,No,Not tagged
www.avito.ma/fr/hay_izdihar/appartements/Appartement_à_louer_60_m²_à_Marrakech_54768656.htm,No,Not tagged
www.avito.ma/fr/hay_kassam/autre_matériel_professionel/Rayonnage_super_marché__53707840.htm,No,Not tagged
www.avito.ma/fr/hay_rahma/téléphones/هاتف_54870878.htm,No,Not tagged
www.avito.ma/fr/hay_riad/voitures_d'occasion/BMW_Série_3_Diesel_Automatique_2012_à_Rabat_54122054.htm,No,Not tagged
www.avito.ma/fr/hay_targa/locations_de_vacances/شقة_مفروشة_للايجار_اليومي_بمراكش__54849676.htm,No,Not tagged
www.avito.ma/fr/imouzzer/vélos/casque--à_vendre,No,Not tagged
www.avito.ma/fr/issen/kangal--à_vendre,No,Not tagged
www.avito.ma/fr/khouribga/jeux_vidéo_et_consoles/bonne--à_vendre,No,Not tagged
www.avito.ma/fr/khouribga/terrains_et_fermes/terrains_2--à_vendre,No,Not tagged
www.avito.ma/fr/lekhiam/accessoires_informatique_et_gadgets/طابعة__الالة_طبع__مطبعة__imprimante_54668109.htm,No,Not tagged
www.avito.ma/fr/malabata/locations_de_vacances/شقق_مفروشة_بمركب_الربيع_مالاباطا__54969514.htm,No,Not tagged
www.avito.ma/fr/maroc/1.40_avec_caisson--à_vendre,No,Not tagged
www.avito.ma/fr/maroc/2_pies--à_vendre,No,Not tagged
www.avito.ma/fr/maroc/4_de_queue--à_vendre,No,Not tagged
www.avito.ma/fr/maroc/accessoires_informatique_et_gadgets/d_taille--à_vendre,No,Not tagged
www.avito.ma/fr/maroc/accessoires_informatique_et_gadgets/samsung_galaxy_noire--à_vendre,No,Not tagged
www.avito.ma/fr/maroc/animaux/chiot_husky--à_vendre,No,Not tagged
www.avito.ma/fr/maroc/animaux/negociable--à_vendre,No,Not tagged
www.avito.ma/fr/maroc/appartements/a2,No,Not tagged
www.avito.ma/fr/maroc/appartements/métro,No,Not tagged
www.avito.ma/fr/maroc/appartements/à_aïn_chock,No,Not tagged
www.avito.ma/fr/maroc/bmw_cabriolet_320--à_vendre,No,Not tagged
www.avito.ma/fr/maroc/bods--à_vendre,No,Not tagged
www.avito.ma/fr/maroc/camions/ta3--à_vendre,No,Not tagged
www.avito.ma/fr/maroc/chaussures_femmes--à_vendre,No,Not tagged
www.avito.ma/fr/maroc/cosmetique_bio--à_vendre,No,Not tagged
www.avito.ma/fr/maroc/dalmatien_mois--à_vendre,No,Not tagged
www.avito.ma/fr/maroc/dlink_dsl--à_vendre,No,Not tagged
www.avito.ma/fr/maroc/du_permis--à_vendre,No,Not tagged
www.avito.ma/fr/maroc/electorménager_et_vaisselle/brand--à_vendre,No,Not tagged
www.avito.ma/fr/maroc/image_et_son/cs--à_vendre,No,Not tagged
www.avito.ma/fr/maroc/informatique_et_multimedia/apk--à_vendre,No,Not tagged
www.avito.ma/fr/maroc/les_robe_mariage--à_vendre,No,Not tagged
www.avito.ma/fr/maroc/location_par_jours--à_vendre,No,Not tagged
www.avito.ma/fr/maroc/maison_1_ancienne_m--à_vendre,No,Not tagged
www.avito.ma/fr/maroc/marrakech_daoudiate_5--à_vendre,No,Not tagged
www.avito.ma/fr/maroc/matériels_professionnels/taxe--à_vendre,No,Not tagged
www.avito.ma/fr/maroc/meubles_et_décoration/a_50--à_vendre,No,Not tagged
www.avito.ma/fr/maroc/meubles_et_décoration/memoire--à_vendre,No,Not tagged
www.avito.ma/fr/maroc/meubles_et_décoration/mopra--à_vendre,No,Not tagged
www.avito.ma/fr/maroc/meubles_et_décoration/فيترينة--à_vendre,No,Not tagged
www.avito.ma/fr/maroc/mis_temps--à_vendre,No,Not tagged
www.avito.ma/fr/maroc/montres_et_bijoux/de_inox--à_vendre,No,Not tagged
www.avito.ma/fr/maroc/motos/burgman_suzuki--à_vendre,No,Not tagged
www.avito.ma/fr/maroc/motos/neos_bon_etat--à_vendre,No,Not tagged
www.avito.ma/fr/maroc/neos_50--à_vendre,No,Not tagged
www.avito.ma/fr/maroc/nikon_f_2.8--à_vendre,No,Not tagged
www.avito.ma/fr/maroc/o_16--à_vendre,No,Not tagged
www.avito.ma/fr/maroc/petite_série--à_vendre,No,Not tagged
www.avito.ma/fr/maroc/roulant_manuel--à_vendre,No,Not tagged
www.avito.ma/fr/maroc/surfing--à_vendre,No,Not tagged
www.avito.ma/fr/maroc/tab_s_3--à_vendre,No,Not tagged
www.avito.ma/fr/maroc/terrain_agricole_a_la_location--à_vendre,No,Not tagged
www.avito.ma/fr/maroc/terrains_et_fermes/victoria_city_à--à_vendre,No,Not tagged
www.avito.ma/fr/maroc/vetements/de_tres--à_vendre,No,Not tagged
www.avito.ma/fr/maroc/vetements/s_tout--à_vendre,No,Not tagged
www.avito.ma/fr/maroc/véhicules/yamaha_aerox_nitro--à_vendre,No,Not tagged
www.avito.ma/fr/maroc/xeon_e5_2670--à_vendre,No,Not tagged
www.avito.ma/fr/marrakech/appartements/maison_avec_prix,No,Not tagged
www.avito.ma/fr/marrakech/camions/model_1995--à_vendre,No,Not tagged
www.avito.ma/fr/marrakech/harti/services/...et...--à_vendre,No,Not tagged
www.avito.ma/fr/marrakech/land_rover_range--à_vendre,No,Not tagged
www.avito.ma/fr/marrakech/magasins_et_commerces/course--à_vendre,No,Not tagged
www.avito.ma/fr/marrakech/pickup_isuzu--à_vendre,No,Not tagged
www.avito.ma/fr/marrakech/roue_secours_galette--à_vendre,No,Not tagged
www.avito.ma/fr/martil/magasins_et_commerces/plage_de--à_vendre,No,Not tagged
www.avito.ma/fr/mellila/scenic--à_vendre,No,Not tagged
www.avito.ma/fr/mohammedia/camions/voiture_en_bon--à_vendre,No,Not tagged
www.avito.ma/fr/moualine_el_oued/electorménager_et_vaisselle-à_vendre,No,Not tagged
www.avito.ma/fr/médina_de_rabat/autre_équipement_pour_bébé_et_enfant/cumono_de_18_mois_54810554.htm,No,Not tagged
www.avito.ma/fr/nador/de_terrain_titré--à_vendre,No,Not tagged
www.avito.ma/fr/naima/jardin_et_outils_de_bricolage-à_vendre,No,Not tagged
www.avito.ma/fr/narjis/meubles_et_décoration/_un_lit_avec_matela_bon_etat__54798629.htm,No,Not tagged
www.avito.ma/fr/nouaceur/maisons_et_villas/1108_DB___Villa_à_vendre_à_Dar_Bouazza_54562146.htm,No,Not tagged
www.avito.ma/fr/ouarzazate/accessoires_informatique_et_gadgets/Coque_iPhone__à_Ouarzazate_53462783.htm,No,Not tagged
www.avito.ma/fr/ouarzazate/accessoires_informatiques/disc_dur_256G_SSD_flash_usb_53974173.htm,No,Not tagged
www.avito.ma/fr/ouarzazate/colocations/fès_narjis,No,Not tagged
www.avito.ma/fr/oujda/folio--à_vendre,No,Not tagged
www.avito.ma/fr/oujda/samsung_32_tv--à_vendre,No,Not tagged
www.avito.ma/fr/ouled_oujih/equipements_pour_enfant_et_bébé/pousette_pour_bebe_54154054.htm,No,Not tagged
www.avito.ma/fr/rabat/bat--à_vendre,No,Not tagged
www.avito.ma/fr/rabat/bureaux_et_plateaux/location_voiture--à_vendre,No,Not tagged
www.avito.ma/fr/rabat/diour_jamaa/vélos/...et...--à_vendre,No,Not tagged
www.avito.ma/fr/rabat/hay_riad/meubles_a_vendre--à_vendre,No,Not tagged
www.avito.ma/fr/rabat/imouzzer_kandar--à_vendre,No,Not tagged
www.avito.ma/fr/rabat/voltage--à_vendre,No,Not tagged
www.avito.ma/fr/rabat/vélos/h--à_vendre,No,Not tagged
www.avito.ma/fr/roustal/electroménager_et_vaisselles/سخان_ماءjunkers_54861506.htm,No,Not tagged
www.avito.ma/fr/route_jerada/animaux/Agate_male_54588826.htm,No,Not tagged
www.avito.ma/fr/sala_el_jadida/chaussures/sbadrille_original_jdida_54966435.htm,No,Not tagged
www.avito.ma/fr/salé/marjane/motos-à_vendre,No,Not tagged
www.avito.ma/fr/settat/308_diesel_1.6--à_vendre,No,Not tagged
www.avito.ma/fr/seyad/voitures_d'occasion/Peugeot_508_Diesel_Manuelle_2016_à_Kénitra_54682148.htm,No,Not tagged
www.avito.ma/fr/sidi_abdelkarim/matériels_professionnels/CNC_moteur_pa_a_pa____54056832.htm,No,Not tagged
www.avito.ma/fr/sidi_bennour/animaux/je_d--à_vendre,No,Not tagged
www.avito.ma/fr/sidi_bennour/maison_de_casablanca--à_vendre,No,Not tagged
www.avito.ma/fr/sidi_maarouf/meubles/بيت_نوم_متميز__54451976.htm,No,Not tagged
www.avito.ma/fr/sidi_slimane_echcharraa/femme_de_menage_nounou_chauffeurs-à_vendre,No,Not tagged
www.avito.ma/fr/skhour_rhamna/electorménager_et_vaisselle-à_vendre,No,Not tagged
www.avito.ma/fr/tahannaout/ordinateurs_portables/lenovo_yoga_3--à_vendre,No,Not tagged
www.avito.ma/fr/talsint/matériels_professionnels/com*--à_vendre,No,Not tagged
www.avito.ma/fr/tamensourt/electroménager_et_vaisselles/four_52829591.htm,No,Not tagged
www.avito.ma/fr/tamri/electorménager_et_vaisselle-à_vendre,No,Not tagged
www.avito.ma/fr/tanger/appareils_photo_cameras/pro_s--à_vendre,No,Not tagged
www.avito.ma/fr/tanger/chatma--à_vendre,No,Not tagged
www.avito.ma/fr/tanger/de_silice--à_vendre,No,Not tagged
www.avito.ma/fr/tanger/ecran_hp_23_pouces--à_vendre,No,Not tagged
www.avito.ma/fr/tanger/grave--à_vendre,No,Not tagged
www.avito.ma/fr/tanger/h.m--à_vendre,No,Not tagged
www.avito.ma/fr/tanger/lit_1.40*1.90--à_vendre,No,Not tagged
www.avito.ma/fr/tanger/louer_bien--à_vendre,No,Not tagged
www.avito.ma/fr/tanger/m'hamid_berradi,No,Not tagged
www.avito.ma/fr/tanger/meubles_et_décoration/مجاهدين__53076266.htm,No,Not tagged
www.avito.ma/fr/tanger/model_1999--à_vendre,No,Not tagged
www.avito.ma/fr/tanger/montre_chic--à_vendre,No,Not tagged
www.avito.ma/fr/tanger/ordinateurs_portables/asus_écran--à_vendre,No,Not tagged
www.avito.ma/fr/tanger/pc_1070--à_vendre,No,Not tagged
www.avito.ma/fr/tanger/t_race--à_vendre,No,Not tagged
www.avito.ma/fr/tanger/terrains_et_fermes/a_en_1--à_vendre,No,Not tagged
www.avito.ma/fr/tanger/vetements/pantalon--à_vendre,No,Not tagged
www.avito.ma/fr/taza/vetements/de_taille--à_vendre,No,Not tagged
www.avito.ma/fr/tinghir/motos/o_3--à_vendre,No,Not tagged
www.avito.ma/fr/tiznit/tapis/Tapis_9m40_en_très_bon_état__53986739.htm,No,Not tagged
www.avito.ma/fr/tétouan/ziana/véhicules-à_vendre,No,Not tagged
www.avito.ma/fr/val_fleuri/autre_matériel_professionel/Matériels_Professionnels_à_Casablanca_52902720.htm,No,Not tagged
www.avito.ma/fr/wislane/meubles/wyslan_meknes_meknes_53555210.htm,No,Not tagged
www.avito.ma/fr/wislane/vélos/vélo_54821263.htm,No,Not tagged
www.avito.ma/fr/yacoub_el_mansour/jeux_vidéo_et_consoles/Nintendo_switch_V3_54546376.htm,No,Not tagged
www.avito.ma/fr/yacoub_el_mansour/meubles_et_décoration/panini_double_53615519.htm,No,Not tagged
www.avito.ma/fr/zaouia_sidi_tahar/femme_de_menage_nounou_chauffeurs-à_vendre,No,Not tagged
www.avito.ma/fr/تسلطانت/دكاكين_محلات_تجارية/au_beauséjour--à_vendre,No,Not tagged
www.avito.ma/ar/2_مارس/الأثاث_والديكور/film_adhésif_anti_chaleur__54910957.htm,No,Not tagged
www.avito.ma/ar/2_مرجان/سيارات_مستعملة/Kia_i10_bon_état__55129554.htm,No,Not tagged
www.avito.ma/ar/أكدال/شقق/appart_pres_de_webhelp_agdal_52842454.htm,No,Not tagged
www.avito.ma/ar/افورار/بقعـوـمزارع/appartement_a--للبيع,No,Not tagged
www.avito.ma/ar/الحاجب/قطعـالغيارـلوسائلـالنقل/golf_32--للبيع,No,Not tagged
www.avito.ma/ar/الدار_البيضاء/94_à_casablanca--للبيع,No,Not tagged
www.avito.ma/ar/الدار_البيضاء/girard--للبيع,No,Not tagged
www.avito.ma/ar/الدار_البيضاء/iron_gym--للبيع,No,Not tagged
www.avito.ma/ar/الدار_البيضاء/peugeot_508_2014--للبيع,No,Not tagged
www.avito.ma/ar/الدار_البيضاء/toyota_corolla_à--للبيع,No,Not tagged
www.avito.ma/ar/الدار_البيضاء/المعاريف/مكاتب/appartement_m2--للبيع,No,Not tagged
www.avito.ma/ar/الدار_البيضاء/تجهيزاتـللأطفالـوـالرضع/sur_et--للبيع,No,Not tagged
www.avito.ma/ar/الدار_البيضاء/جيدة_للبيع--للبيع,No,Not tagged
www.avito.ma/ar/الدار_البيضاء/سباتة/ساعاتـوـمجوهرات/petit_bijoux--للبيع,No,Not tagged
www.avito.ma/ar/الدار_البيضاء/سور_الجديد/الأثاثـوـالديكور/...et...--للبيع,No,Not tagged
www.avito.ma/ar/الدار_البيضاء/سيارات_مستعملة/Toyota_Yaris__53186155.htm,No,Not tagged
www.avito.ma/ar/الدار_البيضاء/سيدي_برنوصي/خدمات/d--للبيع,No,Not tagged
www.avito.ma/ar/الدار_البيضاء/معدات_مهنية/ثلاجة_إنوكس_مليحة_بثمن_مناسب_53062721.htm,No,Not tagged
www.avito.ma/ar/الرباط/golf_3_neuf--للبيع,No,Not tagged
www.avito.ma/ar/الرباط/دراجات/vélo_bon--للبيع,No,Not tagged
www.avito.ma/ar/الرباط/عقار/prés_de_marjane,No,Not tagged
www.avito.ma/ar/الصويرة/منازل_للعطلة/Appartement_n9iya_a_essouira_center_vill__55078355.htm,No,Not tagged
www.avito.ma/ar/الصياد/أحذية/Mkhayt_mzn_53703415.htm,No,Not tagged
www.avito.ma/ar/العرائش/villas_et--للبيع,No,Not tagged
www.avito.ma/ar/العيون/كمبيوتر_محمول/Ordinateurs_portables_à_Laâyoune_53348531.htm,No,Not tagged
www.avito.ma/ar/القرية/peugeot_206_modèle--للبيع,No,Not tagged
www.avito.ma/ar/القنيطرة/iphone_8_64gb--للبيع,No,Not tagged
www.avito.ma/ar/القنيطرة/ou_jardin--للبيع,No,Not tagged
www.avito.ma/ar/المحمدية/الحسنية_1/شاحنات-للبيع,No,Not tagged
www.avito.ma/ar/المديق/شاحنات/peugeot--للبيع,No,Not tagged
www.avito.ma/ar/المديق/منازل_للعطلة/super_calme_appartement_centre_ville_mdiq__53220473.htm,No,Not tagged
www.avito.ma/ar/المدينة_العليا/شقق/Appartement_à_vendre_107_m²_à_Kénitra_55052866.htm,No,Not tagged
www.avito.ma/ar/المسيرة/هواتف/ZTE_Nubia_z50_Ultra__12_Ram_256gb_55052983.htm,No,Not tagged
www.avito.ma/ar/المسيرة_2/الديكور/Horloge_murale__53652252.htm,No,Not tagged
www.avito.ma/ar/المسيرة_3/هواتف/Iphone_13_pro_54341740.htm,No,Not tagged
www.avito.ma/ar/المعاريف/سيارات_مستعملة/Jeep_Cherokee_Diesel_Automatique_2015_à_Casablanca_54074299.htm,No,Not tagged
www.avito.ma/ar/المغرب/bol_mixeur--للبيع,No,Not tagged
www.avito.ma/ar/المغرب/chiots_bulldog_francais--للبيع,No,Not tagged
www.avito.ma/ar/المغرب/comptoirs_vitrine--للبيع,No,Not tagged
www.avito.ma/ar/المغرب/dell_e7240_i7--للبيع,No,Not tagged
www.avito.ma/ar/المغرب/emploi_chef--للبيع,No,Not tagged
www.avito.ma/ar/المغرب/mercedes_classe_c_pack_amg--للبيع,No,Not tagged
www.avito.ma/ar/المغرب/montre_sc--للبيع,No,Not tagged
www.avito.ma/ar/المغرب/peugeot_vogue--للبيع,No,Not tagged
www.avito.ma/ar/المغرب/sit--للبيع,No,Not tagged
www.avito.ma/ar/المغرب/tlamet_tres_bon--للبيع,No,Not tagged
www.avito.ma/ar/المغرب/الأثاثـوـالديكور/2_salles_bain--للبيع,No,Not tagged
www.avito.ma/ar/المغرب/بقعـوـمزارع/les_garages--للبيع,No,Not tagged
www.avito.ma/ar/المغرب/بقعـوـمزارع/tanja_m2--للبيع,No,Not tagged
www.avito.ma/ar/المغرب/تلفونيات/prix_fixe--للبيع,No,Not tagged
www.avito.ma/ar/المغرب/دكاكين_محلات_تجارية/jet_sakan--للبيع,No,Not tagged
www.avito.ma/ar/المغرب/شاحنات/neuf--للبيع,No,Not tagged
www.avito.ma/ar/المغرب/كمبيوترـمنزلي/400w--للبيع,No,Not tagged
www.avito.ma/ar/المغرب/معدات_مهنية/cao--للبيع,No,Not tagged
www.avito.ma/ar/المغرب/ملبس/jlaba_jdida--للبيع,No,Not tagged
www.avito.ma/ar/المنزه/شاحنات/camion_mitsubishi--للبيع,No,Not tagged
www.avito.ma/ar/الولفة/شقق/Appartement__54873052.htm,No,Not tagged
www.avito.ma/ar/باب_دكالة/معدات_أخرى/rayonnage_super_marcher_en_promotion__51748299.htm,No,Not tagged
www.avito.ma/ar/بالميي/دكاكين،_محلات_تجارية_ومباني_صناعية/2Magazins_Mitoyens_45m2_et_75m2_a_louer_au_Palmier_55121075.htm,No,Not tagged
www.avito.ma/ar/براكية/الأثاث_والديكور/Lbab_porte__53951027.htm,No,Not tagged
www.avito.ma/ar/برشيد/خدمات/abonnement_gold_iptv___vod_12_mois__52265121.htm,No,Not tagged
www.avito.ma/ar/بودير/درجات_نارية/Moto_53317823.htm,No,Not tagged
www.avito.ma/ar/بورنازيل/أحذية/Adidas_originals_Ozelia_42_54844269.htm,No,Not tagged
www.avito.ma/ar/بورنازيل/هوايات_ورياضة/Skateboard__54412273.htm,No,Not tagged
www.avito.ma/ar/بوسجور/ألعاب_الفيديو_وأجهزة_تشغيل_أو_كونصولات/Thrustmaster_TM_Racing_Clamp_53500278.htm,No,Not tagged
www.avito.ma/ar/بوعرورو/ألعاب_الفيديو_وأجهزة_تشغيل_أو_كونصولات/Corsair_CX650F_650W_RGB_BLANC_80_PLUS_BRONZE_54732439.htm,No,Not tagged
www.avito.ma/ar/تازة/أجهزةـالإلكترومناجيـوـالأواني/accessoires_de--للبيع,No,Not tagged
www.avito.ma/ar/تازة/ألعاب_الفيديو/بلاي_3_جديد_54478985.htm,No,Not tagged
www.avito.ma/ar/تزنيت/كمبيوترـمنزلي/1500dh--للبيع,No,Not tagged
www.avito.ma/ar/تمارة/a_bois_massif--للبيع,No,Not tagged
www.avito.ma/ar/تيط_مليل/سيارات_مستعملة/Dacia_Sandero_Diesel_Manuelle_2018_à_Tit_Mellil_54854734.htm,No,Not tagged
www.avito.ma/ar/حي_آخر/شقق/Appartement_à_louer_El_Jadida_53283900.htm,No,Not tagged
www.avito.ma/ar/حي_أهلا/سيارات__للكراء/locastion_de_voiture_54294574.htm,No,Not tagged
www.avito.ma/ar/حي_البطوار/هواتف/Samsung_A13_64gb_4gb_53936167.htm,No,Not tagged
www.avito.ma/ar/حي_الحديقة/سيارات_مستعملة/Renault_Kangoo_Diesel_Manuelle_2011_à_Fès_54744501.htm,No,Not tagged
www.avito.ma/ar/حي_الحديقة/مكاتب/Vends_bureau_59_m2_Kamal_Park__54856259.htm,No,Not tagged
www.avito.ma/ar/حي_الحسني/معدات_مهنية/équipements_pour_restaurateurs__54712088.htm,No,Not tagged
www.avito.ma/ar/حي_الرياض/سيارات_مستعملة/Jumper_53230836.htm,No,Not tagged
www.avito.ma/ar/حي_الشمس/الديكور/TABLEAU_CANVA_RED_GLEAM_DE_MOHAMMMEDIA_54969721.htm,No,Not tagged
www.avito.ma/ar/حي_المستشفيات/شقق/Appartement_120m_meublé_54908498.htm,No,Not tagged
www.avito.ma/ar/حي_داخلة/كمبيوتر_محمول/thinkpad_i5_10_eme_promo__55131530.htm,No,Not tagged
www.avito.ma/ar/خريبكة/pour_personne_à--للبيع,No,Not tagged
www.avito.ma/ar/خريبكة/دروس/cours_de_soutien--للبيع,No,Not tagged
www.avito.ma/ar/درب_عمر/هواتف/iPhone_12_256_54786735.htm,No,Not tagged
www.avito.ma/ar/درب_غلف/هواتف/درب_غلف_الدار_البيضاء__53750379.htm,No,Not tagged
www.avito.ma/ar/رأس_اجري/أنفورـماتيكـوـميلتيـميديا-للبيع,No,Not tagged
www.avito.ma/ar/زواغة/الأثاث/Meubles_et_Décoration_à_Fès_53036904.htm,No,Not tagged
www.avito.ma/ar/سلا/دكاكين_محلات_تجارية/location_villa_de--للبيع,No,Not tagged
www.avito.ma/ar/سلا/شرقاوي__مرزوقة/ساعاتـوـمجوهرات-للبيع,No,Not tagged
www.avito.ma/ar/سيدي_بطاش/أجهزةـالإلكترومناجيـوـالأواني-للبيع,No,Not tagged
www.avito.ma/ar/سيدي_بوزيد/شقق/سيدي_بوزيد__52999596.htm,No,Not tagged
www.avito.ma/ar/سيدي_غانم/درجات_نارية/Royal_Enfield_Classic_Bullet_500_53150816.htm,No,Not tagged
www.avito.ma/ar/صافية/دكاكين،_محلات_تجارية_ومباني_صناعية/Magasin_commercial_30m_54261785.htm,No,Not tagged
www.avito.ma/ar/طنجة/باطوّات_قوارب/pour_et_jet--للبيع,No,Not tagged
www.avito.ma/ar/طنجة/دكاكين_محلات_تجارية/site--للبيع,No,Not tagged
www.avito.ma/ar/طنجة/شاحنات/transport--للبيع,No,Not tagged
www.avito.ma/ar/طنجة/قطعـالغيارـلوسائلـالنقل/c15--للبيع,No,Not tagged
www.avito.ma/ar/طنجة/مخزوناتـوـبيعـبالجملة/pizza_boite--للبيع,No,Not tagged
www.avito.ma/ar/عزوزية/تجارة_وأعمال_تجارية/شري_و_نتا_مرتاح_53302533.htm,No,Not tagged
www.avito.ma/ar/فاس/حي_فضيلة/أجهزةـالإلكترومناجيـوـالأواني-للبيع,No,Not tagged
www.avito.ma/ar/فاس/دار_مهراز/avito_vehicules--للبيع,No,Not tagged
www.avito.ma/ar/فم_زڭيد/maillots_de_bain--للبيع,No,Not tagged
www.avito.ma/ar/كلميم/ساعاتـوـمجوهرات/snsla--للبيع,No,Not tagged
www.avito.ma/ar/كليز/منازل_للعطلة/appartement_wifi_proche_macdo_zara_gueliz_wifi_54652417.htm,No,Not tagged
www.avito.ma/ar/مراكش/appartement_des_à--ﺕﺮﻳﺩ_ﺵﺭﺍﺀ,No,Not tagged
www.avito.ma/ar/مراكش/motor_vespa--للبيع,No,Not tagged
www.avito.ma/ar/مراكش/ازلي/ساعاتـوـمجوهرات-للبيع,No,Not tagged
www.avito.ma/ar/مراكش/المكاتب_و_المحلات_التجارية--للبيع,No,Not tagged
www.avito.ma/ar/مراكش/عرصة_إهري/صوت_وصورة-للبيع,No,Not tagged
www.avito.ma/ar/مركز_بوسكورة/صوت_وصورة/Bang___Olufsen_E8_2_0_53374401.htm,No,Not tagged
www.avito.ma/ar/مكناس/2_مرجان/mouleuse--للبيع,No,Not tagged
www.avito.ma/ar/مكناس/البساتين/honda_suzuki--للبيع,No,Not tagged
www.avito.ma/ar/مكناس/زرهونية/ﻒﻧ_ﻮﺘﺤﻓ/...et...--للبيع,No,Not tagged
www.avito.ma/ar/مولاي_إدريس_زرهون/وسائل_النقل-للبيع,No,Not tagged
www.avito.ma/ar/ٱمرشيش/الأثاث_والديكور/Paravent_5_Volets_Caravane_De_Chameaux_Ii_Bymus_54720751.htm,No,Not tagged
www.avito.ma/auto/neuf/lexus/lx/,No,Not tagged
www.avito.ma/auto/neuf/renault/latitude/2.0-dci-175-dynamique-bva/,No,Not tagged
www.avito.ma/fr/2_mars/matériel_de_bureau/bureau_importation_DIM_1M80_rapport_qualité_prix_54533885.htm,No,Not tagged
www.avito.ma/fr/2_mars/smartphone_et_téléphone/iphone_12__128_Gb_53412428.htm,No,Not tagged
www.avito.ma/fr/2_mars/téléphones/Huawei_Nova3i_fih_4g_ram__128g_stockage_9ra_lte7t__54829111.htm,No,Not tagged
www.avito.ma/fr/2_mars/voitures_d'occasion/Volkswagen_Tiguan_Diesel_Automatique_2019_54373493.htm,No,Not tagged
www.avito.ma/fr/agadir/hay_salam/femmes_de_ménages__nounous_et_chauffeurs--à_vendre,No,Not tagged
www.avito.ma/fr/agadir/mercedes_classe_s320--à_vendre,No,Not tagged
www.avito.ma/fr/agadir/tablettes/l--à_vendre,No,Not tagged
www.avito.ma/fr/ahlane/téléphones/app_watch_original_52988466.htm,No,Not tagged
www.avito.ma/fr/ain_bida/travaux_maison-à_vendre,No,Not tagged
www.avito.ma/fr/ain_sebaa/autre_matériel_professionel/Pressa_mécanique__53196666.htm,No,Not tagged
www.avito.ma/fr/ain_sebaa/décoration/Tableau_D3_53798302.htm,No,Not tagged
www.avito.ma/fr/akka/meubles_et_décoration-à_vendre,No,Not tagged
www.avito.ma/fr/al_hoceima/montres_et_bijoux/électronique--à_vendre,No,Not tagged
www.avito.ma/fr/al_hociema/manuel--à_vendre,No,Not tagged
www.avito.ma/fr/allal_el_fassi/meubles_et_décoration/Table_à_manger_avec_06_chaises_54608573.htm,No,Not tagged
www.avito.ma/fr/amsernate/meubles_et_décoration/Tableau_ZN_36_54231517.htm,No,Not tagged
www.avito.ma/fr/amsernate/meubles_et_décoration/lit_complet_a_vendre_54879634.htm,No,Not tagged
www.avito.ma/fr/autre_secteur/accessoires_informatique_et_gadgets/des_clés_USB_53698609.htm,No,Not tagged
www.avito.ma/fr/autre_secteur/appartements/Appartements_94m²__2_facades_____54722908.htm,No,Not tagged
www.avito.ma/fr/autre_secteur/appartements/Centre_ville_2_min_la_gare_de_kenitra__52980550.htm,No,Not tagged
www.avito.ma/fr/autre_secteur/bureaux_à_louer/11647_Bureau_à_louer_à_25000DH_à_Douar_Drabna_54687745.htm,No,Not tagged
www.avito.ma/fr/autre_secteur/instruments_de_musique/Guitar_electrique_53020038.htm,No,Not tagged
www.avito.ma/fr/autre_secteur/matériels_professionnels/DES_BUREAUX_BENCH_SUR_MESURES__DDE_TEMAARA_54488541.htm,No,Not tagged
www.avito.ma/fr/autre_secteur/matériels_professionnels/_Rabat__rayonnage_53425238.htm,No,Not tagged
www.avito.ma/fr/autre_secteur/matériels_professionnels/chaises_iso__54749927.htm,No,Not tagged
www.avito.ma/fr/autre_secteur/stocks_et_vente_en_gros/Armoire_metallique__54410550.htm,No,Not tagged
www.avito.ma/fr/azemmour/meubles_et_décoration/mokit--à_vendre,No,Not tagged
www.avito.ma/fr/azilal/voitures_d'occasion/Peugeot_208_disel_54852250.htm,No,Not tagged
www.avito.ma/fr/aïn_borja/instruments_de_musique/sumsung_A_11_baka_jdida__53344732.htm,No,Not tagged
www.avito.ma/fr/aïn_borja/téléphones/iphone_53516639.htm,No,Not tagged
www.avito.ma/fr/aïn_chock/matériels_professionnels/convoyeur_industrielle__54116910.htm,No,Not tagged
www.avito.ma/fr/aïn_chock/meubles_et_décoration/guitare_decorative_unique__54339559.htm,No,Not tagged
www.avito.ma/fr/aïn_diab/autre_matériel_professionel/Chaise__à_vendre___ag_54709463.htm,No,Not tagged
www.avito.ma/fr/beauséjour/local_à_louer/Boutique_à_vendre_Beauséjour__53755661.htm,No,Not tagged
www.avito.ma/fr/belkhir/autre_matériel_professionel/armoire_en_bois__53940350.htm,No,Not tagged
www.avito.ma/fr/belvédère/matériels_professionnels/MASSICOT_MANUEL_A3_Plus_53823403.htm,No,Not tagged
www.avito.ma/fr/belvédère/matériels_professionnels/Soudeuse_30cm_sac_plastique_Thermoscelleuse_54731402.htm,No,Not tagged
www.avito.ma/fr/berkane/camions/daewoo--à_vendre,No,Not tagged
www.avito.ma/fr/berkane/immobilier/terrain_agricole_à,No,Not tagged
www.avito.ma/fr/berrechid/voitures_d'occasion/Ford_fiesta_diesel_trend_plus_54781295.htm,No,Not tagged
www.avito.ma/fr/bir_rami_est/matériels_professionnels/the_floor_grinding_machine_54802237.htm,No,Not tagged
www.avito.ma/fr/bni_khloug/camions/conter--à_vendre,No,Not tagged
www.avito.ma/fr/bouguedra/jardin_et_outils_de_bricolage-à_vendre,No,Not tagged
www.avito.ma/fr/boumalnedades/de_m2_oulad--à_vendre,No,Not tagged
www.avito.ma/fr/bouskoura/appartements/appartement_haut_m2,No,Not tagged
www.avito.ma/fr/bouskoura_centre/offres_d'emploi/offre_d_emploi__54703631.htm,No,Not tagged
www.avito.ma/fr/casablanca/appartements/pressing_à,No,Not tagged
www.avito.ma/fr/casablanca/bureaux_et_plateaux/de_camera_de--à_vendre,No,Not tagged
www.avito.ma/fr/casablanca/chambre_complete_avec--à_vendre,No,Not tagged
www.avito.ma/fr/casablanca/films__livres__magazines/Livre_adèle__53197676.htm,No,Not tagged
www.avito.ma/fr/casablanca/habillement_et_bien_etre/dentelle--à_vendre,No,Not tagged
www.avito.ma/fr/casablanca/hay_almassira_3/confort_de_la_maison-à_vendre,No,Not tagged
www.avito.ma/fr/casablanca/immobilier/بمدينة_فاس,No,Not tagged
www.avito.ma/fr/casablanca/maarif/appartement_pour_rahn--à_vendre,No,Not tagged
www.avito.ma/fr/casablanca/meubles_et_décoration/Plafonnier_carré_en_cristal__53022632.htm,No,Not tagged
www.avito.ma/fr/casablanca/samsung_j7_prime--à_vendre,No,Not tagged
www.avito.ma/fr/casablanca/véhicules/xo--à_vendre,No,Not tagged
www.avito.ma/fr/casablanca/zara_gueliz--à_vendre,No,Not tagged
www.avito.ma/fr/casablanca/zarbia_tapis--à_vendre,No,Not tagged
www.avito.ma/fr/centre/téléphones/HUAWIE_POCKET_256_8GB__2_mois_de_garantie__54717831.htm,No,Not tagged
www.avito.ma/fr/centre_ville/electroménager_et_vaisselles/je_met_en_vente_ce_four_électrique__54417859.htm,No,Not tagged
www.avito.ma/fr/centre_ville/locations_de_vacances/Appartement_bien_équipé_à_centre_et_wifi_54773621.htm,No,Not tagged
www.avito.ma/fr/centre_ville/locations_de_vacances/appart_proche_de_tt_les_centre_commerciale_55130135.htm,No,Not tagged
www.avito.ma/fr/centre_ville/voitures_d'occasion/Peugeot_308__54693341.htm,No,Not tagged
www.avito.ma/fr/dakhla/de_cuisine_un--à_vendre,No,Not tagged
www.avito.ma/fr/dakhla/fiat_punto_essence--à_vendre,No,Not tagged
www.avito.ma/fr/el_houda/téléphones/iPhone_XS_Max_64gb__54506455.htm,No,Not tagged
www.avito.ma/fr/el_jadida/malinois_race_pure--à_vendre,No,Not tagged
www.avito.ma/fr/el_jadida/mont--à_vendre,No,Not tagged
www.avito.ma/fr/el_jadida/motos/yamaha_xt--à_vendre,No,Not tagged
www.avito.ma/fr/el_jadida/samsung_j7_prime--à_vendre,No,Not tagged
www.avito.ma/fr/el_jadida/téléphones/Samsung_Galaxy_A8_52845466.htm,No,Not tagged
www.avito.ma/fr/errahma/appartements/appartement_à_louer_résidence_attawhid__54789050.htm,No,Not tagged
www.avito.ma/fr/fquih_ben_saleh/voitures_d'occasion/honda_54787630.htm,No,Not tagged
www.avito.ma/fr/guéliz/promenade/Poussette_bébé_neuf_54323234.htm,No,Not tagged
www.avito.ma/fr/had_soualem/terrains_et_fermes_à_louer/Lot_villa_isolée_53984959.htm,No,Not tagged
www.avito.ma/fr/hamria/voitures_d'occasion/Renault_Megane_4_Diesel_Manuelle_2019_à_Meknès_52780219.htm,No,Not tagged
www.avito.ma/fr/hassan/meubles_et_décoration/Tableau_Amazigh_Thing_Aa_Aa_Haassaan_54696105.htm,No,Not tagged
www.avito.ma/fr/hay_atlas/matériels_professionnels/حي_الاطلس_فاس_54785581.htm,No,Not tagged
www.avito.ma/fr/hay_hassani/matériels_professionnels/lit__médicalisé_presque_neuf_54172416.htm,No,Not tagged
www.avito.ma/fr/hay_hassani/matériels_professionnels/présentoir_vertical_vitre_deux_portes_positif__54609190.htm,No,Not tagged
www.avito.ma/fr/hay_mohammadi/accessoires_informatique_et_gadgets/Vitrine_aluminium_Telephone_53166165.htm,No,Not tagged
www.avito.ma/fr/hay_moulay_rachid/art_et_collections/Pièce_de_Saddam_Hussein_54651671.htm,No,Not tagged
www.avito.ma/fr/hay_nejma/meubles_et_décoration/Tableau_déco_merc9_54238559.htm,No,Not tagged
www.avito.ma/fr/hay_riad/jeux_vidéo_et_consoles/PS5_52890076.htm,No,Not tagged
www.avito.ma/fr/ifrane/samsung_s3_mini--à_vendre,No,Not tagged
www.avito.ma/fr/jrada/pièces_et_accessoires_véhicules/r1000--à_vendre,No,Not tagged
www.avito.ma/fr/ketama/sakhan--à_vendre,No,Not tagged
www.avito.ma/fr/khemisset/sports_et_loisirs/فرشة_صحية_وطبية__من_نوع_OP_02__54159037.htm,No,Not tagged
www.avito.ma/fr/khénifra/sports_et_loisirs/Botte_cuissarde_de_peche__53241037.htm,No,Not tagged
www.avito.ma/fr/kénitra/hay_karima/à_vendre,No,Not tagged
www.avito.ma/fr/laazib/autre_matériel_professionel/مجموعة_كراسي_مستوردة_بجودة_عالية_54582962.htm,No,Not tagged
www.avito.ma/fr/laâyoune/hay_inara/à_vendre,No,Not tagged
www.avito.ma/fr/les_princesses/appartements/Superb_appartement_vide_au_coeur_des_princesses_54851392.htm,No,Not tagged
www.avito.ma/fr/m'hamid/animaux/أربعة_طيور_زوينين__53490827.htm,No,Not tagged
www.avito.ma/fr/maarif/voyages_et_billetterie/2_ticket_dont_let_mommy_know_54380563.htm,No,Not tagged
www.avito.ma/fr/maroc/a4_1.8t--à_vendre,No,Not tagged
www.avito.ma/fr/maroc/alfa_cable--à_vendre,No,Not tagged
www.avito.ma/fr/maroc/animaux/800--à_vendre,No,Not tagged
www.avito.ma/fr/maroc/appartements/hay_farah_agadir,No,Not tagged
www.avito.ma/fr/maroc/bateaux/sonde--à_vendre,No,Not tagged
www.avito.ma/fr/maroc/berger_ras--à_vendre,No,Not tagged
www.avito.ma/fr/maroc/camions/ww_au--à_vendre,No,Not tagged
www.avito.ma/fr/maroc/chargeur_s5--à_vendre,No,Not tagged
www.avito.ma/fr/maroc/chaussures/et_terrains--à_vendre,No,Not tagged
www.avito.ma/fr/maroc/clé_ps2--à_vendre,No,Not tagged
www.avito.ma/fr/maroc/cocon_et--à_vendre,No,Not tagged
www.avito.ma/fr/maroc/da______s--à_vendre,No,Not tagged
www.avito.ma/fr/maroc/derbouka_et--à_vendre,No,Not tagged
www.avito.ma/fr/maroc/dvr_ip--à_vendre,No,Not tagged
www.avito.ma/fr/maroc/equipements_pour_enfant/pierre_cardin--à_vendre,No,Not tagged
www.avito.ma/fr/maroc/golf_tdi_150--à_vendre,No,Not tagged
www.avito.ma/fr/maroc/gros_tablettes--à_vendre,No,Not tagged
www.avito.ma/fr/maroc/hay_lala_soukaina--à_vendre,No,Not tagged
www.avito.ma/fr/maroc/hp_z400_gamer--à_vendre,No,Not tagged
www.avito.ma/fr/maroc/iphone_white--à_vendre,No,Not tagged
www.avito.ma/fr/maroc/l_aile--à_vendre,No,Not tagged
www.avito.ma/fr/maroc/livebox__modem--à_vendre,No,Not tagged
www.avito.ma/fr/maroc/marrakech_hay_izdihar--à_vendre,No,Not tagged
www.avito.ma/fr/maroc/matériels_professionnels/2_lbi3--à_vendre,No,Not tagged
www.avito.ma/fr/maroc/matériels_professionnels/diviser--à_vendre,No,Not tagged
www.avito.ma/fr/maroc/matériels_professionnels/lecteur_barre--à_vendre,No,Not tagged
www.avito.ma/fr/maroc/meubles_et_décoration/haja--à_vendre,No,Not tagged
www.avito.ma/fr/maroc/motos/motor_pas_pas--à_vendre,No,Not tagged
www.avito.ma/fr/maroc/motos/à_bulle--à_vendre,No,Not tagged
www.avito.ma/fr/maroc/ordinateurs_bureau/c_h--à_vendre,No,Not tagged
www.avito.ma/fr/maroc/passat_diesel_2l--à_vendre,No,Not tagged
www.avito.ma/fr/maroc/pièces_et_accessoires_véhicules/origine_france--à_vendre,No,Not tagged
www.avito.ma/fr/maroc/prime_2017--à_vendre,No,Not tagged
www.avito.ma/fr/maroc/romman--à_vendre,No,Not tagged
www.avito.ma/fr/maroc/sacs_et_accessoires/le_m--à_vendre,No,Not tagged
www.avito.ma/fr/maroc/samsung_galaxy_express_3--à_vendre,No,Not tagged
www.avito.ma/fr/maroc/sony_bravia_kdl--à_vendre,No,Not tagged
www.avito.ma/fr/maroc/série_116--à_vendre,No,Not tagged
www.avito.ma/fr/maroc/terrains_et_fermes/meknes_m2--à_vendre,No,Not tagged
www.avito.ma/fr/maroc/touch_32--à_vendre,No,Not tagged
www.avito.ma/fr/maroc/téléphones/chargeur_samsung_galaxy--à_vendre,No,Not tagged
www.avito.ma/fr/maroc/usb_otg_c--à_vendre,No,Not tagged
www.avito.ma/fr/maroc/vetements/slim_avec--à_vendre,No,Not tagged
www.avito.ma/fr/maroc/vélos/avec_l--à_vendre,No,Not tagged
www.avito.ma/fr/maroc/vélos/bien_bon_état--à_vendre,No,Not tagged
www.avito.ma/fr/marrakech/terrain_7000_m2--à_vendre,No,Not tagged
www.avito.ma/fr/mdiq/appartements/Appartement_situé_à_KABILA_PORT__54233301.htm,No,Not tagged
www.avito.ma/fr/mechouar_kasba/meubles_et_décoration-à_vendre,No,Not tagged
www.avito.ma/fr/mohammedia/appartements/chambres_à_louer,No,Not tagged
www.avito.ma/fr/mohammedia/chien_à--à_vendre,No,Not tagged
www.avito.ma/fr/mohammedia/mercedes_class_a200--à_vendre,No,Not tagged
www.avito.ma/fr/mont_fleuri/ordinateurs_portables/Pc_hp__i5_4eme_Génération_Ecran_tactile_500gb_8gb_53231717.htm,No,Not tagged
www.avito.ma/fr/nador/de_villa_louer--demandes,No,Not tagged
www.avito.ma/fr/nador/vélos_à--à_vendre,No,Not tagged
www.avito.ma/fr/ouarzazate/jeux_vidéo_et_consoles/حساب_لعبة_هيرو_وارز_hero_wars_للبيع__53032715.htm,No,Not tagged
www.avito.ma/fr/oujda/image_et_son/sp--à_vendre,No,Not tagged
www.avito.ma/fr/ouled_oujih/smartphone_et_téléphone/Iphone8__53604644.htm,No,Not tagged
www.avito.ma/fr/oulfa/meubles/vente_d_un_salon_et_séjour__54991700.htm,No,Not tagged
www.avito.ma/fr/palmeraie/meubles_et_décoration/Canva_La_Porte_Du_Foyer_Ii__Oprdw_54727312.htm,No,Not tagged
www.avito.ma/fr/rabat/lot_jeans--à_vendre,No,Not tagged
www.avito.ma/fr/rabat/mégane_2_casquette--à_vendre,No,Not tagged
www.avito.ma/fr/rabat/samsung_j1_2016--à_vendre,No,Not tagged
www.avito.ma/fr/roches_noires/appartements/Vente_Appt_à_Casablanca_Belvédère__Roches_No____54688136.htm,No,Not tagged
www.avito.ma/fr/safi/voitures_d'occasion/passat_53008839.htm,No,Not tagged
www.avito.ma/fr/saies/electroménager_et_vaisselles/Cuisinière_5_feux_et_four_à_gaz_54702837.htm,No,Not tagged
www.avito.ma/fr/settat/fiat_ouno--à_vendre,No,Not tagged
www.avito.ma/fr/sidi_bennour/meubles_et_d--à_vendre,No,Not tagged
www.avito.ma/fr/sidi_maarouf/appareils_photo_et_caméras/Smart_Sock_S340_53441696.htm,No,Not tagged
www.avito.ma/fr/sidi_maarouf/motos/nitro__kit_bcd__53510195.htm,No,Not tagged
www.avito.ma/fr/tameslohte/taddart/meubles_et_décoration-à_vendre,No,Not tagged
www.avito.ma/fr/tanger/5_mazout--à_vendre,No,Not tagged
www.avito.ma/fr/tanger/barbier--à_vendre,No,Not tagged
www.avito.ma/fr/tanger/chiots_bulldog_francais--à_vendre,No,Not tagged
www.avito.ma/fr/tanger/de_m2_marjane--à_vendre,No,Not tagged
www.avito.ma/fr/tanger/mec--à_vendre,No,Not tagged
www.avito.ma/fr/tanger/neo_ip--à_vendre,No,Not tagged
www.avito.ma/fr/tanger/outdoor_led--à_vendre,No,Not tagged
www.avito.ma/fr/tanger/vetements/l_à--à_vendre,No,Not tagged
www.avito.ma/fr/tanger_city_center/téléphones/apple_14_gb_53285126.htm,No,Not tagged
www.avito.ma/fr/taourirt/voitures_d'occasion/Hyundai_i10_excellent_état_54788609.htm,No,Not tagged
www.avito.ma/fr/taïbia/sports_et_loisirs/Tapis_roulant_55126448.htm,No,Not tagged
www.avito.ma/ar/2_مرجان/مخزونات_وبيع_بالجملة/Stocks_et_Vente_en_gros_à_Meknès_52774056.htm,No,Not tagged
www.avito.ma/ar/casablanca/10_lait,No,Not tagged
www.avito.ma/ar/أزرو/منازل_للعطلة/appartement__53715633.htm,No,Not tagged
www.avito.ma/ar/أكدال/سيارات_مستعملة/BMW_X3_Diesel_Automatique_2022_à_Rabat_54749499.htm,No,Not tagged
www.avito.ma/ar/أكدال/كمبيوتر_محمول/LENOVO_ThinkBook_14_G2_avec_i7_1165G7__53852444.htm,No,Not tagged
www.avito.ma/ar/أكدال/معدات_أخرى/Rayonnages_métalliques_prix_revendeurهمزة_الهموز_54740910.htm,No,Not tagged
www.avito.ma/ar/أكدال/هواتف/iPhone_15_pro_jamais_ouvert__54306727.htm,No,Not tagged
www.avito.ma/ar/أمال/معدات_مهنية/la_plaqueuse_du_chants_CF28_54326290.htm,No,Not tagged
www.avito.ma/ar/أنزا/معدات_مهنية/Armoire_a_rideau_haute_qualité__53743363.htm,No,Not tagged
www.avito.ma/ar/أولاد_أوجيه/سيارات_مستعملة/Fiat_Palio_Essence_Manuelle_2001_à_Kénitra_53590400.htm,No,Not tagged
www.avito.ma/ar/أيت_ايشو/دكاكين_محلات_تجارية/commercial_pour--للبيع,No,Not tagged
www.avito.ma/ar/اكدال_العالي/هوايات_ورياضة/Fit_A90s_tapis_roulant__54778243.htm,No,Not tagged
www.avito.ma/ar/اكفاي/معدات_مهنية/مكاتب_الصنع_المحلي_53865149.htm,No,Not tagged
www.avito.ma/ar/الأزهر/معدات_أخرى/Rayonnage_Supermarché__53664344.htm,No,Not tagged
www.avito.ma/ar/الجديدة/docer--للبيع,No,Not tagged
www.avito.ma/ar/الجديدة/mercedes_classe_c200--للبيع,No,Not tagged
www.avito.ma/ar/الحاجب/dkar--للبيع,No,Not tagged
www.avito.ma/ar/الحي_الإداري/معدات_أخرى/la_moteur_a_diesel_BH2_54249962.htm,No,Not tagged
www.avito.ma/ar/الخميسات/معدات_مهنية/de_pour_traiteur--للبيع,No,Not tagged
www.avito.ma/ar/الدار_البيضاء/ba9i_jdad--للبيع,No,Not tagged
www.avito.ma/ar/الدار_البيضاء/berradi_2--للبيع,No,Not tagged
www.avito.ma/ar/الدار_البيضاء/buzz_bon--للبيع,No,Not tagged
www.avito.ma/ar/الدار_البيضاء/iphone_6s_état--للبيع,No,Not tagged
www.avito.ma/ar/الدار_البيضاء/l_atlas--للبيع,No,Not tagged
www.avito.ma/ar/الدار_البيضاء/moter--للبيع,No,Not tagged
www.avito.ma/ar/الدار_البيضاء/ps4_god_war--للبيع,No,Not tagged
www.avito.ma/ar/الدار_البيضاء/tmax_2018--للبيع,No,Not tagged
www.avito.ma/ar/الدار_البيضاء/المعاريف/appartement_85m2--للبيع,No,Not tagged
www.avito.ma/ar/الدار_البيضاء/سيدي_برنوصي/ساعاتـوـمجوهرات/magana_swatch--للبيع,No,Not tagged
www.avito.ma/ar/الدار_البيضاء/شاحنات/transporter--للبيع,No,Not tagged
www.avito.ma/ar/الدار_البيضاء/عقار/épices,No,Not tagged
www.avito.ma/ar/الدار_البيضاء/مكاتب/5_a_rabat--للبيع,No,Not tagged
www.avito.ma/ar/الدار_البيضاء/هواياتـوـرياضة/élastique--للبيع,No,Not tagged
www.avito.ma/ar/الرباط/volvo_440--للبيع,No,Not tagged
www.avito.ma/ar/الرباط/حي_النهضة/maison_r_2,No,Not tagged
www.avito.ma/ar/الرشيدية/lit_double_pour--للبيع,No,Not tagged
www.avito.ma/ar/الرماني/معدات_مهنية/s3--للبيع,No,Not tagged
www.avito.ma/ar/السعيدية/دراجات/de--للبيع,No,Not tagged
www.avito.ma/ar/السويسي/تجهيزات_للأطفال_والرضع_أخرى/panier_de_basket_54395591.htm,No,Not tagged
www.avito.ma/ar/الصويرة/سيارات_مستعملة/Fiat_Grand_Punto_essence_12_2013_54807292.htm,No,Not tagged
www.avito.ma/ar/الصويرة/قطعـالغيارـلوسائلـالنقل/الحل--للبيع,No,Not tagged
www.avito.ma/ar/العبادي/سيارات_مستعملة/Hyundai_Accent_Diesel_Manuelle_2018_à_Temara_54839659.htm,No,Not tagged
www.avito.ma/ar/العيون/آلات_تصوير_و_كاميرات/MAGNON_MOVIE_PROJECTOR__54579160.htm,No,Not tagged
www.avito.ma/ar/الفردوس/شقق/شقة_للبيع_بالفردوس__53133519.htm,No,Not tagged
www.avito.ma/ar/الفقيه_بن_صالح/سيارات_مستعملة/Fiat_500_Essence_Automatique_2024_54791886.htm,No,Not tagged
www.avito.ma/ar/الفوارات/الأجهزة_المنزلية_الصغيرة/talaja_mazala_n9aya__53418634.htm,No,Not tagged
www.avito.ma/ar/القطب_المالي_للدار_البيضاء/خدمات/Création_Site_E_commerce___Vente_en_Ligne_54539034.htm,No,Not tagged
www.avito.ma/ar/القنيطرة/call_centre--للبيع,No,Not tagged
www.avito.ma/ar/القنيطرة/أنفورـماتيكـوـميلتيـميديا/dell_precision_m6800--للبيع,No,Not tagged
www.avito.ma/ar/القنيطرة/دراجات_نارية/polaris_1000--للبيع,No,Not tagged
www.avito.ma/ar/المحمدية/café_et_restaurant--للبيع,No,Not tagged
www.avito.ma/ar/المدينة/هوايات_ورياضة/combinaison_de_surf_________55040090.htm,No,Not tagged
www.avito.ma/ar/المدينة_القديمة/هواتف/Meknès_téléphone__53895977.htm,No,Not tagged
www.avito.ma/ar/المصلى/آخر/كونطوار_المنيوم_53226108.htm,No,Not tagged
www.avito.ma/ar/المغرب/a_555--للبيع,No,Not tagged
www.avito.ma/ar/المغرب/bass_acoustic--للبيع,No,Not tagged
www.avito.ma/ar/المغرب/boite_a_vitesse_fiat--للبيع,No,Not tagged
www.avito.ma/ar/المغرب/cages_pour_oiseaux--للبيع,No,Not tagged
www.avito.ma/ar/المغرب/chaussure_medicale--للبيع,No,Not tagged
www.avito.ma/ar/المغرب/de_spiderman--للبيع,No,Not tagged
www.avito.ma/ar/المغرب/peinture_four--للبيع,No,Not tagged
www.avito.ma/ar/المغرب/peugeot_205_1995--للبيع,No,Not tagged
www.avito.ma/ar/المغرب/y_qq--للبيع,No,Not tagged
www.avito.ma/ar/المغرب/ألعاب_الفيديو_وأجهزة_تشغيل_أو_كونصولات/prix_200_dh--للبيع,No,Not tagged
www.avito.ma/ar/المغرب/ألعاب_الفيديو_وأجهزة_تشغيل_أو_كونصولات/ps2_et_carte--للبيع,No,Not tagged
www.avito.ma/ar/المغرب/اكسسواراتـالكمبيوترـوـالأجهزة/hp_clavier--للبيع,No,Not tagged
www.avito.ma/ar/المغرب/الأثاثـوـالديكور/miroirs_et--للبيع,No,Not tagged
www.avito.ma/ar/المغرب/بحمام_و_مطبخ,No,Not tagged
www.avito.ma/ar/المغرب/برطما_شقة/cheikh,No,Not tagged
www.avito.ma/ar/المغرب/برطما_شقة/العودة,No,Not tagged
www.avito.ma/ar/المغرب/برطما_مفرشة--للبيع,No,Not tagged
www.avito.ma/ar/المغرب/بقعـوـمزارع/table_a--للبيع,No,Not tagged
www.avito.ma/ar/المغرب/تلفزيون/49_pouces--للبيع,No,Not tagged
www.avito.ma/ar/المغرب/تلفزيون/samsung_qled_55--للبيع,No,Not tagged
www.avito.ma/ar/الناظور/toyota_hiace_model--للبيع,No,Not tagged
www.avito.ma/ar/الناظور/الدراجات_النارية--للبيع,No,Not tagged
www.avito.ma/ar/الهدى/دراجات/Rockrider_ST100_54672125.htm,No,Not tagged
www.avito.ma/ar/الولفة/معدات_أخرى/Matériels_Professionnels_à_Casablanca_52675976.htm,No,Not tagged
www.avito.ma/ar/اليوسفية/هوايات_أخرى/مكعب_أوريجينال_55068755.htm,No,Not tagged
www.avito.ma/ar/انفك/racine/الأثاثـوـالديكور-للبيع,No,Not tagged
www.avito.ma/ar/باب_أغمات/منتجات_التجميل/Protéine_originale_de_usa_54538108.htm,No,Not tagged
www.avito.ma/ar/برشيد/محلات_للكراء/Magnifique_locaux_à_Berrechid_50722096.htm,No,Not tagged
www.avito.ma/ar/بن_كرير/سيارات_مستعملة/Seat_Leon_Diesel_Manuelle_2008_à_Ben_Guerir_54926400.htm,No,Not tagged
www.avito.ma/ar/بنى_ملال/آلاتـالبناء/des_pour--للبيع,No,Not tagged
www.avito.ma/ar/بنى_ملال/معدات_أخرى/Fabrication_Mobilier_Bureau_Réunion_En_Bois_cg_ch_54865092.htm,No,Not tagged
www.avito.ma/ar/بنى_ملال/منازل_للعطلة/شقة_راقية_بدون_سمسار__53797148.htm,No,Not tagged
www.avito.ma/ar/بوعرفة/vêtement_femme--للبيع,No,Not tagged
www.avito.ma/ar/تالمست/كمبيوترـمنزلي/q--للبيع,No,Not tagged
www.avito.ma/ar/تطوان/ملابسـصحةـوـجمال/iphone_6--للبيع,No,Not tagged
www.avito.ma/ar/تمارة/حيوانات_أليفة/de_dans_un--للبيع,No,Not tagged
www.avito.ma/ar/تمارة/كمبيوترـمحمول/tr--للبيع,No,Not tagged
www.avito.ma/ar/تيفلت/tracteur_massey--للبيع,No,Not tagged
www.avito.ma/ar/جرادة/bmw_118i--للبيع,No,Not tagged
www.avito.ma/ar/حي_آخر/اكسسوارات_الكمبيوتر_والأجهزة/ECRAN_IIYAMA_P1905s_B2__54782926.htm,No,Not tagged
www.avito.ma/ar/حي_آخر/الأثاث/SÉPARASSIONS_GÉOMÉTRIE_TURQUOISE_II_A_NADOR_54752127.htm,No,Not tagged
www.avito.ma/ar/حي_آخر/الأثاث_والديكور/Paravent_design_Hail_Cloud_II_54822322.htm,No,Not tagged
www.avito.ma/ar/حي_آخر/الديكور/Tableau_Craig_Moser_Art_54758527.htm,No,Not tagged
www.avito.ma/ar/حي_آخر/حيوانات_أليفة/persan_himalayenne__54883575.htm,No,Not tagged
www.avito.ma/ar/حي_آخر/درجات_نارية/yamaha_raptor_700__54906617.htm,No,Not tagged
www.avito.ma/ar/حي_آخر/كمبيوتر_منزلي/HP_Workstation_Z240_i7__16Go_RAM__256Go_SSD_55116111.htm,No,Not tagged
www.avito.ma/ar/حي_آخر/كمبيوتر_منزلي/Workstation_Dell_Precision_T5810_55012687.htm,No,Not tagged
www.avito.ma/ar/حي_الانبعاث/معدات_أخرى/saro_emisor__53517360.htm,No,Not tagged
www.avito.ma/ar/حي_الحسني/عاملة_نظافة،_مربية_أو_سائق/Sos_khadamaty_services_sarl__54417213.htm,No,Not tagged
www.avito.ma/ar/حي_الرياض/هوايات_ورياضة/PS4_Slim___1To_avec_une_manette__54882799.htm,No,Not tagged
www.avito.ma/ar/حي_السلام/سيارات_مستعملة/Fiat_Grande_Punto_53700753.htm,No,Not tagged
www.avito.ma/ar/حي_السلام/شقق/maison_à_vendre__128m²_2ème_etage__R_plus_2__55137035.htm,No,Not tagged
www.avito.ma/ar/حي_الفرح/قطع_الغيار_لوسائل_النقل/acicte_grand_fiat_punto_53146553.htm,No,Not tagged
www.avito.ma/ar/حي_الليمون/دكاكين،_محلات_تجارية_ومباني_صناعية/École__société_fond_et_mur__54608751.htm,No,Not tagged
www.avito.ma/ar/حي_المحمدي/دكاكين،_محلات_تجارية_ومباني_صناعية/Local_à_vendre_à_Casablanca__53057790.htm,No,Not tagged
www.avito.ma/ar/حي_بنكيران/هواتف/Samsung_A03__54243587.htm,No,Not tagged
www.avito.ma/ar/خريبكة/s_2000--للبيع,No,Not tagged
www.avito.ma/ar/سطات/موسيقى_وآلات/contacter--للبيع,No,Not tagged
www.avito.ma/ar/سلا/أحذية/Chaussures_pour_homme__54343136.htm,No,Not tagged
www.avito.ma/ar/سيدي_برنوصي/ألعاب_الفيديو/بلاي_2__باقا_نقية__53990354.htm,No,Not tagged
www.avito.ma/ar/سيدي_برنوصي/الأثاث/نحاس__طاولة_نحاس_طقم_نحاس_53639639.htm,No,Not tagged
www.avito.ma/ar/سيدي_رحال/dacia_duster_tt--للبيع,No,Not tagged
www.avito.ma/ar/سيدي_رحال/منازل_للعطلة/VUE_PISCINE_100m2_OLA_BLANCA__à_Sidi_Rahal_53054175.htm,No,Not tagged
www.avito.ma/ar/سيدي_عثمان/اكسسوارات__إلكترونية/Imprimante_de_Tickets_RONGTA_410__55058702.htm,No,Not tagged
www.avito.ma/ar/طريق_صفرو/مخزونات_وبيع_بالجملة/بيع_حليب_ولبن_وبيض_54199786.htm,No,Not tagged
www.avito.ma/ar/طنجة/alienware_pc--للبيع,No,Not tagged
www.avito.ma/ar/طنجة/cloison_de_separation--للبيع,No,Not tagged
www.avito.ma/ar/طنجة/et_table_snack--للبيع,No,Not tagged
www.avito.ma/ar/طنجة/hay_al_walaa--للبيع,No,Not tagged
www.avito.ma/ar/طنجة/je_ski--للبيع,No,Not tagged
www.avito.ma/ar/طنجة/دراجات_نارية/c50--للبيع,No,Not tagged
www.avito.ma/ar/عبد_المومن/الأثاث_والديكور/Table_et_3_chaises_54868320.htm,No,Not tagged
www.avito.ma/ar/عين_السبع/دكاكين،_محلات_تجارية_ومباني_صناعية/LOCAL_INDUSTRIEL_A_AIN_SBAÂ__1200M_A_LOUER__54765405.htm,No,Not tagged
www.avito.ma/ar/عين_الشق/سيارات_مستعملة/belle_jeep_54423457.htm,No,Not tagged
www.avito.ma/ar/فاس/location_le--للبيع,No,Not tagged
www.avito.ma/ar/فاس/مخزوناتـوـبيعـبالجملة/service--للبيع,No,Not tagged
www.avito.ma/ar/كالفورنيا/هواتف/Samsung_note_10_lite_128Gb_8gb_ram_double_sim_54919694.htm,No,Not tagged
www.avito.ma/ar/كليز/آلات_تصوير_و_كاميرات/Sony_A7_3_53767642.htm,No,Not tagged
www.avito.ma/ar/كيسر/عروض_عمل_للأطر-للبيع,No,Not tagged
www.avito.ma/ar/لالة_زهرة/طابليط_و_الكتاب_الاليكتروني/iPad_64GB_54962132.htm,No,Not tagged
www.avito.ma/ar/ماسار/دراجات/Rockrider_530__53239299.htm,No,Not tagged
www.avito.ma/ar/مراكش/alfa_roméo--للبيع,No,Not tagged
www.avito.ma/ar/مراكش/voitures_essence--للبيع,No,Not tagged
www.avito.ma/ar/مراكش/تاركة/ساعاتـوـمجوهرات-للبيع,No,Not tagged
www.avito.ma/ar/مرس_سلطان/الأثاث/Ventilateur_neuf_airMonsture__54801963.htm,No,Not tagged
www.avito.ma/ar/مركز_بوسكورة/هواتف/infinix_note_30_54487203.htm,No,Not tagged
www.avito.ma/ar/مسنانة/شقق/appartement_à_vendre_à_complexe_Rayhan_à_Mesnana_54685806.htm,No,Not tagged
www.avito.ma/ar/مكناس/m2_alliance_darna--للبيع,No,Not tagged
www.avito.ma/ar/مكناس/دروس/cours_de_soutien--للبيع,No,Not tagged
www.avito.ma/ar/نرجيس/هواتف/Smartphone_et_Téléphone_à_Fès_53429700.htm,No,Not tagged
www.avito.ma/ar/وجدة/معدات_أخرى/وجدة_لزاري__52991787.htm,No,Not tagged
www.avito.ma/ar/وسط_المدينة/ألعاب_الفيديو_وأجهزة_تشغيل_أو_كونصولات/Xbox_Game_Pass_PC_XBOX___اشتراك_54444102.htm,No,Not tagged
www.avito.ma/ar/وسط_المدينة/معدات_مهنية/Schneider_électric_STBACI1230K_54835761.htm,No,Not tagged
www.avito.ma/fr/2_mars/sacs_et_accessoires/Pochette_Louis_Vuitton_LV75h_54707453.htm,No,Not tagged
www.avito.ma/fr/agadir/matériels_professionnels/societe_de--à_vendre,No,Not tagged
www.avito.ma/fr/agadir/talborjt/image_et_son/services..--à_vendre,No,Not tagged
www.avito.ma/fr/agadir/voiture_renaut--à_vendre,No,Not tagged
www.avito.ma/fr/agadir/بقعة_متر_في--à_vendre,No,Not tagged
www.avito.ma/fr/agadir_oufella/animaux/Patins_à_glace_pour_hommes_et_femmes_54576437.htm,No,Not tagged
www.avito.ma/fr/agdal/autre_matériel_professionel/la_powder_coat_machine_SD56_54309613.htm,No,Not tagged
www.avito.ma/fr/agdal/voyages_et_billetterie/Ticket_maroc_vs_cap_vert_53127429.htm,No,Not tagged
www.avito.ma/fr/ahammar/image_&_son/dvd_USB_ba9i_jdid__54528100.htm,No,Not tagged
www.avito.ma/fr/ahammar/stocks_et_vente_en_gros/rayonnage_7_10_bonne_qualité_REF_AS_65130_52328950.htm,No,Not tagged
www.avito.ma/fr/ain_amiyer/jeux_vidéo_et_consoles/حساب_فري_فير_للبيع__2__كريمنال_54665802.htm,No,Not tagged
www.avito.ma/fr/ain_amiyer/locations_de_vacances/Appartement_Meublè_À_Fès__54563115.htm,No,Not tagged
www.avito.ma/fr/ain_atig/vêtements/تمارة_عين_عتيق_53756481.htm,No,Not tagged
www.avito.ma/fr/ain_sebaa/matériels_professionnels/Rayonnage__54544494.htm,No,Not tagged
www.avito.ma/fr/ait_Melloul/polo/voitures-à_vendre,No,Not tagged
www.avito.ma/fr/ait_malek/montre_rolex_daytona,No,Not tagged
www.avito.ma/fr/ait_melloul/meubles_et_décoration/chaise_roulante__54680839.htm,No,Not tagged
www.avito.ma/fr/ait_mimoun/terrains_et_fermes/de_260_à--à_vendre,No,Not tagged
www.avito.ma/fr/ajdir/meubles_et_décoration-à_vendre,No,Not tagged
www.avito.ma/fr/al_aroui/appareils_photo_et_caméras/Caméra_espion_enregistreur_Mini_Caméra__54750955.htm,No,Not tagged
www.avito.ma/fr/al_hociema/entreprises/cherche_partenaire--à_vendre,No,Not tagged
www.avito.ma/fr/al_hociema/sports_et_loisirs/lifting--à_vendre,No,Not tagged
www.avito.ma/fr/al_maghrib_al_arabi/matériels_professionnels/Vestiaire_casier_en_métal__AS9__54315679.htm,No,Not tagged
www.avito.ma/fr/anfa/téléphones/_Moteur_de_Vibration_pour_Mate_9_46877332.htm,No,Not tagged
www.avito.ma/fr/anza/animaux_domestique/bichon_cad_54233592.htm,No,Not tagged
www.avito.ma/fr/autre_secteur/animaux_domestique/Bulldog_français_53591416.htm,No,Not tagged
www.avito.ma/fr/autre_secteur/appareils_photo_et_caméras/caméra_Portatif_Corporelle_Full_HD_1080P_12MP_54714737.htm,No,Not tagged
www.avito.ma/fr/autre_secteur/autre_matériel_professionel/Fauteuil_Président_kskk_54865301.htm,No,Not tagged
www.avito.ma/fr/autre_secteur/electroménager_et_vaisselles/Mini_frigidaire__LG_54771919.htm,No,Not tagged
www.avito.ma/fr/autre_secteur/matériel_de_bureau/CHAISE_ECRITOIRE__54557064.htm,No,Not tagged
www.avito.ma/fr/autre_secteur/matériel_de_bureau/les_tables_de_reunion_طاولة_اجتماعات_54426395.htm,No,Not tagged
www.avito.ma/fr/autre_secteur/matériels_professionnels/materiel_manutention_GERBEUR_ELECTRIQUE__54287830.htm,No,Not tagged
www.avito.ma/fr/autre_secteur/ordinateurs_de_bureau/HP_PRODESK_600_G2_SFF_AVEC__HP_20_POUCES__55124616.htm,No,Not tagged
www.avito.ma/fr/azemmour/vetements_pour_enfant-à_vendre,No,Not tagged
www.avito.ma/fr/azilal/terrain_100m_a--à_vendre,No,Not tagged
www.avito.ma/fr/azlaf/meubles_et_décoration/tapis--à_vendre,No,Not tagged
www.avito.ma/fr/aïn_borja/matériels_professionnels/deskstop_for_cutting_wood_54709106.htm,No,Not tagged
www.avito.ma/fr/beauséjour/meubles_et_décoration/lustre_en_cristal___51465795.htm,No,Not tagged
www.avito.ma/fr/belle_vue/chaussures/chaussures_Reebok_original_pour_homme__53401805.htm,No,Not tagged
www.avito.ma/fr/belvédère/matériels_professionnels/PRESS_COMBO_40_40_53816262.htm,No,Not tagged
www.avito.ma/fr/boujdade/matériels_professionnels/Chaise_Président_disponible_en_couleurs____54098797.htm,No,Not tagged
www.avito.ma/fr/boulaouane/meubles_et_décoration-à_vendre,No,Not tagged
www.avito.ma/fr/casablanca/abderrahim--à_vendre,No,Not tagged
www.avito.ma/fr/casablanca/autre_matériel_professionel/زينة_محل_للمواد_الغذائيه__52876534.htm,No,Not tagged
www.avito.ma/fr/casablanca/bureaux_et_plateaux/a_le--à_vendre,No,Not tagged
www.avito.ma/fr/casablanca/de_oriflame--à_vendre,No,Not tagged
www.avito.ma/fr/casablanca/derb_ghallef/colocations/colocation_ain_sbaa,No,Not tagged
www.avito.ma/fr/casablanca/des_plantes--à_vendre,No,Not tagged
www.avito.ma/fr/casablanca/hay_mohammadi/matériels_professionnels/panneaux_solaire_batterie--à_vendre,No,Not tagged
www.avito.ma/fr/casablanca/mbk_scooter--à_vendre,No,Not tagged
www.avito.ma/fr/casablanca/meubles_et_décoration/Tapis_berbère__52925370.htm,No,Not tagged
www.avito.ma/fr/casablanca/moza--à_vendre,No,Not tagged
www.avito.ma/fr/casablanca/prix_ocasion--à_vendre,No,Not tagged
www.avito.ma/fr/casablanca/renault_clio2--à_vendre,No,Not tagged
www.avito.ma/fr/casablanca/à_l’océan--à_vendre,No,Not tagged
www.avito.ma/fr/centre/appartements/شقق_جديدة_للبيع_كزناية_مشروع_مؤهل_للدعم_المباشر_54672864.htm,No,Not tagged
www.avito.ma/fr/centre/locations_de_vacances/Appartement_54773354.htm,No,Not tagged
www.avito.ma/fr/centre_ville/locations_de_vacances/Appartement__54781735.htm,No,Not tagged
www.avito.ma/fr/chichaoua/fond_de_commerce--à_vendre,No,Not tagged
www.avito.ma/fr/dakhla/autre_matériel_professionel/rayonnage_lourd__46831217.htm,No,Not tagged
www.avito.ma/fr/driouch/meubles--à_vendre,No,Not tagged
www.avito.ma/fr/el_hajeb/magasins_et_commerces/appartement_louer--à_vendre,No,Not tagged
www.avito.ma/fr/el_jadida/102_m2--à_vendre,No,Not tagged
www.avito.ma/fr/el_jadida/coffret_electrique--à_vendre,No,Not tagged
www.avito.ma/fr/el_jadida/groupe_éléctrogène--à_vendre,No,Not tagged
www.avito.ma/fr/errachidia/magasins_et_commerces/l--à_vendre,No,Not tagged
www.avito.ma/fr/errachidia/stocks_et_vente_en_gros/2000_dh--à_vendre,No,Not tagged
www.avito.ma/fr/fnideq/sports_et_loisirs/moto_de--à_vendre,No,Not tagged
www.avito.ma/fr/fès/voitures_d'occasion/رونو_19_53077800.htm,No,Not tagged
www.avito.ma/fr/ghmate/jardin_et_outils_de_bricolage-à_vendre,No,Not tagged
www.avito.ma/fr/guelmim/بقعة_ارضية_للبيع,No,Not tagged
www.avito.ma/fr/guercif/pièces_et_accessoires_véhicules/spirit--à_vendre,No,Not tagged
www.avito.ma/fr/guercif/دار_منزل--à_vendre,No,Not tagged
www.avito.ma/fr/gueznaia/kx6--à_vendre,No,Not tagged
www.avito.ma/fr/guéliz/locations_de_vacances/appartement_à_Marrakech___55001886.htm,No,Not tagged
www.avito.ma/fr/guéliz/locations_de_vacances/appartement_à_coter_de_bim_54957962.htm,No,Not tagged
www.avito.ma/fr/hassan/téléphones/Iphone_54878104.htm,No,Not tagged
www.avito.ma/fr/hay_el_madani/matériels_professionnels/une_VCX72_machine_a_travaile_du_bois_BH28_54227997.htm,No,Not tagged
www.avito.ma/fr/itzer/terrains_et_fermes/terrain_2800_m2--à_vendre,No,Not tagged
www.avito.ma/fr/la_gare/matériel_de_bureau/rayonnage_leger_53061992.htm,No,Not tagged
www.avito.ma/fr/larache/motos/une_très_belle,No,Not tagged
www.avito.ma/fr/les_orangers/voitures_d'occasion/Seat_leon_2011_54957922.htm,No,Not tagged
www.avito.ma/fr/m'hamid/animaux_domestique/طائر_شاهين_للبيع__54810087.htm,No,Not tagged
www.avito.ma/fr/maarif/voitures_d'occasion/Audi_A5_Sportback_54578634.htm,No,Not tagged
www.avito.ma/fr/maroc/32gb_rom--à_vendre,No,Not tagged
www.avito.ma/fr/maroc/adr--à_vendre,No,Not tagged
www.avito.ma/fr/maroc/amra--à_vendre,No,Not tagged
www.avito.ma/fr/maroc/appareils_photo_cameras/c_h--à_vendre,No,Not tagged
www.avito.ma/fr/maroc/art_et_collections/إسبانية--à_vendre,No,Not tagged
www.avito.ma/fr/maroc/baby_in--à_vendre,No,Not tagged
www.avito.ma/fr/maroc/batterie_chargeurs--à_vendre,No,Not tagged
www.avito.ma/fr/maroc/chauffeur_gardien,No,Not tagged
www.avito.ma/fr/maroc/fenêtres_phonique--à_vendre,No,Not tagged
www.avito.ma/fr/maroc/geforce_fx--à_vendre,No,Not tagged
www.avito.ma/fr/maroc/image_et_son/pc_bon--à_vendre,No,Not tagged
www.avito.ma/fr/maroc/image_et_son/sono_avec_micro--à_vendre,No,Not tagged
www.avito.ma/fr/maroc/jeux_vidéo_et_consoles/clavier_sans_fil--à_vendre,No,Not tagged
www.avito.ma/fr/maroc/labrador_mois_pure--à_vendre,No,Not tagged
www.avito.ma/fr/maroc/m2_tikiouine--à_vendre,No,Not tagged
www.avito.ma/fr/maroc/machine_a_glace_ice_cream--à_vendre,No,Not tagged
www.avito.ma/fr/maroc/machine_tour_et_fraiseuse--à_vendre,No,Not tagged
www.avito.ma/fr/maroc/magasins_et_commerces/chaussures_pour--à_vendre,No,Not tagged
www.avito.ma/fr/maroc/matériels_professionnels/batterie_1--à_vendre,No,Not tagged
www.avito.ma/fr/maroc/matériels_professionnels/htc--à_vendre,No,Not tagged
www.avito.ma/fr/maroc/matériels_professionnels/menuiserie_de_professionnel--à_vendre,No,Not tagged
www.avito.ma/fr/maroc/matériels_professionnels/pc_b--à_vendre,No,Not tagged
www.avito.ma/fr/maroc/meubles_et_décoration/bois_pour--à_vendre,No,Not tagged
www.avito.ma/fr/maroc/meubles_et_décoration/marocain_rouge--à_vendre,No,Not tagged
www.avito.ma/fr/maroc/meubles_et_décoration/turquie--à_vendre,No,Not tagged
www.avito.ma/fr/maroc/meubles_et_décoration/ماريو_4--à_vendre,No,Not tagged
www.avito.ma/fr/maroc/meublée_abdellah--à_vendre,No,Not tagged
www.avito.ma/fr/maroc/mini_64g--à_vendre,No,Not tagged
www.avito.ma/fr/maroc/montres_et_bijoux/de_35--à_vendre,No,Not tagged
www.avito.ma/fr/maroc/salon_190_d--à_vendre,No,Not tagged
www.avito.ma/fr/maroc/samsung_edge_64gb--à_vendre,No,Not tagged
www.avito.ma/fr/maroc/samsung_galaxy_core_2--à_vendre,No,Not tagged
www.avito.ma/fr/maroc/sports_et_loisirs/mouche--à_vendre,No,Not tagged
www.avito.ma/fr/maroc/terrains_et_fermes/z_2--à_vendre,No,Not tagged
www.avito.ma/fr/maroc/timbres_de_maroc--à_vendre,No,Not tagged
www.avito.ma/fr/maroc/télévisions/43_full_hd--à_vendre,No,Not tagged
www.avito.ma/fr/maroc/télévisions/or--à_vendre,No,Not tagged
www.avito.ma/fr/maroc/télévisions/plus_new--à_vendre,No,Not tagged
www.avito.ma/fr/maroc/télévisions/samsung_60--à_vendre,No,Not tagged
www.avito.ma/fr/maroc/volkswagen_golf_2014_diesel--à_vendre,No,Not tagged
www.avito.ma/fr/maroc/véhicules/mettre--à_vendre,No,Not tagged
www.avito.ma/fr/marrakech/animaux/3--à_vendre,No,Not tagged
www.avito.ma/fr/marrakech/equipements_pour_enfant/4_model--à_vendre,No,Not tagged
www.avito.ma/fr/marrakech/honda_sh_150--à_vendre,No,Not tagged
www.avito.ma/fr/marrakech/iphone_7_et--à_vendre,No,Not tagged
www.avito.ma/fr/marrakech/magasins_et_commerces/en_bonne_état--à_vendre,No,Not tagged
www.avito.ma/fr/marrakech/ordinateurs_portables/hp_pc_gamer--à_vendre,No,Not tagged
www.avito.ma/fr/marrakech/route_de_tahanaoute/appareils_photo_cameras-à_vendre,No,Not tagged
www.avito.ma/fr/marrakech/réparation_téléphone,No,Not tagged
www.avito.ma/fr/marrakech/travail_pour--demandes,No,Not tagged
www.avito.ma/fr/marrakech/une_montre_casio--à_vendre,No,Not tagged
www.avito.ma/fr/martil/dacia_logan_2018--à_vendre,No,Not tagged
www.avito.ma/fr/massira_1/arts_et_collections/vente_d_un_tableau_naïf_de_Achraf_54710936.htm,No,Not tagged
www.avito.ma/fr/mediouna/matériels_professionnels/et_pièces_rechange--à_vendre,No,Not tagged
www.avito.ma/fr/mehdia/terrains_et_fermes/terrain_à_vendre_mehdia_224m__55051617.htm,No,Not tagged
www.avito.ma/fr/mellah/meubles_et_décoration/PARAVENT_RUBERTA_NATURSTEINMAUER_MOTIV_54570068.htm,No,Not tagged
www.avito.ma/fr/merzouga/pièces_et_accessoires_véhicules/polo_essence--à_vendre,No,Not tagged
www.avito.ma/fr/mghogha/autre_matériel_professionel/عجانة_مليحة__54340074.htm,No,Not tagged
www.avito.ma/fr/mimosas/meubles_et_décoration/canva_saluée_à__la_maison_ii_kénitra_54651623.htm,No,Not tagged
www.avito.ma/fr/mohammedia/serrure--à_vendre,No,Not tagged
www.avito.ma/fr/nador/mbk_moto--à_vendre,No,Not tagged
www.avito.ma/fr/nador/ps4_slim_jeux--à_vendre,No,Not tagged
www.avito.ma/fr/narjis/appartements/نرجس_شارع_بن_علي_52731910.htm,No,Not tagged
www.avito.ma/fr/ouazzane/electorménager_et_vaisselle/tapis--à_vendre,No,Not tagged
www.avito.ma/fr/oued_laou/tabriquet/electorménager_et_vaisselle-à_vendre,No,Not tagged
www.avito.ma/fr/oujda/appartements/de_pour_salon,No,Not tagged
www.avito.ma/fr/oujda/autre_secteur/autre_immobilier-à_vendre,No,Not tagged
www.avito.ma/fr/oujda/hay_el_qods/appartements/appartement_à_louer,No,Not tagged
www.avito.ma/fr/oujda/materiels_et--à_vendre,No,Not tagged
www.avito.ma/fr/oulfa/accessoires_informatique_et_gadgets/Clavier_Xtreme_RGb_100__avec_tout_e_les_touches__53984434.htm,No,Not tagged
www.avito.ma/fr/oulfa/appartements/Appartement_à_louer_50_m²_à_Casablanca_55131841.htm,No,Not tagged
www.avito.ma/fr/rabat/206_essence_6cv--à_vendre,No,Not tagged
www.avito.ma/fr/rabat/animaux/panier--à_vendre,No,Not tagged
www.avito.ma/fr/rabat/crêpière_électrique--à_vendre,No,Not tagged
www.avito.ma/fr/route_ain_chkaf/voitures_d'occasion/Audi_Q3_S_line_diesel_2020_à_Fès_54743963.htm,No,Not tagged
www.avito.ma/fr/saada/animaux/Couple_calopsitte_a_vendre_avec_le_cage__54732762.htm,No,Not tagged
www.avito.ma/fr/sabbah/véhicules_autres-à_vendre,No,Not tagged
www.avito.ma/fr/safi/animaux/dans_et--à_vendre,No,Not tagged
www.avito.ma/fr/safi/cours_et_formations/de_mois--à_vendre,No,Not tagged
www.avito.ma/fr/safi/hay_oued_el_bacha/véhicules_professionnels--à_vendre,No,Not tagged
www.avito.ma/fr/saka/pièces_et_accessoires_véhicules/mr7ba--à_vendre,No,Not tagged
www.avito.ma/fr/salé/local_à_louer/حي_الشمس_اقامة_حليمة_طريق_القنيطرة_سلا__54145904.htm,No,Not tagged
www.avito.ma/fr/settat/hummer_h2--à_vendre,No,Not tagged
www.avito.ma/fr/sfassif/vetements/li_bghaha--à_vendre,No,Not tagged
www.avito.ma/fr/sidi_kacem/autre_immobilier_à_louer/الخنيشات_سيدي_قاسم__نهر_سبو_54527881.htm,No,Not tagged
www.avito.ma/fr/sidi_maarouf/appartements/Appartement_meublé_a_louer_prés_de_station_total_54718618.htm,No,Not tagged
www.avito.ma/fr/sidi_maarouf/autre_matériel_professionel/مكتب_مجهز_بمساحة_كبيرة_توفر_الكثير__المساحة___53904035.htm,No,Not tagged
www.avito.ma/fr/sidi_moumen/meubles_et_décoration/Matla_doli_dol_53924444.htm,No,Not tagged
www.avito.ma/fr/sidi_othmane/ordinateurs_portables/Dell_i5_Vpro_6ème_Géné_8_GB_Ram_256_SSD_Écran_13_54258882.htm,No,Not tagged
www.avito.ma/fr/sidi_smail/camions/citerne_en--à_vendre,No,Not tagged
www.avito.ma/fr/skhirat/walakin--à_vendre,No,Not tagged
www.avito.ma/fr/tanger/1er_étage_à--à_vendre,No,Not tagged
www.avito.ma/fr/tanger/autres_immobilier/et_vente--à_vendre,No,Not tagged
www.avito.ma/fr/tanger/chaussures/baqi--à_vendre,No,Not tagged
www.avito.ma/fr/tanger/draoua/voitures_d'occasion--à_vendre,No,Not tagged
www.avito.ma/fr/tanger/fiat_500_abarth--à_vendre,No,Not tagged
www.avito.ma/fr/tanger/mimi--à_vendre,No,Not tagged
www.avito.ma/fr/tanger/objet_de_collection--à_vendre,No,Not tagged
www.avito.ma/fr/tanger/peugoet_partner--à_vendre,No,Not tagged
www.avito.ma/fr/tanger/plen--à_vendre,No,Not tagged
www.avito.ma/fr/tanger/terrains_et_fermes/lots_terrain_a--à_vendre,No,Not tagged
www.avito.ma/fr/tanger/véhicules/peugeot_partner--à_vendre,No,Not tagged
www.avito.ma/fr/taza/smarttv_4k_uhd--à_vendre,No,Not tagged
www.avito.ma/fr/taza/véhicules/toyota_corolla_2006--à_vendre,No,Not tagged
www.avito.ma/fr/tit_mellil/autre_matériel_professionel/Compresseur__53158660.htm,No,Not tagged
www.avito.ma/fr/yacoub_el_mansour/accessoires_informatique_et_gadgets/Télécommande_TV_Box_Mecool__54866214.htm,No,Not tagged
www.avito.ma/sp/misc/avril,No,Not tagged
www.avito.ma/ar/أغوينيت/hay_chabab/الحديقةـوـأدواتـبريكولاج-للبيع,No,Not tagged
www.avito.ma/ar/أقواس_بريش/شاحنات-للبيع,No,Not tagged
www.avito.ma/ar/أكدال/قطع_الغيار_لوسائل_النقل/calandre_bmw_e36_ph1_52951356.htm,No,Not tagged
www.avito.ma/ar/أكدال/كمبيوتر_محمول/Mac_Book_M1_Officiel_2021_54985025.htm,No,Not tagged
www.avito.ma/ar/أكدال/ملابس/Loewe_handbag_genuine_53186297.htm,No,Not tagged
www.avito.ma/ar/أكدال/هوايات_ورياضة/Nerf_en_très_bon_état___52848357.htm,No,Not tagged
www.avito.ma/ar/اشقار/سيارات_مستعملة/Audi_Q3_excellent__53533872.htm,No,Not tagged
www.avito.ma/ar/الأميرات/شقق/Appartement_à_louer_53_m²_à_Casablanca_55102949.htm,No,Not tagged
www.avito.ma/ar/الأندلس/معدات_مهنية/الكراسي_امر_اساسي_للراحة_والدعم___53574995.htm,No,Not tagged
www.avito.ma/ar/البساتين/الأثاث_والديكور/chambre_à_coucher_bon_prix_42113520.htm,No,Not tagged
www.avito.ma/ar/البساتين/مخزونات_وبيع_بالجملة/Stocks_et_Vente_en_gros_à_Salé_53038061.htm,No,Not tagged
www.avito.ma/ar/البطانة/سيارات_مستعملة/Mercedes_Benz_Classe_C_Diesel_Automatique_2021_54800706.htm,No,Not tagged
www.avito.ma/ar/الحسيمة/بقعـوـمزارع/rez_jardin_à--للبيع,No,Not tagged
www.avito.ma/ar/الحسيمة/ملبس/o_100--للبيع,No,Not tagged
www.avito.ma/ar/الدار_البيضاء/chombra--للبيع,No,Not tagged
www.avito.ma/ar/الدار_البيضاء/machine_sachet--للبيع,No,Not tagged
www.avito.ma/ar/الدار_البيضاء/zara_m--للبيع,No,Not tagged
www.avito.ma/ar/الدار_البيضاء/الأثاثـوـالديكور/الدار_البيضاء--للبيع,No,Not tagged
www.avito.ma/ar/الدار_البيضاء/دكاكين_محلات_تجارية/comercial_à--للبيع,No,Not tagged
www.avito.ma/ar/الدروة/honda--للبيع,No,Not tagged
www.avito.ma/ar/الرباط/grillage--ﺕﺮﻳﺩ_ﺵﺭﺍﺀ,No,Not tagged
www.avito.ma/ar/الرباط/يعقوب_المنصور/برطما_شقة/appartement_4,No,Not tagged
www.avito.ma/ar/الصخيرات/دار_او--للبيع,No,Not tagged
www.avito.ma/ar/القدس/تجهيزات_للأطفال_و_الرُضَّع/Trottinette_électrique__54830683.htm,No,Not tagged
www.avito.ma/ar/المدينة/آلات_تصوير_و_كاميرات/Nikon_D90_toute_neuf___ZOOM_18_200__BATTERIE__54543573.htm,No,Not tagged
www.avito.ma/ar/المدينة/ملابس/سروال_جلد_من_اسبانيا__54627766.htm,No,Not tagged
www.avito.ma/ar/المدينة_القديمة/سيارات_مستعملة/megane_coupé_mazout__53857370.htm,No,Not tagged
www.avito.ma/ar/المسيرة_2/هواتف/pochette_a_vendre_Samsung_Galaxy_a7_54759809.htm,No,Not tagged
www.avito.ma/ar/المغرب/asus_led--للبيع,No,Not tagged
www.avito.ma/ar/المغرب/asus_pc_portable_i3--للبيع,No,Not tagged
www.avito.ma/ar/المغرب/fiat_uno_isans--للبيع,No,Not tagged
www.avito.ma/ar/المغرب/hay_errahma--للبيع,No,Not tagged
www.avito.ma/ar/المغرب/iveco_euro--للبيع,No,Not tagged
www.avito.ma/ar/المغرب/louer_école--للبيع,No,Not tagged
www.avito.ma/ar/المغرب/mixage_usb--للبيع,No,Not tagged
www.avito.ma/ar/المغرب/moto_son--للبيع,No,Not tagged
www.avito.ma/ar/المغرب/nikon_5700--للبيع,No,Not tagged
www.avito.ma/ar/المغرب/silent_bloc--للبيع,No,Not tagged
www.avito.ma/ar/المغرب/support_tv_32_pouces--للبيع,No,Not tagged
www.avito.ma/ar/المغرب/table_ronde_pour_bureau--للبيع,No,Not tagged
www.avito.ma/ar/المغرب/tv_samsung_ps--للبيع,No,Not tagged
www.avito.ma/ar/المغرب/أجهزةـالإلكترومناجيـوـالأواني/poêle--للبيع,No,Not tagged
www.avito.ma/ar/المغرب/دراجات_نارية/malboro--للبيع,No,Not tagged
www.avito.ma/ar/المغرب/زيت_الاركان--للبيع,No,Not tagged
www.avito.ma/ar/المغرب/سيارات/w211--للبيع,No,Not tagged
www.avito.ma/ar/المغرب/طابليط/3_8gb--للبيع,No,Not tagged
www.avito.ma/ar/المغرب/كمبيوترـمحمول/16go_1000_go--للبيع,No,Not tagged
www.avito.ma/ar/المغرب/كمبيوترـمحمول/a_5_pour--للبيع,No,Not tagged
www.avito.ma/ar/المغرب/مراكز_الإتصال/formation_de--للبيع,No,Not tagged
www.avito.ma/ar/المنصورة/oulfa/دكاكين_محلات_تجارية-للبيع,No,Not tagged
www.avito.ma/ar/المنصورية/karosa--للبيع,No,Not tagged
www.avito.ma/ar/الناظور/à_vendre_dacia--للبيع,No,Not tagged
www.avito.ma/ar/الناظور/مضخة_الماء--للبيع,No,Not tagged
www.avito.ma/ar/الوفاق/معدات_أخرى/la_cnc_du_6090_BH28_54317581.htm,No,Not tagged
www.avito.ma/ar/اليوسفية/هواتف/Smartphone_et_Téléphone_à_Rabat_53536951.htm,No,Not tagged
www.avito.ma/ar/بئر_أنزران/سيارات_مستعملة/tiguan_2012_54730214.htm,No,Not tagged
www.avito.ma/ar/باب_دكالة/الأثاث/Meubles_et_décorations_à_Marrakech_53462638.htm,No,Not tagged
www.avito.ma/ar/بركان/tapis_à_vendre--للبيع,No,Not tagged
www.avito.ma/ar/بطيط/الأثاثـوـالديكور-للبيع,No,Not tagged
www.avito.ma/ar/بن_سركاو/صوت_وصورة/city_ayro_inzgane_54509696.htm,No,Not tagged
www.avito.ma/ar/بن_سركاو/كمبيوتر_محمول/حاسوب_tinkpad_من_lenovo__54458857.htm,No,Not tagged
www.avito.ma/ar/بنى_ملال/كمبيوتر_محمول/tochiba_slim_i5_5th_génération__55103480.htm,No,Not tagged
www.avito.ma/ar/بنى_ملال/منازل_للعطلة/Appartement_équipé__53680559.htm,No,Not tagged
www.avito.ma/ar/بوركون/شقق/Duplexe_à_louer_270_m²_Bd_Corniche__Phar_Hank_54047737.htm,No,Not tagged
www.avito.ma/ar/تارودانت/صوت_وصورة/سماعات_الأذن__54554991.htm,No,Not tagged
www.avito.ma/ar/تازة/iphone_5--للبيع,No,Not tagged
www.avito.ma/ar/تازة/شقق/garage_a_vendre_54480129.htm,No,Not tagged
www.avito.ma/ar/تامسنا/ﻙﺭﺍﺀ_ﻢﺸﺗﺮﻛ/apartement_de,No,Not tagged
www.avito.ma/ar/تتيلة/دكاكين،_محلات_تجارية_ومباني_صناعية/snack_a_tilila_54597112.htm,No,Not tagged
www.avito.ma/ar/تلبرجت/الأثاث/Lit_avec_au_sans_rangement_en_promotion__54698524.htm,No,Not tagged
www.avito.ma/ar/تمارة/سيجالي_سيجالو/هواياتـوـرياضة-للبيع,No,Not tagged
www.avito.ma/ar/تمارة/كمبيوترـمحمول/vendre_à_rabat--للبيع,No,Not tagged
www.avito.ma/ar/حسان/سيارات_مستعملة/Renault_Megane_4_Diesel_Automatique_2018_à_Rabat_53937414.htm,No,Not tagged
www.avito.ma/ar/حي_آخر/بقع_و_مزارع/lot_villa_200m__oujda_53381725.htm,No,Not tagged
www.avito.ma/ar/حي_آخر/شقق/Appartement_à_vendre_à_Mohammedia_53106677.htm,No,Not tagged
www.avito.ma/ar/حي_آخر/عاملة_نظافة،_مربية_أو_سائق/عاملات_المنازل_ميناج_كوزينة__54805423.htm,No,Not tagged
www.avito.ma/ar/حي_آخر/معدات_أخرى/Heltiiiii___هيلتي_53509516.htm,No,Not tagged
www.avito.ma/ar/حي_آخر/معدات_أخرى/Live_box_business_240_54852135.htm,No,Not tagged
www.avito.ma/ar/حي_آخر/منازل_للعطلة/شقة_مفروشة_رائعة_و_مجهزة_للكراء_اليومي__53771603.htm,No,Not tagged
www.avito.ma/ar/حي_آخر/هواتف/Sharp_Aquos_64G_4G_54893762.htm,No,Not tagged
www.avito.ma/ar/حي_أهلا/سيارات_مستعملة/tiguan_2_0_tdi_54431172.htm,No,Not tagged
www.avito.ma/ar/حي_الرياض/اكسسوارات__إلكترونية/Clavier_ornata_v2_tres_bon_etat_53341751.htm,No,Not tagged
www.avito.ma/ar/حي_الرياض/سفر_و_تذاكر/Carte_black_quotidienne_Metro_Boomin_22_juin_2024_55125773.htm,No,Not tagged
www.avito.ma/ar/حي_الرياض/هوايات_ورياضة/Rouleurs_42_43_53308386.htm,No,Not tagged
www.avito.ma/ar/حي_الزيتون/سيارات_مستعملة/Renault_Clio_Diesel_Automatique_2018_à_Agadir_53417542.htm,No,Not tagged
www.avito.ma/ar/حي_الطيران___مابيلا/دراجات/Visière_Course_Triathlon_HUUB_Run_Visor_II_54818918.htm,No,Not tagged
www.avito.ma/ar/حي_الفرح/ألعاب_الفيديو_وأجهزة_تشغيل_أو_كونصولات/compte_Free_fier_53684127.htm,No,Not tagged
www.avito.ma/ar/حي_المسيرة/سيارات_مستعملة/Dacia_Duster_Diesel_Manuelle_2021_à_Agadir_42786887.htm,No,Not tagged
www.avito.ma/ar/حي_مولاي_رشيد/هواتف/هاتف_samasung_a51__بمواصفات_عالية__54194213.htm,No,Not tagged
www.avito.ma/ar/دار_مهراز/كمبيوتر_محمول/Pc__52884098.htm,No,Not tagged
www.avito.ma/ar/سباتة/هواتف/مكناس_54726851.htm,No,Not tagged
www.avito.ma/ar/سيدي_سعيد/هواتف/Iphone_8_54767978.htm,No,Not tagged
www.avito.ma/ar/سيدي_مومن/التنزه/poussette_twam__53798740.htm,No,Not tagged
www.avito.ma/ar/طنجة/fiat500--للبيع,No,Not tagged
www.avito.ma/ar/طنجة/mercedes_ml_amg--للبيع,No,Not tagged
www.avito.ma/ar/طنجة/طبيعي_و--للبيع,No,Not tagged
www.avito.ma/ar/عزيب_الدرعي/اكسسوارات_الكمبيوتر_والأجهزة/horloge_armani_ساعة_ارماني_53328661.htm,No,Not tagged
www.avito.ma/ar/عين_السبع/الأجهزة_المنزلية_الكبيرة/Trio_encastrable_NOIR_55127598.htm,No,Not tagged
www.avito.ma/ar/عين_السبع/دار_أو_ڨيلا/Villa__53717938.htm,No,Not tagged
www.avito.ma/ar/عين_السبع/سيارات_مستعملة/peugeot_54888058.htm,No,Not tagged
www.avito.ma/ar/عين_الشق/معدات_أخرى/Encre_d_Imprimante_à_Jet_d_Encre_DTF_Ink_54600627.htm,No,Not tagged
www.avito.ma/ar/عين_برجة/هواتف/Apple_watch_série_7_45_mm_Lte__54730174.htm,No,Not tagged
www.avito.ma/ar/عين_عودة/هواياتـوـرياضة/h--للبيع,No,Not tagged
www.avito.ma/ar/عين_مزوار/درجات_نارية/Harley_Davidson_iron_883__54236817.htm,No,Not tagged
www.avito.ma/ar/فاس/a_dakhla--للبيع,No,Not tagged
www.avito.ma/ar/فاس/peugeot_306_mod--للبيع,No,Not tagged
www.avito.ma/ar/فاس/أجهزة_الإلكترومناجي_والأواني/congelateur_53047877.htm,No,Not tagged
www.avito.ma/ar/فاس/أرض_في--للبيع,No,Not tagged
www.avito.ma/ar/فونتي/منازل_للعطلة/Appartement_location_de_vacances_à_Founti_Agadir_53094654.htm,No,Not tagged
www.avito.ma/ar/قلعة_السراغنة/هواتف_و_هواتف_ذكية/هاتف_في_حالة_جيدة_53742777.htm,No,Not tagged
www.avito.ma/ar/كرسيف/تلفزيون/one_connect_BN9118726M_55015378.htm,No,Not tagged
www.avito.ma/ar/كرسيف/هواتف/iPhone_12_Pro_Max_53394035.htm,No,Not tagged
www.avito.ma/ar/لارميطاج/معدات_أخرى/Antenne_de_sécurité_Antivol_W_160W_MONO__53006292.htm,No,Not tagged
www.avito.ma/ar/مراكش/detecteur_metaux--للبيع,No,Not tagged
www.avito.ma/ar/مراكش/gta_5_360--للبيع,No,Not tagged
www.avito.ma/ar/مراكش/طريق_أمزميز/كمبيوترـمنزلي-للبيع,No,Not tagged
www.avito.ma/ar/مراكش/علال_الفاسي/دكاكين_محلات_تجارية/un--للبيع,No,Not tagged
www.avito.ma/ar/مرتيل/أحذيية/sal3a--للبيع,No,Not tagged
www.avito.ma/ar/مرتيل/شقق/Superbe_Appart_Neuf_Titré_2_chambres_2_balcon_54746336.htm,No,Not tagged
www.avito.ma/ar/مسنانة/هوايات_ورياضة/Salle_de_musculation_complète__54049349.htm,No,Not tagged
www.avito.ma/ar/مكناس/شاحنات/mercedes_pour--للبيع,No,Not tagged
www.avito.ma/ar/ملاباطة/منازل_للعطلة/partmat_f_playa_d_malabata__54962744.htm,No,Not tagged
www.avito.ma/ar/مولاي_بوسلهام/آخر/garçonnières_meublées__53390720.htm,No,Not tagged
www.avito.ma/ar/مونت_فلوري/الأثاث_والديكور/Colibri_Dansant_Violet_Canva__Fès_Ikdji_54359759.htm,No,Not tagged
www.avito.ma/ar/ميدلت/شاحنات/location--للبيع,No,Not tagged
www.avito.ma/ar/وسط_المدينة/الأجهزة_المنزلية_الصغيرة/Espresso_Taurus_20_bar_54808250.htm,No,Not tagged
www.avito.ma/ar/وسط_المدينة/معدات_أخرى/Les_banquettes_d_attente__pour_vente__53752051.htm,No,Not tagged
www.avito.ma/ar/ٱملكيس/سيارات_مستعملة/Volkswagen_Touareg_Diesel_Automatique_2011_54651104.htm,No,Not tagged
www.avito.ma/auto/neuf/mitsubishi/outlander/,No,Not tagged
www.avito.ma/auto/neuf/renault/symbol/1.5-dci-65-authentique-clim/,No,Not tagged
www.avito.ma/auto/neuf/volkswagen/eos/,No,Not tagged
www.avito.ma/fr/2_mars/instruments_de_musique/Guitare_classique_Espagnole_Camps_M1_authentique___54721638.htm,No,Not tagged
www.avito.ma/fr/2_mars/ordinateurs_de_bureau/HP_workstation_Z440_E5_2609__54783123.htm,No,Not tagged
www.avito.ma/fr/2_mars/téléphones/Les_iPhone_12_turbo_jamais_128_90__54727265.htm,No,Not tagged
www.avito.ma/fr/2_mars/vaisselles/cafetière__cocotre_a_cafe_54925449.htm,No,Not tagged
www.avito.ma/fr/aaouinat_hajjaj/accessoires_informatique_et_gadgets/RAZER_ORNATA_V3_Clavier_Gaming_54318108.htm,No,Not tagged
www.avito.ma/fr/achennad/matériels_professionnels/les_panneaux_solaires_a_550W_54573928.htm,No,Not tagged
www.avito.ma/fr/afaq/electroménager_et_vaisselles/ثلاجة_zdttr_54606404.htm,No,Not tagged
www.avito.ma/fr/aferkat/beausejour/electorménager_et_vaisselle-à_vendre,No,Not tagged
www.avito.ma/fr/agadir/anoual_souss/télévisions/a--à_vendre,No,Not tagged
www.avito.ma/fr/agadir/camions/un_prix--à_vendre,No,Not tagged
www.avito.ma/fr/agadir/cours_et_formations/cours_de_domicile--à_vendre,No,Not tagged
www.avito.ma/fr/agadir/meubles_et_décoration/de_bureau_l--à_vendre,No,Not tagged
www.avito.ma/fr/agadir/terrains_et_fermes/بقعة_ارضية_محفظة--à_vendre,No,Not tagged
www.avito.ma/fr/agadir/الكوزينة--à_vendre,No,Not tagged
www.avito.ma/fr/agadir/طريق_آسفي/à_vendre,No,Not tagged
www.avito.ma/fr/agdal/matériels_professionnels/Tendeuse_a_Gaston_54746057.htm,No,Not tagged
www.avito.ma/fr/ahfir/animaux/box_et--à_vendre,No,Not tagged
www.avito.ma/fr/ain_atig/matériels_professionnels/rayonnage_mural_et_économique_en_crémé_et_noir__54793979.htm,No,Not tagged
www.avito.ma/fr/ain_atig/meubles_et_décoration/tapis__3_50_longueur___1_90_largeur__54556749.htm,No,Not tagged
www.avito.ma/fr/ain_sebaa/art_et_collections/Ancienne_bague_camée__54620339.htm,No,Not tagged
www.avito.ma/fr/ain_sebaa/business_et_affaires_commerciales/sac_à_main__54320453.htm,No,Not tagged
www.avito.ma/fr/al_fida/electroménager_et_vaisselles/Réfrigérateur__53346204.htm,No,Not tagged
www.avito.ma/fr/al_haouz/fiat_maxi_6--à_vendre,No,Not tagged
www.avito.ma/fr/al_hoceima/appartements/شقة_مفروشة_للكراء_اليومي__بالحسيمة__53362269.htm,No,Not tagged
www.avito.ma/fr/almaz/magasins__commerces_et_locaux_industriels/Magasin_211_m2_Al_Maz_54669793.htm,No,Not tagged
www.avito.ma/fr/anfa/smartphone_et_téléphone/IPhone_13_Pro__54136998.htm,No,Not tagged
www.avito.ma/fr/autre_secteur/accessoires_informatique_et_gadgets/Moniteur_AOC_E2770pqu__54858758.htm,No,Not tagged
www.avito.ma/fr/autre_secteur/appartements/Appartement_Élégant_132m²___54901230.htm,No,Not tagged
www.avito.ma/fr/autre_secteur/matériels_professionnels/FABRICATION_MOBILIER_BUREAU_BUREAU_MULTIPOSTE_KSSS_54716027.htm,No,Not tagged
www.avito.ma/fr/autre_secteur/smartphone_et_téléphone/samsung_s20_fe_5g_128_gb_6_ram_53329963.htm,No,Not tagged
www.avito.ma/fr/azrou/produits_de_beaute/une_femme_de--à_vendre,No,Not tagged
www.avito.ma/fr/aïn_borja/matériels_professionnels/le_scie_électrique_en_table_slidé_u38_53983138.htm,No,Not tagged
www.avito.ma/fr/aïn_chock/autre_matériel_professionel/RAYOUNNAGE_LEGER_GALVANIS__54342891.htm,No,Not tagged
www.avito.ma/fr/aïn_chock/bureaux_à_louer/Appartement_a_louer_pour_les_bureaux_54294753.htm,No,Not tagged
www.avito.ma/fr/aïn_chock/engins_btp/Vd_élévateur_retractable_electrique_54969724.htm,No,Not tagged
www.avito.ma/fr/aïn_chock/matériels_professionnels/MOBILIER_DE_BUREAU_IMPORTATION_HAUTE_GAMME__53322514.htm,No,Not tagged
www.avito.ma/fr/beausejour/autre_matériel_professionel/rayonnage_supermarché__50378717.htm,No,Not tagged
www.avito.ma/fr/beauséjour/matériels_professionnels/3YxgV8a2_رفوف_خفيفة_جودة_وفعالية_54769853.htm,No,Not tagged
www.avito.ma/fr/belvédère/autre_matériel_professionel/Horloge_en_Verre_Sublimation_54955254.htm,No,Not tagged
www.avito.ma/fr/belvédère/meubles_et_décoration/Toilette_anglaise_54701765.htm,No,Not tagged
www.avito.ma/fr/ben_guerir/matériel_traiteur--à_vendre,No,Not tagged
www.avito.ma/fr/ben_guerir/منزل_للبيع_من--demandes,No,Not tagged
www.avito.ma/fr/ben_souda/ordinateurs_de_bureau/PACK_PC_HP_600_G2_SFF_ET_ECRAN_HP_20_pouces__54906850.htm,No,Not tagged
www.avito.ma/fr/berkane/imprimante_laserjet_pro--à_vendre,No,Not tagged
www.avito.ma/fr/berkane/matériels_professionnels/Chaise_bureau_neuf_importé_médicale_confortable_54736729.htm,No,Not tagged
www.avito.ma/fr/berkane/omar/magasins_et_commerces-à_vendre,No,Not tagged
www.avito.ma/fr/berrechid/terrains_et_fermes/avec_piscine--à_vendre,No,Not tagged
www.avito.ma/fr/boulmane/bateaux-à_vendre,No,Not tagged
www.avito.ma/fr/bounaamane/renault_r11_essence--à_vendre,No,Not tagged
www.avito.ma/fr/béni_mellal/jeux_vidéo_et_consoles/PS4_PRO_53394119.htm,No,Not tagged
www.avito.ma/fr/casablanca/a_manger_style--à_vendre,No,Not tagged
www.avito.ma/fr/casablanca/al_fida/vélos/de_pour_des--à_vendre,No,Not tagged
www.avito.ma/fr/casablanca/appartements/chambres_76,No,Not tagged
www.avito.ma/fr/casablanca/beausejour/emploi_et_services--à_vendre,No,Not tagged
www.avito.ma/fr/casablanca/boite_vitesse_golf--à_vendre,No,Not tagged
www.avito.ma/fr/casablanca/des_materiel_medical--à_vendre,No,Not tagged
www.avito.ma/fr/casablanca/electorménager_et_vaisselle/fromage--à_vendre,No,Not tagged
www.avito.ma/fr/casablanca/g_ram_16--à_vendre,No,Not tagged
www.avito.ma/fr/casablanca/hp_410a--à_vendre,No,Not tagged
www.avito.ma/fr/casablanca/informatique_et_multimedia/tplink_tl--à_vendre,No,Not tagged
www.avito.ma/fr/casablanca/magasins_et_commerces/societe--à_vendre,No,Not tagged
www.avito.ma/fr/casablanca/meubles_et_décoration/palette--à_vendre,No,Not tagged
www.avito.ma/fr/casablanca/perruche_calopsitte--à_vendre,No,Not tagged
www.avito.ma/fr/casablanca/pompe_eaux--à_vendre,No,Not tagged
www.avito.ma/fr/casablanca/poste_radio_jvc--à_vendre,No,Not tagged
www.avito.ma/fr/casablanca/raw3a--à_vendre,No,Not tagged
www.avito.ma/fr/casablanca/sacs_et_accessoires/Sac_De_Voyage_LV_Keepall_50_Monogram_52127428.htm,No,Not tagged
www.avito.ma/fr/casablanca/sidi_bernoussi/gt_1030--à_vendre,No,Not tagged
www.avito.ma/fr/casablanca/skoda_octavia_2002--à_vendre,No,Not tagged
www.avito.ma/fr/casablanca/صالون_للحلاقة--à_vendre,No,Not tagged
www.avito.ma/fr/castilla/matériels_professionnels/citerne_d_aux_54560358.htm,No,Not tagged
www.avito.ma/fr/centre/voitures_d'occasion/Renault_Megane_3__54900455.htm,No,Not tagged
www.avito.ma/fr/centre/voitures_d'occasion/hunday_santamo__54682861.htm,No,Not tagged
www.avito.ma/fr/cherrat/camions/vito--à_vendre,No,Not tagged
www.avito.ma/fr/dakhla/matériel_de_bureau/Bureau_importation_en_bois_mélamine__53869699.htm,No,Not tagged
www.avito.ma/fr/derb_omar/matériels_professionnels/Matériel_Siemens_Hipath_unify__54313402.htm,No,Not tagged
www.avito.ma/fr/deroua/magasins_et_commerces/reprise--à_vendre,No,Not tagged
www.avito.ma/fr/el_bassatine/téléphones/iPhone_11_128_53972576.htm,No,Not tagged
www.avito.ma/fr/el_haddada/motos/Motos_à_Kénitra_53343903.htm,No,Not tagged
www.avito.ma/fr/el_hajeb/magasins__commerces_et_locaux_industriels/مقهى_مجهزة__53156022.htm,No,Not tagged
www.avito.ma/fr/el_hanchane/instruments_de_musique/ma--à_vendre,No,Not tagged
www.avito.ma/fr/el_jadida/téléphones/redmi_note_11__53137118.htm,No,Not tagged
www.avito.ma/fr/errahma/meubles_et_décoration/Salon_complet_n9iii_bzaf__صالون_كامل_54717276.htm,No,Not tagged
www.avito.ma/fr/errahma/meubles_et_décoration/Tableau_déco_B67_53976733.htm,No,Not tagged
www.avito.ma/fr/essaouira/le_boulevard_mohammed_v/femme_de_menage_nounou_chauffeurs-à_vendre,No,Not tagged
www.avito.ma/fr/fes/mont_fleuri_2/business_et_affaire_commerciale,No,Not tagged
www.avito.ma/fr/fquih_ben_saleh/animaux/telephone--à_vendre,No,Not tagged
www.avito.ma/fr/guelmim/peruch--à_vendre,No,Not tagged
www.avito.ma/fr/hamria/locations_de_vacances/Appartement_Hamria_SIAM_54770012.htm,No,Not tagged
www.avito.ma/fr/hay_al_mohammadi/matériels_professionnels/RAYONNAGES_SUPERMARCHE_SUPÉRETTE__53592961.htm,No,Not tagged
www.avito.ma/fr/hay_arrachad/matériels_professionnels/la__CV_torch_d_une_plasma_BV82_54215711.htm,No,Not tagged
www.avito.ma/fr/hay_chrifa/magasins__commerces_et_locaux_industriels/Local_commercial_a_louer_sur_hay_chrifa_54957523.htm,No,Not tagged
www.avito.ma/fr/hay_hassani/autres_matériels_electroniques/ساعة_يد_للرجال_معها_قلادة__54872311.htm,No,Not tagged
www.avito.ma/fr/hay_hassani/sports_et_loisirs/Skate_casi_neuf_54184882.htm,No,Not tagged
www.avito.ma/fr/hay_izdihar/appartements/VENTE_APPARTEMENT_54817097.htm,No,Not tagged
www.avito.ma/fr/hay_massira/chaussures/Chaussures_à_Agadir_52986682.htm,No,Not tagged
www.avito.ma/fr/imouzzer_marmoucha/voitures/f--à_vendre,No,Not tagged
www.avito.ma/fr/khabazat/local_à_louer/Khabazat_kenitra_center_54468299.htm,No,Not tagged
www.avito.ma/fr/khemisset/voitures_d'occasion/Vente__54790948.htm,No,Not tagged
www.avito.ma/fr/khouribga/hyundai_camion_plateau--à_vendre,No,Not tagged
www.avito.ma/fr/khouribga/megane_2004--à_vendre,No,Not tagged
www.avito.ma/fr/la_ville_haute/meubles_et_décoration/Matelas_Simmons_Neuf_54901621.htm,No,Not tagged
www.avito.ma/fr/laayoune/télévisions/prix_maroc--à_vendre,No,Not tagged
www.avito.ma/fr/lissasfa/meubles_et_décoration/placard_armoire_chaussures__54800964.htm,No,Not tagged
www.avito.ma/fr/louta/meubles_et_décoration-à_vendre,No,Not tagged
www.avito.ma/fr/maarif/appartements/Studio_meublé_à_Maarif__55123798.htm,No,Not tagged
www.avito.ma/fr/mabella/autres_loisirs/Tickets_Mawazine_Nicki_Minaj__55123376.htm,No,Not tagged
www.avito.ma/fr/marjane_2/locations_de_vacances/شقة_للكراء__53017158.htm,No,Not tagged
www.avito.ma/fr/marjane_2/matériels_professionnels/cnc_router_machine_for_wood_and_aluminuim_54677788.htm,No,Not tagged
www.avito.ma/fr/maroc/16_ford--à_vendre,No,Not tagged
www.avito.ma/fr/maroc/4_rj45_fibre--à_vendre,No,Not tagged
www.avito.ma/fr/maroc/4gb_500gb_15.6--à_vendre,No,Not tagged
www.avito.ma/fr/maroc/a_124--à_vendre,No,Not tagged
www.avito.ma/fr/maroc/appareils_photo_cameras/pro_8--à_vendre,No,Not tagged
www.avito.ma/fr/maroc/appareils_photo_cameras/volkswagen--à_vendre,No,Not tagged
www.avito.ma/fr/maroc/appartements/a_dior,No,Not tagged
www.avito.ma/fr/maroc/appartements/appartement_zemmouri_3_tanger,No,Not tagged
www.avito.ma/fr/maroc/appartements/similaires,No,Not tagged
www.avito.ma/fr/maroc/appartements/terrain_120_à,No,Not tagged
www.avito.ma/fr/maroc/bd_moulay_ismail--à_vendre,No,Not tagged
www.avito.ma/fr/maroc/cafe_avec--à_vendre,No,Not tagged
www.avito.ma/fr/maroc/camions/3.5_et--à_vendre,No,Not tagged
www.avito.ma/fr/maroc/chary--à_vendre,No,Not tagged
www.avito.ma/fr/maroc/chaussures/*servi*--à_vendre,No,Not tagged
www.avito.ma/fr/maroc/chaussures/en_cuir_véritable--à_vendre,No,Not tagged
www.avito.ma/fr/maroc/chaussures/made_italie--à_vendre,No,Not tagged
www.avito.ma/fr/maroc/crampons_42--à_vendre,No,Not tagged
www.avito.ma/fr/maroc/creche_rabat--à_vendre,No,Not tagged
www.avito.ma/fr/maroc/demande_appartement_a_louer--à_vendre,No,Not tagged
www.avito.ma/fr/maroc/enceintes_2.1--à_vendre,No,Not tagged
www.avito.ma/fr/maroc/golf_4_très,No,Not tagged
www.avito.ma/fr/maroc/immobilier/parfums,No,Not tagged
www.avito.ma/fr/maroc/impo--à_vendre,No,Not tagged
www.avito.ma/fr/maroc/importer_de_l--à_vendre,No,Not tagged
www.avito.ma/fr/maroc/jeux_vidéo_et_consoles/nvidia_gt_710--à_vendre,No,Not tagged
www.avito.ma/fr/maroc/jeux_vidéo_et_consoles/sony_c--à_vendre,No,Not tagged
www.avito.ma/fr/maroc/localisateur_des--à_vendre,No,Not tagged
www.avito.ma/fr/maroc/m2_rabat_médina--à_vendre,No,Not tagged
www.avito.ma/fr/maroc/magasin_à_céder--à_vendre,No,Not tagged
www.avito.ma/fr/maroc/matériels_professionnels/contre_basse--à_vendre,No,Not tagged
www.avito.ma/fr/maroc/matériels_professionnels/fleurs_de--à_vendre,No,Not tagged
www.avito.ma/fr/maroc/meubles_et_décoration/4.......4--à_vendre,No,Not tagged
www.avito.ma/fr/maroc/meubles_et_décoration/des_pour_un--à_vendre,No,Not tagged
www.avito.ma/fr/maroc/meubles_et_décoration/maison_de_90--à_vendre,No,Not tagged
www.avito.ma/fr/maroc/meubles_et_décoration/un_des--à_vendre,No,Not tagged
www.avito.ma/fr/maroc/motorola_x--à_vendre,No,Not tagged
www.avito.ma/fr/maroc/motos/c_est--à_vendre,No,Not tagged
www.avito.ma/fr/maroc/motos/color--à_vendre,No,Not tagged
www.avito.ma/fr/maroc/nokia_c_2--à_vendre,No,Not tagged
www.avito.ma/fr/maroc/ordinateur_macbook_core_2_duo--à_vendre,No,Not tagged
www.avito.ma/fr/maroc/ordinateurs_portables/cable_usb--à_vendre,No,Not tagged
www.avito.ma/fr/maroc/oud_neuf--à_vendre,No,Not tagged
www.avito.ma/fr/maroc/pour_la_maision_et_jardin/container--à_vendre,No,Not tagged
www.avito.ma/fr/maroc/samsung_40_4k--à_vendre,No,Not tagged
www.avito.ma/fr/maroc/shirt_bonne_qualité--à_vendre,No,Not tagged
www.avito.ma/fr/maroc/sports_et_loisirs/lunette_sport--à_vendre,No,Not tagged
www.avito.ma/fr/maroc/touran_volkswagen_dedouane--à_vendre,No,Not tagged
www.avito.ma/fr/maroc/vetements/pour_32--à_vendre,No,Not tagged
www.avito.ma/fr/maroc/voitures_jeep_diesel--à_vendre,No,Not tagged
www.avito.ma/fr/maroc/volkswagen_golf_4_tdi_1.9--à_vendre,No,Not tagged
www.avito.ma/fr/maroc/بلا_كرا--à_vendre,No,Not tagged
www.avito.ma/fr/marrakech/femme_menage_qui--à_vendre,No,Not tagged
www.avito.ma/fr/marrakech/ordinateurs_bureau/une_vendre--à_vendre,No,Not tagged
www.avito.ma/fr/marrakech/rahba_kedima/jardin_et_outils_de_bricolage-à_vendre,No,Not tagged
www.avito.ma/fr/martil/audi_a3_2.0l--à_vendre,No,Not tagged
www.avito.ma/fr/martil/montres_et_bijoux/pour_bijoux--à_vendre,No,Not tagged
www.avito.ma/fr/martil/terrains_et_fermes/vendre_terrain_de--à_vendre,No,Not tagged
www.avito.ma/fr/massira/accessoires_informatique_et_gadgets/Hawawei_smart_watch_band_6_53533192.htm,No,Not tagged
www.avito.ma/fr/meknès/sidi_bouzekri/terrains_et_fermes/cafe--à_vendre,No,Not tagged
www.avito.ma/fr/mimosas/accessoires_informatique_et_gadgets/chargeur_type_c__53828487.htm,No,Not tagged
www.avito.ma/fr/nador/peugeot_207_diesel--à_vendre,No,Not tagged
www.avito.ma/fr/nouveau_mellah/bureaux_à_louer/كانقلب_على_مكتب_أو_شقة_للكراء_للخدمة_53952712.htm,No,Not tagged
www.avito.ma/fr/ouarzazate/terrain_titres_de--à_vendre,No,Not tagged
www.avito.ma/fr/ouazzane/tlamet_tapis--à_vendre,No,Not tagged
www.avito.ma/fr/oued_ourika/meubles_et_décoration/MODERNER_PARAVENT_ACELYA_MIT_ORCHIDEEN_MOTIV_IN_PI_54678866.htm,No,Not tagged
www.avito.ma/fr/oued_zem/terrains_et_fermes/maison_berkane--à_vendre,No,Not tagged
www.avito.ma/fr/oujda/maison_lotissement,No,Not tagged
www.avito.ma/fr/oujda/meubles_et_décoration/7_bon_etat--à_vendre,No,Not tagged
www.avito.ma/fr/oujda/route_jerada/a_nespresso--à_vendre,No,Not tagged
www.avito.ma/fr/oujda/ألة_التصبين--à_vendre,No,Not tagged
www.avito.ma/fr/ouled_teïma/terrains_et_fermes_à_louer/Terrain_titré__53239977.htm,No,Not tagged
www.avito.ma/fr/oulfa/voitures_d'occasion/fiat_54692604.htm,No,Not tagged
www.avito.ma/fr/rabat/essence_2004--à_vendre,No,Not tagged
www.avito.ma/fr/rabat/hay_nahda/services/voiture_sport--à_vendre,No,Not tagged
www.avito.ma/fr/rabat/hay_riad/appartements/appartement_à_al,No,Not tagged
www.avito.ma/fr/rabat/vetements_pour_enfant/mets--à_vendre,No,Not tagged
www.avito.ma/fr/ras_el_ma/matériels_professionnels/meknes--à_vendre,No,Not tagged
www.avito.ma/fr/safi/cours_et_formations/portable_en,No,Not tagged
www.avito.ma/fr/safi/plateau/vélos-à_vendre,No,Not tagged
www.avito.ma/fr/safi/ville_nouvelle/art_et_collections-à_vendre,No,Not tagged
www.avito.ma/fr/sbata/téléphones/iphone_se_en_Bon_état__54802736.htm,No,Not tagged
www.avito.ma/fr/sidi_moumen/autres_instruments/Carte_Son_FOCUSRITE_CLARETT_8PRE_54547013.htm,No,Not tagged
www.avito.ma/fr/sidi_slimane/films_livres_magazines/un_petit--à_vendre,No,Not tagged
www.avito.ma/fr/sidi_yahya/télévisions/Samsung_32_pouce__54247181.htm,No,Not tagged
www.avito.ma/fr/sidi_yahya_el_gharb/art_et_collections/ma--à_vendre,No,Not tagged
www.avito.ma/fr/skhirat/autre_secteur/camions_et_engins,No,Not tagged
www.avito.ma/fr/skhirat/montres_et_bijoux/boitier--à_vendre,No,Not tagged
www.avito.ma/fr/tamaris/vetements_pour_enfant/ملابس_أطفال--à_vendre,No,Not tagged
www.avito.ma/fr/tameslohte/huawei_y6--à_vendre,No,Not tagged
www.avito.ma/fr/tamri/montres_et_bijoux/samsung--à_vendre,No,Not tagged
www.avito.ma/fr/tan_tan/autre_matériel_professionel/Matériels_Professionnels_à_Tan_Tan_53570442.htm,No,Not tagged
www.avito.ma/fr/tanger/ampoules_led--à_vendre,No,Not tagged
www.avito.ma/fr/tanger/art_et_collections/مغربية_قديمة--à_vendre,No,Not tagged
www.avito.ma/fr/tanger/belle_fille--à_vendre,No,Not tagged
www.avito.ma/fr/tanger/chargeuse--à_vendre,No,Not tagged
www.avito.ma/fr/tanger/d_apple--à_vendre,No,Not tagged
www.avito.ma/fr/tanger/el_mers_1/autre_immobilier-à_vendre,No,Not tagged
www.avito.ma/fr/tanger/hay_hassani/travaux_maison--à_vendre,No,Not tagged
www.avito.ma/fr/tanger/immobilier/chocolat,No,Not tagged
www.avito.ma/fr/tanger/lit_gonflable--à_vendre,No,Not tagged
www.avito.ma/fr/tanger/moto_sh_125--à_vendre,No,Not tagged
www.avito.ma/fr/tanger/nkhila--à_vendre,No,Not tagged
www.avito.ma/fr/tanger/opel_astra_diesel_1.7--à_vendre,No,Not tagged
www.avito.ma/fr/tanger/ours_peluche--à_vendre,No,Not tagged
www.avito.ma/fr/tanger/pange--à_vendre,No,Not tagged
www.avito.ma/fr/tanger/smart_remote--à_vendre,No,Not tagged
www.avito.ma/fr/tanger/stocks_et_vente_en_gros/bureau--à_vendre,No,Not tagged
www.avito.ma/fr/tanger/terrain_chichaoua--à_vendre,No,Not tagged
www.avito.ma/fr/tanger/turbo_peugeot_2.0--à_vendre,No,Not tagged
www.avito.ma/fr/tanger/wn--à_vendre,No,Not tagged
www.avito.ma/fr/tanger/yamaha_xt660x--à_vendre,No,Not tagged
www.avito.ma/fr/taourirt/terrains_et_fermes/83_de--à_vendre,No,Not tagged
www.avito.ma/fr/taroudant/appartements/appartement_70m2,No,Not tagged
www.avito.ma/fr/taza/bureaux_et_plateaux/appartement_120_m2--à_vendre,No,Not tagged
www.avito.ma/fr/taza/et_villa_et--à_vendre,No,Not tagged
www.avito.ma/fr/taza/renault_5--à_vendre,No,Not tagged
www.avito.ma/fr/taza/xioami_note--à_vendre,No,Not tagged
www.avito.ma/fr/temara/appartements/3_titre,No,Not tagged
www.avito.ma/fr/temara/pour_les_enfants_à_vendre--à_vendre,No,Not tagged
www.avito.ma/fr/tendrara/electorménager_et_vaisselle/douche*--à_vendre,No,Not tagged
www.avito.ma/fr/youssoufia/terrains_et_fermes/terrain_250_m2--à_vendre,No,Not tagged
www.avito.ma/sp/misc/deuxieme-generation,No,Not tagged
www.avito.ma/ar/2_مارس/الأثاث_والديكور/chambre_à_coucher__54838323.htm,No,Not tagged
www.avito.ma/ar/أصيلة/حيوانات_أليفة/a--للبيع,No,Not tagged
www.avito.ma/ar/أفاق/درجات_نارية/Neo_s_53540850.htm,No,Not tagged
www.avito.ma/ar/أكادير/الأثاث_والديكور/lit_en_bois_massive__52852945.htm,No,Not tagged
www.avito.ma/ar/أكدال/التنزه/poussette_bonne_état__55082214.htm,No,Not tagged
www.avito.ma/ar/أكدال/معدات_مهنية/Matériel_centre_éducatif__54747215.htm,No,Not tagged
www.avito.ma/ar/أنفا/دكاكين،_محلات_تجارية_ومباني_صناعية/_hangar_à_louer___53627458.htm,No,Not tagged
www.avito.ma/ar/أنفا/هواتف_و_هواتف_ذكية/Afficheur_ecran_pour_Tecno_Spark_4_Air_48687130.htm,No,Not tagged
www.avito.ma/ar/إفران/دكاكين_محلات_تجارية/magasin_de--للبيع,No,Not tagged
www.avito.ma/ar/إيمنتانوت/قطع_الغيار_لوسائل_النقل/قطع_سيطروين_54849040.htm,No,Not tagged
www.avito.ma/ar/اسفي/المنى/عقارات_للبيع,No,Not tagged
www.avito.ma/ar/الأزهر/كمبيوتر_محمول/Des_PC_i7_SSD_Win11_à_Petit_Prix_54847134.htm,No,Not tagged
www.avito.ma/ar/الأمل/ألعاب_الفيديو_وأجهزة_تشغيل_أو_كونصولات/Fc_2024_PS5__FIFA_23_PS5_MCHY_CDS_54855759.htm,No,Not tagged
www.avito.ma/ar/الجديدة/حيوانات_أليفة/a_bon--للبيع,No,Not tagged
www.avito.ma/ar/الدار_البيضاء/beard_growth--للبيع,No,Not tagged
www.avito.ma/ar/الدار_البيضاء/tonnelle_jardin--للبيع,No,Not tagged
www.avito.ma/ar/الدار_البيضاء/سيارات/.r19--للبيع,No,Not tagged
www.avito.ma/ar/الدار_البيضاء/عقار/2piece,No,Not tagged
www.avito.ma/ar/الدروة/دكاكين_محلات_تجارية/temara_massira_2--للبيع,No,Not tagged
www.avito.ma/ar/الرباط/astra_pack_cosmo--للبيع,No,Not tagged
www.avito.ma/ar/الرباط/key_original--للبيع,No,Not tagged
www.avito.ma/ar/الرباط/prodesk_400--للبيع,No,Not tagged
www.avito.ma/ar/الرباط/tdi_2008--للبيع,No,Not tagged
www.avito.ma/ar/الرباط/دراجات_نارية/moto_c50--للبيع,No,Not tagged
www.avito.ma/ar/الرباط/كمبيوترـمنزلي/microphone_bm800--للبيع,No,Not tagged
www.avito.ma/ar/الرحمة/اكسسوارات_الكمبيوتر_والأجهزة/box_tv_android_54213577.htm,No,Not tagged
www.avito.ma/ar/الصويرة/المدينة_الجديدة/للمهنيين-للبيع,No,Not tagged
www.avito.ma/ar/الصويرة/شبنات/عقار,No,Not tagged
www.avito.ma/ar/العرائش/كمبيوتر_محمول/Lenovo_IdeaPad_s145_54798331.htm,No,Not tagged
www.avito.ma/ar/العكاري/هواتف/A_52_afficheur_khassra_53784750.htm,No,Not tagged
www.avito.ma/ar/الفداء/سيارات_مستعملة/hyundai_i10__54672127.htm,No,Not tagged
www.avito.ma/ar/المحمدية/de_triporteur--للبيع,No,Not tagged
www.avito.ma/ar/المحمدية/pâtisserie_et_boulangerie--للبيع,No,Not tagged
www.avito.ma/ar/المسيرة_1/اكسسوارات_الكمبيوتر_والأجهزة/imprimante_laser__44162387.htm,No,Not tagged
www.avito.ma/ar/المعاريف/ملابس/Robe_veste_et_manteau_53889477.htm,No,Not tagged
www.avito.ma/ar/المغرب/52_pouce--للبيع,No,Not tagged
www.avito.ma/ar/المغرب/6x4--للبيع,No,Not tagged
www.avito.ma/ar/المغرب/en_non_tissé--للبيع,No,Not tagged
www.avito.ma/ar/المغرب/hidden--للبيع,No,Not tagged
www.avito.ma/ar/المغرب/planche_en_bois--للبيع,No,Not tagged
www.avito.ma/ar/المغرب/router_maroc_telecom--للبيع,No,Not tagged
www.avito.ma/ar/المغرب/saira--للبيع,No,Not tagged
www.avito.ma/ar/المغرب/skoda_octavia_neuf--للبيع,No,Not tagged
www.avito.ma/ar/المغرب/sono_enceintes--للبيع,No,Not tagged
www.avito.ma/ar/المغرب/talaja_snack--للبيع,No,Not tagged
www.avito.ma/ar/المغرب/yoga_8--للبيع,No,Not tagged
www.avito.ma/ar/المغرب/أجهزةـالإلكترومناجيـوـالأواني/la_à_vendre--للبيع,No,Not tagged
www.avito.ma/ar/المغرب/أرخص--للبيع,No,Not tagged
www.avito.ma/ar/المغرب/دراجات_نارية/jacket_en--للبيع,No,Not tagged
www.avito.ma/ar/المغرب/ساعاتـوـمجوهرات/montre_festina_d--للبيع,No,Not tagged
www.avito.ma/ar/المغرب/قطعـالغيارـلوسائلـالنقل/import_et--للبيع,No,Not tagged
www.avito.ma/ar/المغرب/كمبيوترـمحمول/pixel_google--للبيع,No,Not tagged
www.avito.ma/ar/المغرب/كمبيوترـمحمول/حالة--للبيع,No,Not tagged
www.avito.ma/ar/المغرب/معدات_مهنية/groupe_kva--للبيع,No,Not tagged
www.avito.ma/ar/المغرب/معدات_مهنية/jolie_pour--للبيع,No,Not tagged
www.avito.ma/ar/المغرب/مكاتب/superficie_r--للبيع,No,Not tagged
www.avito.ma/ar/النور/مخزونات_وبيع_بالجملة/huile_d_olive_naturel__54190766.htm,No,Not tagged
www.avito.ma/ar/الوسط/هواتف/sumsung_s10_normal_54773036.htm,No,Not tagged
www.avito.ma/ar/باب_سبتة/معدات_أخرى/rayonnages_leger_54239394.htm,No,Not tagged
www.avito.ma/ar/بالموري/حقائب_وأكسسوارات/Écharpe_Louis_Vuitton_53826631.htm,No,Not tagged
www.avito.ma/ar/بركان/mouton_de_race--للبيع,No,Not tagged
www.avito.ma/ar/بين_لكشالي/حيوانات_أليفة/canar_jaune_53735548.htm,No,Not tagged
www.avito.ma/ar/تاركة/الأثاث/Separation_Manhattan_Nuit_A_Marraakech_Drmmv_54993171.htm,No,Not tagged
www.avito.ma/ar/تارودانت/آلةـتصويرـوـكامرا/maison_à_l--للبيع,No,Not tagged
www.avito.ma/ar/تازوطة/malette_poker--للبيع,No,Not tagged
www.avito.ma/ar/تاهلة/hassan/الأثاثـوـالديكور-للبيع,No,Not tagged
www.avito.ma/ar/تاوريرت/ألعاب_الفيديو_وأجهزة_تشغيل_أو_كونصولات/informatique--للبيع,No,Not tagged
www.avito.ma/ar/حسان/ملابس/Haut_pour_femme__54888201.htm,No,Not tagged
www.avito.ma/ar/حي_آخر/بقع_و_مزارع/terrain_505_m2_vu_la_mer_a_ghawjin_diki_55117380.htm,No,Not tagged
www.avito.ma/ar/حي_آخر/خدمات/THE_BEST_SERVICE_IPTV__55099137.htm,No,Not tagged
www.avito.ma/ar/حي_آخر/دكاكين،_محلات_تجارية_ومباني_صناعية/Magasin_à_louer_Casablanca__54338314.htm,No,Not tagged
www.avito.ma/ar/حي_آخر/سيارات_مستعملة/RANGE_ROVER_VOGUE_AUTOBIOGRAPHIE_BLACK_ÉDITION__54911168.htm,No,Not tagged
www.avito.ma/ar/حي_آخر/صوت_وصورة/ABONNEMENT_VIP_HAUT_QUALITÉ_PRIMO_54909263.htm,No,Not tagged
www.avito.ma/ar/حي_آخر/قطع_الغيار_لوسائل_النقل/Pièces_et_Accessoires_pour_véhicules_à_Skhirat_53524121.htm,No,Not tagged
www.avito.ma/ar/حي_آخر/كمبيوتر_محمول/ASUS_TUF_GAMING_I5_10300_GTX_1650_512_SSD_54104567.htm,No,Not tagged
www.avito.ma/ar/حي_آخر/معدات_المكتب/Bureau_Angle_Dynamobel_160x160cm_52084380.htm,No,Not tagged
www.avito.ma/ar/حي_آخر/منازل_للعطلة/Appartement_location_de_vacances_à_Agadir_53239388.htm,No,Not tagged
www.avito.ma/ar/حي_أدرار/شقق/شقة_للايجار_الشهري_قرب_من_Decathlon__53371270.htm,No,Not tagged
www.avito.ma/ar/حي_الحديقة/شقق/Appartement_haut_standing__54843087.htm,No,Not tagged
www.avito.ma/ar/حي_الحسني/معدات_المطاعم_والفنادق/friteuse_sur_placard_gaz__55118820.htm,No,Not tagged
www.avito.ma/ar/حي_الزيتون/سيارات_مستعملة/Hyundai_i_30_Diesel_Manuelle_2010_à_Agadir_54681066.htm,No,Not tagged
www.avito.ma/ar/حي_السلام/أحذية/Agadir_tikiouin_54549937.htm,No,Not tagged
www.avito.ma/ar/حي_الشيج_المفضل/أجهزة_الإلكترومناجي_والأواني/Activé_chaff_5_feux__54526540.htm,No,Not tagged
www.avito.ma/ar/حي_الفتح/درجات_نارية/Moto_ATLAS_PANTHER__SH50_54892246.htm,No,Not tagged
www.avito.ma/ar/حي_المنزه/الأثاث_والديكور/Bureau_à_vendre__54887907.htm,No,Not tagged
www.avito.ma/ar/حي_كريمة/فن_وتحف/Tour_Effel_53628071.htm,No,Not tagged
www.avito.ma/ar/خريبكة/seat_cordoba--للبيع,No,Not tagged
www.avito.ma/ar/راسين/بيانو/piano_pearl_river_54728154.htm,No,Not tagged
www.avito.ma/ar/سباتة/سيارات_مستعملة/peugeot_106__54298754.htm,No,Not tagged
www.avito.ma/ar/سلا/النعيم/ملبس-للبيع,No,Not tagged
www.avito.ma/ar/سلا/هواتف/samsung_s20_53511350.htm,No,Not tagged
www.avito.ma/ar/سوق_الأربعاء/دكاكين_محلات_تجارية/jadida--للبيع,No,Not tagged
www.avito.ma/ar/سيال/هواتف/NEW_Samsung_Fold_4_débloquer_512G__54337823.htm,No,Not tagged
www.avito.ma/ar/سيدي_رحال/شقق/appartement_à_vendre_à_SIDI_rahal_à_la_plage_54173482.htm,No,Not tagged
www.avito.ma/ar/سيدي_عبد_الرزاق/أجهزةـالإلكترومناجيـوـالأواني-للبيع,No,Not tagged
www.avito.ma/ar/سيدي_معروف/شقق/Appt_100_M_à_louer_FLORIDA_prè_CASASHOR_ZENIT_TRAM_53297935.htm,No,Not tagged
www.avito.ma/ar/سيدي_يوسف_بن_علي/اكسسوارات_الكمبيوتر_والأجهزة/Routeur_modem_tplink_4G_Libre_54714851.htm,No,Not tagged
www.avito.ma/ar/صفرو/حيوانات_أليفة/frakh_birji_almond__53012997.htm,No,Not tagged
www.avito.ma/ar/طريق_أوريكة/ألعاب_الفيديو_وأجهزة_تشغيل_أو_كونصولات/Ps5_neuf_presque_jamais_utiliser__54801183.htm,No,Not tagged
www.avito.ma/ar/طريق_الدار_البيضاء/أحذية/Ozweego_neuf_blanche_53835546.htm,No,Not tagged
www.avito.ma/ar/طريق_سبتة/ملابس/Takchita_jdida_52865571.htm,No,Not tagged
www.avito.ma/ar/طريق_صفرو/صوت_وصورة/Lenovo_GM_2_PRO__53374704.htm,No,Not tagged
www.avito.ma/ar/طنجة/paon--للبيع,No,Not tagged
www.avito.ma/ar/طنجة/taya--للبيع,No,Not tagged
www.avito.ma/ar/طنجة/yamaha_cygnus_flame--للبيع,No,Not tagged
www.avito.ma/ar/عين_السبع/سيارات_مستعملة/Peugeot_208_Diesel_Manuelle_2019_à_Casablanca_54866766.htm,No,Not tagged
www.avito.ma/ar/عين_السبع/معدات_المكتب/bureau_140_70cm__54834501.htm,No,Not tagged
www.avito.ma/ar/عين_الشق/معدات_أخرى/Voluson_E8_Année_2021___sondes_volumique___54089064.htm,No,Not tagged
www.avito.ma/ar/عين_برجة/هواتف/Samsung_galaxy_S23_ultra__54060349.htm,No,Not tagged
www.avito.ma/ar/عين_تاوجطات/سيارات_مستعملة/Nissan_Qashqai_Tekna_plus__55123981.htm,No,Not tagged
www.avito.ma/ar/عين_دياب/هوايات_ورياضة/Vente_planche_de_surf_54493629.htm,No,Not tagged
www.avito.ma/ar/عين_عودة/ﻒﻧ_ﻮﺘﺤﻓ/tel--للبيع,No,Not tagged
www.avito.ma/ar/فاس/camio--للبيع,No,Not tagged
www.avito.ma/ar/فاس/ﻙﺭﺍﺀ_ﻢﺸﺗﺮﻛ/bouznika,No,Not tagged
www.avito.ma/ar/فال_فلوري/شقق/1563_MA___Appartement_à_vendre_à_Val_Fleurie_55115878.htm,No,Not tagged
www.avito.ma/ar/كابو_نيكرو/شقق/VILLA_AVEC_ACCÈS_DIRECT_À_LA_PLAGE_À_CABO_NEGRO_52965782.htm,No,Not tagged
www.avito.ma/ar/كرسيف/كمبيوترـمحمول/sous_emballage--للبيع,No,Not tagged
www.avito.ma/ar/كلميم/ساعاتـوـمجوهرات/offre--للبيع,No,Not tagged
www.avito.ma/ar/كليز/منازل_للعطلة/APPART_de_vacances_à_vous__54767549.htm,No,Not tagged
www.avito.ma/ar/ليساسفة/فن_وتحف/طبسيل_الطول_اريجينال_53575850.htm,No,Not tagged
www.avito.ma/ar/مدينة_الرحمة/dacia_dokker--للبيع,No,Not tagged
www.avito.ma/ar/مراكش/appartement_66m--للبيع,No,Not tagged
www.avito.ma/ar/مراكش/casque_pour_moto--للبيع,No,Not tagged
www.avito.ma/ar/مراكش/آلةـتصويرـوـكامرا/telephone--للبيع,No,Not tagged
www.avito.ma/ar/مرشان/الأثاث/كراسي_بلاستيكية__53234374.htm,No,Not tagged
www.avito.ma/ar/مركز_بوسكورة/الديكور/Tableau_sur_toile_A28_yahya_arte_54735953.htm,No,Not tagged
www.avito.ma/ar/مكناس/تلفزيون/samsung_led_40--للبيع,No,Not tagged
www.avito.ma/ar/مولاي_بوسلهام/chien_malinois--للبيع,No,Not tagged
www.avito.ma/ar/ميموزا/هوايات_ورياضة/velo_elliptique_sport_دراجة_للرياضة_54892181.htm,No,Not tagged
www.avito.ma/ar/وجدة/maison_commercial_à--للبيع,No,Not tagged
www.avito.ma/ar/وجدة/شارع_الحسن_2/دراجات_نارية-للبيع,No,Not tagged
www.avito.ma/ar/وسط_المدينة/معدات_أخرى/_شعرذيل_الحصان_54110172.htm,No,Not tagged
www.avito.ma/ar/وسط_المدينة/هواتف_و_هواتف_ذكية/I_phone_15_pro_max_55059742.htm,No,Not tagged
www.avito.ma/ar/وصلان/دراجات/مكنان_وصلان_54490569.htm,No,Not tagged
www.avito.ma/ar/وفاق/الأثاث/table_plus_deux_chaises_en_bois_53298694.htm,No,Not tagged
www.avito.ma/auto/neuf/fiat/tipo/,No,Not tagged
www.avito.ma/fr/2_mars/autre_matériel_professionel/Gerbeur_omar__54502672.htm,No,Not tagged
www.avito.ma/fr/2_mars/equipement_sportif/TAPIS_ROULANT_TOP_GYM_52392691.htm,No,Not tagged
www.avito.ma/fr/aakkari/animaux/Rottweiler_pure_race___54407537.htm,No,Not tagged
www.avito.ma/fr/abi_ragrag/appareils_photo_et_caméras/SDKBT_24_Bouton_Caméra_Espion_HD_54316302.htm,No,Not tagged
www.avito.ma/fr/achbar/stocks_et_vente_en_gros/ستوك_ادوات_منزلية__53581904.htm,No,Not tagged
www.avito.ma/fr/agadir/ordinateurs_portables/pc_portable_Lenovo__53038385.htm,No,Not tagged
www.avito.ma/fr/agadir/terrains_et_fermes/de_85_m2--à_vendre,No,Not tagged
www.avito.ma/fr/agadir/voitures/voiture_4_4--à_vendre,No,Not tagged
www.avito.ma/fr/agadir_melloul/1000--à_vendre,No,Not tagged
www.avito.ma/fr/agdal/equipements_pour_enfant_et_bébé/bosit_atfal__53530976.htm,No,Not tagged
www.avito.ma/fr/agdal/sports_et_loisirs/Body_board_gonflable_Décathlon__55134335.htm,No,Not tagged
www.avito.ma/fr/al_haouz/del_pacha--à_vendre,No,Not tagged
www.avito.ma/fr/al_haouz/motos/moto_150--à_vendre,No,Not tagged
www.avito.ma/fr/al_hoceima/voitures_d'occasion/land_rover__54903294.htm,No,Not tagged
www.avito.ma/fr/anfa/voitures_d'occasion/Bmw_X3_toute_option_2_Litre_XDrive_20d_54828078.htm,No,Not tagged
www.avito.ma/fr/autre_secteur/autre_matériel_professionel/رفوف_تجارية_باش_تستف_سلعتك_و_تزين_محلك_52630280.htm,No,Not tagged
www.avito.ma/fr/autre_secteur/matériels_professionnels/Porte_manteau_professionnel_Alba_5_patères_noir__48496404.htm,No,Not tagged
www.avito.ma/fr/autre_secteur/matériels_professionnels/رافعة_شوكية_يدوية_53708272.htm,No,Not tagged
www.avito.ma/fr/autre_secteur/ordinateurs_de_bureau/Dell_Optiplex_7050_SFF_i5_SSD_256Go_54995797.htm,No,Not tagged
www.avito.ma/fr/aviation___mabella/voitures_d'occasion/Fiat_Palio_Diesel_54383744.htm,No,Not tagged
www.avito.ma/fr/azrou/renault_11--à_vendre,No,Not tagged
www.avito.ma/fr/aïn_borja/autre_matériel_professionel/Soutien_Local__Confort_Global__54350615.htm,No,Not tagged
www.avito.ma/fr/aïn_borja/colocations/chambre_pour_fille__54264294.htm,No,Not tagged
www.avito.ma/fr/aïn_borja/matériels_professionnels/Comptoir_D_accueil_Su_Mesure__À_Casablanca_54701609.htm,No,Not tagged
www.avito.ma/fr/aïn_diab/vêtements/Bottes_guess_authentique__54773557.htm,No,Not tagged
www.avito.ma/fr/beauséjour/autre_matériel_professionel/Ensemble_de_douche_54758296.htm,No,Not tagged
www.avito.ma/fr/bel_air___val_fleuri/locations_de_vacances/شقة_رائعة_للكراء_اليومي_للعائلات_بدون_وسيط__54797530.htm,No,Not tagged
www.avito.ma/fr/ben_serguaou/electroménager_et_vaisselles/المكنسة_المحمولة_القابلة_للشحن_فقط_ب_100_درهم_53700651.htm,No,Not tagged
www.avito.ma/fr/ben_souda/vêtements/ملابس_في_فاس_53191566.htm,No,Not tagged
www.avito.ma/fr/berkane/ba9a--à_vendre,No,Not tagged
www.avito.ma/fr/berrechid/stocks_et_vente_en_gros/voiture--à_vendre,No,Not tagged
www.avito.ma/fr/bir_ennasr/meubles_et_décoration/meubles_à--à_vendre,No,Not tagged
www.avito.ma/fr/bir_rami/meubles_et_décoration/Paravent_5_volets_Réflexion_de_Montagne_Dans__54799264.htm,No,Not tagged
www.avito.ma/fr/bir_tam_tam/terrains_et_fermes/m2_assalam--à_vendre,No,Not tagged
www.avito.ma/fr/boulemane/machine_à_souder--à_vendre,No,Not tagged
www.avito.ma/fr/béni_mellal/tlamet_ou--à_vendre,No,Not tagged
www.avito.ma/fr/californie/décoration/Paravent_Blix_Pour_Les_Femmes_Africaines_54734192.htm,No,Not tagged
www.avito.ma/fr/californie/meubles_et_décoration/TABLEAU_ARBRE__L_AUBE_DE_CASABLAANCA_54707339.htm,No,Not tagged
www.avito.ma/fr/casablanca/appartements/a_150m,No,Not tagged
www.avito.ma/fr/casablanca/appartements/vendre_60m,No,Not tagged
www.avito.ma/fr/casablanca/café_prisa--à_vendre,No,Not tagged
www.avito.ma/fr/casablanca/cuisinière_avec_inox--à_vendre,No,Not tagged
www.avito.ma/fr/casablanca/dcheira_agadir--à_vendre,No,Not tagged
www.avito.ma/fr/casablanca/karcher_k--à_vendre,No,Not tagged
www.avito.ma/fr/casablanca/mastar--à_vendre,No,Not tagged
www.avito.ma/fr/casablanca/matériel_de_musique--à_vendre,No,Not tagged
www.avito.ma/fr/casablanca/meubles/الدار_البيضاء__52949657.htm,No,Not tagged
www.avito.ma/fr/casablanca/meubles_et_décoration/vendre_très--à_vendre,No,Not tagged
www.avito.ma/fr/casablanca/play3_slim--à_vendre,No,Not tagged
www.avito.ma/fr/casablanca/promenade/Poussette_evenflo_presque_neuf_52858356.htm,No,Not tagged
www.avito.ma/fr/casablanca/télévisions/a _vendre__à_vendre--à_vendre,No,Not tagged
www.avito.ma/fr/casablanca/télévisions/télécommande_tv--à_vendre,No,Not tagged
www.avito.ma/fr/casablanca/à_daoudiat--à_vendre,No,Not tagged
www.avito.ma/fr/centre/colocations/Appartement_colocation_90_m²_à_Tanger_54741532.htm,No,Not tagged
www.avito.ma/fr/centre_ville/stocks_et_vente_en_gros/siège_de_bureaux__visiteur_président_en_promotion_54251173.htm,No,Not tagged
www.avito.ma/fr/contrebandier/autre_matériel_professionel/Etagéres_supérette_à_Temara_52964869.htm,No,Not tagged
www.avito.ma/fr/corniche/matériel_de_bureau/MOBILIER_SCOLAIRE__53708372.htm,No,Not tagged
www.avito.ma/fr/dakhla/accessoires_informatique_et_gadgets/wifi_inwi_mobile__54755231.htm,No,Not tagged
www.avito.ma/fr/dakhla/matériels_professionnels/Walkie_VHF__54665651.htm,No,Not tagged
www.avito.ma/fr/dar_bouazza/maisons_et_villas/VILLA_A_LOUER_A_TAMARIS__54711519.htm,No,Not tagged
www.avito.ma/fr/derb_ghallef/terrains_et_fermes/Terrain_A6_sur_DERB_GHALLEF__54703773.htm,No,Not tagged
www.avito.ma/fr/derb_omar/autre_matériel_professionel/transpalette_elctrique_54992142.htm,No,Not tagged
www.avito.ma/fr/el_foqra/salle_de_réunion--à_vendre,No,Not tagged
www.avito.ma/fr/el_jadida/appartement_luxe_sur--à_vendre,No,Not tagged
www.avito.ma/fr/el_jadida/bureaux_et_plateaux/3pieces--à_vendre,No,Not tagged
www.avito.ma/fr/el_jadida/local_de_54--à_vendre,No,Not tagged
www.avito.ma/fr/el_kelaa_des_sraghna/camions/commerciale--à_vendre,No,Not tagged
www.avito.ma/fr/el_kelâa_des_sraghna/matériels_professionnels/ألة_الطرز_تعمل_بشكل_جيد_53975816.htm,No,Not tagged
www.avito.ma/fr/el_mansouria/jardin_et_outils_de_bricolage/caycas_du_Japon__54178343.htm,No,Not tagged
www.avito.ma/fr/el_moukef/appareils_photo_et_caméras/طابعة_للهاتف_54449267.htm,No,Not tagged
www.avito.ma/fr/el_outia/vas--à_vendre,No,Not tagged
www.avito.ma/fr/frougui/appartements/appartement__54726963.htm,No,Not tagged
www.avito.ma/fr/fès/batha/bureaux_et_plateaux-à_vendre,No,Not tagged
www.avito.ma/fr/guelmim/télévisions/à_à_bon--à_vendre,No,Not tagged
www.avito.ma/fr/guéliz/locations_de_vacances/Apprt_avec_grand_balcon__54836052.htm,No,Not tagged
www.avito.ma/fr/habous/meubles/SEPARATEUR_5_VOLETS_MOSQUEE_MOSQUEE_CULTURE_II_54694529.htm,No,Not tagged
www.avito.ma/fr/hamria/locations_de_vacances/Villa_meublée_hamria__54676119.htm,No,Not tagged
www.avito.ma/fr/hamria/locations_de_vacances/_Appartement_a_Hamria_SiAM__54843144.htm,No,Not tagged
www.avito.ma/fr/hamza/matériels_professionnels/MINI_CNC_FIBRE_LASER_54751794.htm,No,Not tagged
www.avito.ma/fr/hay_al_hassani/motos/Motos_à_Marrakech_53236172.htm,No,Not tagged
www.avito.ma/fr/hay_alfalah/téléphones/IPhone_11_Pro_Max_54465378.htm,No,Not tagged
www.avito.ma/fr/hay_el_fath/voitures_d'occasion/BMW_X6_Diesel_Automatique_2011_Importée_neuve_54312942.htm,No,Not tagged
www.avito.ma/fr/hay_el_fath/voitures_d'occasion/touareg_jdida_reprise__54729846.htm,No,Not tagged
www.avito.ma/fr/hay_hassani/matériels_professionnels/présentoir_a_glace_importe__54753141.htm,No,Not tagged
www.avito.ma/fr/hay_hassani/téléphones/Samsung_s22_ultra_54706304.htm,No,Not tagged
www.avito.ma/fr/hay_moulay_rachid_6/matériels_professionnels/rayonnage_lourd_et_mi_lourd_52910427.htm,No,Not tagged
www.avito.ma/fr/hay_salam/locations_de_vacances/_Appartements_de_luxe_équipées_pour_les_familles__53641961.htm,No,Not tagged
www.avito.ma/fr/hay_salam/matériel_de_bureau/bureau_petit_model__à_a_hay_salam_54704583.htm,No,Not tagged
www.avito.ma/fr/hivernage/appareils_photo_et_caméras/L2_EZVIZ_CS_L2_11FCP__A0___noir__53862254.htm,No,Not tagged
www.avito.ma/fr/izemmouren/bureaux_et_plateaux/appartement_terrasse_a--à_vendre,No,Not tagged
www.avito.ma/fr/jorf_el_melha/jeux_vidéo_et_consoles,No,Not tagged
www.avito.ma/fr/khemisset/voitures_d'occasion/Tiguan_Cup_2014_diwana_2018_54729942.htm,No,Not tagged
www.avito.ma/fr/khouribga/sports_et_loisirs/ma--à_vendre,No,Not tagged
www.avito.ma/fr/maarif/local_à_louer/Location_gérance_54243876.htm,No,Not tagged
www.avito.ma/fr/marjane_2/magasins__commerces_et_locaux_industriels/magasin_à_vendre__55122985.htm,No,Not tagged
www.avito.ma/fr/maroc/accessoires_informatique_et_gadgets/condensateurs--à_vendre,No,Not tagged
www.avito.ma/fr/maroc/appartements/porte_de_far,No,Not tagged
www.avito.ma/fr/maroc/aprilia_2016--à_vendre,No,Not tagged
www.avito.ma/fr/maroc/asus_2g--à_vendre,No,Not tagged
www.avito.ma/fr/maroc/camions/de_renault--à_vendre,No,Not tagged
www.avito.ma/fr/maroc/creative_sound--à_vendre,No,Not tagged
www.avito.ma/fr/maroc/d_assistant--à_vendre,No,Not tagged
www.avito.ma/fr/maroc/demenagement_placard--à_vendre,No,Not tagged
www.avito.ma/fr/maroc/e6330_core--à_vendre,No,Not tagged
www.avito.ma/fr/maroc/enduro_vtt--à_vendre,No,Not tagged
www.avito.ma/fr/maroc/equipements_pour_enfant/6_mois_de--à_vendre,No,Not tagged
www.avito.ma/fr/maroc/equipements_pour_enfant/parc_jeu--à_vendre,No,Not tagged
www.avito.ma/fr/maroc/equipements_pour_enfant/sale_a--à_vendre,No,Not tagged
www.avito.ma/fr/maroc/ferme_6ha--à_vendre,No,Not tagged
www.avito.ma/fr/maroc/hp_core_3g--à_vendre,No,Not tagged
www.avito.ma/fr/maroc/instruments_de_musique/appareil_le--à_vendre,No,Not tagged
www.avito.ma/fr/maroc/iphon_go--à_vendre,No,Not tagged
www.avito.ma/fr/maroc/jardin_et_outils_de_bricolage/avec_garage--à_vendre,No,Not tagged
www.avito.ma/fr/maroc/jog_tres--à_vendre,No,Not tagged
www.avito.ma/fr/maroc/lg_s9--à_vendre,No,Not tagged
www.avito.ma/fr/maroc/maison_villa_gueliz--à_vendre,No,Not tagged
www.avito.ma/fr/maroc/marjane_ain_sebaa--à_vendre,No,Not tagged
www.avito.ma/fr/maroc/matériels_professionnels/aaa--à_vendre,No,Not tagged
www.avito.ma/fr/maroc/matériels_professionnels/hybride*--à_vendre,No,Not tagged
www.avito.ma/fr/maroc/matériels_professionnels/onduleur_220v--à_vendre,No,Not tagged
www.avito.ma/fr/maroc/mercedes_clk_500--à_vendre,No,Not tagged
www.avito.ma/fr/maroc/mercedes_pack_amg_63--à_vendre,No,Not tagged
www.avito.ma/fr/maroc/meubles_et_décoration/3_ba9a--à_vendre,No,Not tagged
www.avito.ma/fr/maroc/meubles_et_décoration/6_s--à_vendre,No,Not tagged
www.avito.ma/fr/maroc/meubles_et_décoration/mecanique--à_vendre,No,Not tagged
www.avito.ma/fr/maroc/meubles_et_décoration/salon_b_dh--à_vendre,No,Not tagged
www.avito.ma/fr/maroc/micro_bonne--à_vendre,No,Not tagged
www.avito.ma/fr/maroc/montau--à_vendre,No,Not tagged
www.avito.ma/fr/maroc/montres_et_bijoux/serie_5--à_vendre,No,Not tagged
www.avito.ma/fr/maroc/montres_et_bijoux/vente_de_magasin--à_vendre,No,Not tagged
www.avito.ma/fr/maroc/motos/une_selle--à_vendre,No,Not tagged
www.avito.ma/fr/maroc/ordinateurs_portables/gros_lot_de--à_vendre,No,Not tagged
www.avito.ma/fr/maroc/ordinateurs_portables/hp_i3_4g_ram--à_vendre,No,Not tagged
www.avito.ma/fr/maroc/ordinateurs_portables/vert_et--à_vendre,No,Not tagged
www.avito.ma/fr/maroc/petit_tablette--à_vendre,No,Not tagged
www.avito.ma/fr/maroc/playstation_500--à_vendre,No,Not tagged
www.avito.ma/fr/maroc/portable_hp_p--à_vendre,No,Not tagged
www.avito.ma/fr/maroc/remorques_4_et--à_vendre,No,Not tagged
www.avito.ma/fr/maroc/reparation_téléphone--à_vendre,No,Not tagged
www.avito.ma/fr/maroc/salle_zenith--à_vendre,No,Not tagged
www.avito.ma/fr/maroc/stocks_et_vente_en_gros/30_neuf--à_vendre,No,Not tagged
www.avito.ma/fr/maroc/stocks_et_vente_en_gros/bac_poubelle--à_vendre,No,Not tagged
www.avito.ma/fr/maroc/suzuki_modele--à_vendre,No,Not tagged
www.avito.ma/fr/maroc/tablettes/en_bonne_qualité--à_vendre,No,Not tagged
www.avito.ma/fr/maroc/tablettes/pochita--à_vendre,No,Not tagged
www.avito.ma/fr/maroc/télévisions/led_40--à_vendre,No,Not tagged
www.avito.ma/fr/maroc/vetements/presque_neuf_d--à_vendre,No,Not tagged
www.avito.ma/fr/maroc/véhicules/318_d--à_vendre,No,Not tagged
www.avito.ma/fr/maroc/windaws--à_vendre,No,Not tagged
www.avito.ma/fr/maroc/wireless_bluetooth_stereo--à_vendre,No,Not tagged
www.avito.ma/fr/maroc/في_راس--à_vendre,No,Not tagged
www.avito.ma/fr/marrakech/animaux/malle_de--à_vendre,No,Not tagged
www.avito.ma/fr/marrakech/galaxy_j2_gold--à_vendre,No,Not tagged
www.avito.ma/fr/marrakech/masmoudi/meubles_et_décoration-à_vendre,No,Not tagged
www.avito.ma/fr/marrakech/mocassin_massimo_dutti--à_vendre,No,Not tagged
www.avito.ma/fr/martil/bateaux/je_met_en--à_vendre,No,Not tagged
www.avito.ma/fr/mdiq/sinik--à_vendre,No,Not tagged
www.avito.ma/fr/mediouna/téléphones/REALME_c11جديد_54551267.htm,No,Not tagged
www.avito.ma/fr/mehdia/jardin_et_outils_de_bricolage/de--à_vendre,No,Not tagged
www.avito.ma/fr/mghogha/local_à_louer/Garage_à_vendre_53754060.htm,No,Not tagged
www.avito.ma/fr/midelt/oujda--à_vendre,No,Not tagged
www.avito.ma/fr/midelt/téléphones/à_face--à_vendre,No,Not tagged
www.avito.ma/fr/mimosas/jeux_vidéo_et_consoles/Ps4__54236287.htm,No,Not tagged
www.avito.ma/fr/mimosas/petit_electroménager/bouilloire_inox_solac_54210561.htm,No,Not tagged
www.avito.ma/fr/mohammedia/بقع_أرضية_للبيع--à_vendre,No,Not tagged
www.avito.ma/fr/moulay_bousselham/studio_ou_appart--à_vendre,No,Not tagged
www.avito.ma/fr/mqam_tobla/immobilier-à_vendre,No,Not tagged
www.avito.ma/fr/nador/autre_secteur/colocations/un,No,Not tagged
www.avito.ma/fr/nador/idriss--à_vendre,No,Not tagged
www.avito.ma/fr/ouaouzgane/appartements,No,Not tagged
www.avito.ma/fr/ouarzazate/ordinateurs_portables/pc_acer_nki__53089478.htm,No,Not tagged
www.avito.ma/fr/oujda/mataryan--à_vendre,No,Not tagged
www.avito.ma/fr/oujda/ordinateurs_portables/plus_des--à_vendre,No,Not tagged
www.avito.ma/fr/ouled_ayad/camions/kia--à_vendre,No,Not tagged
www.avito.ma/fr/ouled_dlim/sony_xperia_xz2--à_vendre,No,Not tagged
www.avito.ma/fr/ouled_frej/nikon--à_vendre,No,Not tagged
www.avito.ma/fr/ouled_teïma/jardin_et_outils_de_bricolage/شتلات_باليسيانا_53912493.htm,No,Not tagged
www.avito.ma/fr/outat_el_haj/equipements_pour_enfant/quad--à_vendre,No,Not tagged
www.avito.ma/fr/rabat/bureaux_et_plateaux/20_dh--à_vendre,No,Not tagged
www.avito.ma/fr/saada/montres_et_bijoux/hour--à_vendre,No,Not tagged
www.avito.ma/fr/safi/téléphones/carte_mémoire_jdida_8_G_53224962.htm,No,Not tagged
www.avito.ma/fr/saidia/jeux_vidéo_et_consoles/Jeux_nintendo_switch_neuf_53729068.htm,No,Not tagged
www.avito.ma/fr/sefrou/ordinateurs_portables/pour_vous_dell--à_vendre,No,Not tagged
www.avito.ma/fr/sidi_bernoussi/appartements/Appartement_en_vente_meublé_à_Anassi_5_min_tramway_54896636.htm,No,Not tagged
www.avito.ma/fr/sidi_kacem/camions/صغيرة_للبيع--à_vendre,No,Not tagged
www.avito.ma/fr/sidi_kacem/ford_fiesta_2014--à_vendre,No,Not tagged
www.avito.ma/fr/sidi_maarouf/décoration/PARAVENT_MARILYN_MONROE_A_SIDI_MAAROOUF_54731740.htm,No,Not tagged
www.avito.ma/fr/sidi_moumen/vélos/دراجة_هوائية_رياضية_ألومينيوم_52961118.htm,No,Not tagged
www.avito.ma/fr/sidi_yahya/instruments_de_musique/flute_bon_état__54228662.htm,No,Not tagged
www.avito.ma/fr/souani/art_et_collections/medrab_tenis__54196869.htm,No,Not tagged
www.avito.ma/fr/souk_el_arbaa/serviettes--à_vendre,No,Not tagged
www.avito.ma/fr/tahiri/matériels_professionnels/l_inverseur_solaire_chargeur_6kw_wn28_53790272.htm,No,Not tagged
www.avito.ma/fr/talborjt/accessoires_informatique_et_gadgets/R55_MICRO_ESPION__53536224.htm,No,Not tagged
www.avito.ma/fr/tanger/crest_a--à_vendre,No,Not tagged
www.avito.ma/fr/tanger/daihatsu_4x4--à_vendre,No,Not tagged
www.avito.ma/fr/tanger/decor*,No,Not tagged
www.avito.ma/fr/tanger/f2.8_l--à_vendre,No,Not tagged
www.avito.ma/fr/tanger/iwa--à_vendre,No,Not tagged
www.avito.ma/fr/tanger/kors_femme--à_vendre,No,Not tagged
www.avito.ma/fr/tanger/mathématiques_de--à_vendre,No,Not tagged
www.avito.ma/fr/tanger/mercedes_benz_gla--à_vendre,No,Not tagged
www.avito.ma/fr/tanger/meubles_et_décoration/pour_pc--à_vendre,No,Not tagged
www.avito.ma/fr/tanger/motos/top_case_moto--à_vendre,No,Not tagged
www.avito.ma/fr/tanger/services/poste--à_vendre,No,Not tagged
www.avito.ma/fr/tanger/siége_auto_chicco--à_vendre,No,Not tagged
www.avito.ma/fr/tanger/terrain_fedalat--à_vendre,No,Not tagged
www.avito.ma/fr/tanger/vitrine_commerciale--à_vendre,No,Not tagged
www.avito.ma/fr/taroudant/jamaa_el_kbir/camions_et_engins,No,Not tagged
www.avito.ma/fr/temara/art_et_collections/l--à_vendre,No,Not tagged
www.avito.ma/fr/temara/sport_avec--à_vendre,No,Not tagged
www.avito.ma/fr/temara/val_dor/image_et_son-à_vendre,No,Not tagged
www.avito.ma/fr/tifelt/camions/rabat--à_vendre,No,Not tagged
www.avito.ma/fr/tighirt/meubles_et_décoration-à_vendre,No,Not tagged
www.avito.ma/fr/yacoub_el_mansour/accessoires_informatique_et_gadgets/Routeur_ADSL_Movistar_BHS_RTA_Wifi_300_MBPS_52233719.htm,No,Not tagged
www.avito.ma/fr/zitoune/voitures_d'occasion/VGN_PASSAT_CC_DIESEL_54755977.htm,No,Not tagged
www.avito.ma/fr/مراكش/بقعـوـمزارع/3000_m2--à_vendre,No,Not tagged
www.avito.ma/sp/immobilier/commerce-a-haut-agdal-rabat,No,Not tagged
www.avito.ma/sp/immobilier/villa-a-ain-bida,No,Not tagged
www.avito.ma/ar/2_مارس/حيوانات_أليفة/niche_de_chine_54049588.htm,No,Not tagged
www.avito.ma/ar/2_مارس/ساعات_و_مجوهرات/montre_rolex_54822712.htm,No,Not tagged
www.avito.ma/ar/2_مرجان/ألعاب_الفيديو/Gaming__53476868.htm,No,Not tagged
www.avito.ma/ar/sidi_kacem/terrains_et_fermes/الجديدة--للبيع,No,Not tagged
www.avito.ma/ar/أولاد_تايمة/وسائل_النقل/kangoo--للبيع,No,Not tagged
www.avito.ma/ar/ابطيح/تجارةـوـأعمالـتجارية/triporteur--للبيع,No,Not tagged
www.avito.ma/ar/الجديدة/درب_غلف/دراجات_نارية-للبيع,No,Not tagged
www.avito.ma/ar/الحوزية/حيوانات_أليفة/Animalerie_à_Kénitra_53503848.htm,No,Not tagged
www.avito.ma/ar/الداخلة/منتجات_التجميل/Parfums_testeurs_authentiques_SPICEBOMB_en_gros_53057063.htm,No,Not tagged
www.avito.ma/ar/الدار_البيضاء/accessories_pour--للبيع,No,Not tagged
www.avito.ma/ar/الدار_البيضاء/andy--للبيع,No,Not tagged
www.avito.ma/ar/الدار_البيضاء/mac--للبيع,No,Not tagged
www.avito.ma/ar/الدار_البيضاء/vw_avec--للبيع,No,Not tagged
www.avito.ma/ar/الدار_البيضاء/أحذيية/primark--للبيع,No,Not tagged
www.avito.ma/ar/الدار_البيضاء/أفلام_وكتب_ومجلات/vente_les--للبيع,No,Not tagged
www.avito.ma/ar/الدار_البيضاء/اكسسواراتـالكمبيوترـوـالأجهزة/de_140--للبيع,No,Not tagged
www.avito.ma/ar/الدار_البيضاء/اللغة--ﺕﺮﻳﺩ_ﺵﺭﺍﺀ,No,Not tagged
www.avito.ma/ar/الدار_البيضاء/مخزونات_وبيع_بالجملة/polybutene__52898723.htm,No,Not tagged
www.avito.ma/ar/الرباط/500_gta--للبيع,No,Not tagged
www.avito.ma/ar/الرباط/agricole_à--للبيع,No,Not tagged
www.avito.ma/ar/الرباط/camera_professional--للبيع,No,Not tagged
www.avito.ma/ar/الرباط/honda_faw--للبيع,No,Not tagged
www.avito.ma/ar/الرباط/تلفزيون/des--للبيع,No,Not tagged
www.avito.ma/ar/الرشيدية/الديكور/paravent_5_volets_flowers_memories_ii_54999737.htm,No,Not tagged
www.avito.ma/ar/السواكن/تجارةـوـأعمالـتجارية/complet_avec--للبيع,No,Not tagged
www.avito.ma/ar/العالية/هواتف/Samsung_Galaxy_A03_Core__53797205.htm,No,Not tagged
www.avito.ma/ar/العزيب/اكسسوارات_الكمبيوتر_والأجهزة/logiciel_EBP_bâtiment_Édition_Maroc_54272911.htm,No,Not tagged
www.avito.ma/ar/العيون/معدات_مهنية/_VESTIAIRE_CASIER_MÉTALLIQUE_KHAD_ÀÀ_LAÂYOUNNE_54718830.htm,No,Not tagged
www.avito.ma/ar/الفقيه_بن_صالح/de_scenic_2--للبيع,No,Not tagged
www.avito.ma/ar/الفقيه_بن_صالح/دراجات/vélo_électrique_de_ville__53374139.htm,No,Not tagged
www.avito.ma/ar/الفقيه_بن_صالح/دكاكين_محلات_تجارية/chaise_en--للبيع,No,Not tagged
www.avito.ma/ar/القنيطرة/terrain_vallon--للبيع,No,Not tagged
www.avito.ma/ar/القنيطرة/درب_غلف/أجهزةـالإلكترومناجيـوـالأواني-للبيع,No,Not tagged
www.avito.ma/ar/المدينة_الجديدة/كمبيوتر_محمول/كمبيوتر__53078051.htm,No,Not tagged
www.avito.ma/ar/المسيرة/اكسسوارات_الكمبيوتر_والأجهزة/balance_pharmacie_53736031.htm,No,Not tagged
www.avito.ma/ar/المغرب/6s_plus_rose--للبيع,No,Not tagged
www.avito.ma/ar/المغرب/appartement_dcheira--للبيع,No,Not tagged
www.avito.ma/ar/المغرب/blackberry_,No,Not tagged
www.avito.ma/ar/المغرب/brushing--للبيع,No,Not tagged
www.avito.ma/ar/المغرب/ctk--للبيع,No,Not tagged
www.avito.ma/ar/المغرب/dechira--للبيع,No,Not tagged
www.avito.ma/ar/المغرب/hommes_de_coton--للبيع,No,Not tagged
www.avito.ma/ar/المغرب/mini_display_to_hdmi--للبيع,No,Not tagged
www.avito.ma/ar/المغرب/peinture_facade--للبيع,No,Not tagged
www.avito.ma/ar/المغرب/poussette_marque_«graco»--للبيع,No,Not tagged
www.avito.ma/ar/المغرب/s8_samsung--للبيع,No,Not tagged
www.avito.ma/ar/المغرب/voiture_les_enfant--للبيع,No,Not tagged
www.avito.ma/ar/المغرب/أنفورـماتيكـوـميلتيـميديا/iphone_6_prix--للبيع,No,Not tagged
www.avito.ma/ar/المغرب/الأثاثـوـالديكور/بغيت--للبيع,No,Not tagged
www.avito.ma/ar/المغرب/باطوّات_قوارب/moteur_bateau--للبيع,No,Not tagged
www.avito.ma/ar/المغرب/بقعـوـمزارع/5_portes--للبيع,No,Not tagged
www.avito.ma/ar/المغرب/حيوانات_أليفة/la_port--للبيع,No,Not tagged
www.avito.ma/ar/المغرب/عرض_مقهى--للبيع,No,Not tagged
www.avito.ma/ar/المنطقة_الصناعية_مغوغة/معدات_أخرى/RAIL_CNC_HGH25CA_53673647.htm,No,Not tagged
www.avito.ma/ar/الولفة/شقق/appartement_à_vendre_riad_oulfa__53162722.htm,No,Not tagged
www.avito.ma/ar/انفك/الحديقةـوـأدواتـبريكولاج-للبيع,No,Not tagged
www.avito.ma/ar/بئر_الرامي_الشرقية/دار_أو_ڨيلا/المغرب_العربي__القنيطرة_54885777.htm,No,Not tagged
www.avito.ma/ar/باب_فاس/ألعاب_الفيديو_وأجهزة_تشغيل_أو_كونصولات/ألعاب_الفيديو_في_القنيطرة_53531416.htm,No,Not tagged
www.avito.ma/ar/بالموري/معدات_أخرى/Table_de_restaurant_53833684.htm,No,Not tagged
www.avito.ma/ar/برادية/حيوانات_أليفة/tanger--للبيع,No,Not tagged
www.avito.ma/ar/برشيد/شاحنات/ford_transit_2013--للبيع,No,Not tagged
www.avito.ma/ar/بن_كرير/مكاتب/pour_centre--للبيع,No,Not tagged
www.avito.ma/ar/بنى_ملال/سيارات/rabat--للبيع,No,Not tagged
www.avito.ma/ar/بنى_ملال/عقار_آخر/vous_des--للبيع,No,Not tagged
www.avito.ma/ar/بنى_ملال/ملابسـصحةـوـجمال/table--للبيع,No,Not tagged
www.avito.ma/ar/بوزنيقة/هوايات_ورياضة/vélo_rpm_Matrix_ic7_53353829.htm,No,Not tagged
www.avito.ma/ar/تازة/honda_f--للبيع,No,Not tagged
www.avito.ma/ar/تازة/roland--للبيع,No,Not tagged
www.avito.ma/ar/تيفلت/سيارات_مستعملة/Peugout_108_tout_option__52791428.htm,No,Not tagged
www.avito.ma/ar/حسان/هوايات_ورياضة/Barre_multifonction_pour_machine__44773608.htm,No,Not tagged
www.avito.ma/ar/حي_آخر/حيوانات_أليفة/pirouch_jamla_54462510.htm,No,Not tagged
www.avito.ma/ar/حي_آخر/شقق/Appartement_Élégant_110m²___54973789.htm,No,Not tagged
www.avito.ma/ar/حي_آخر/معدات_المدارس،_روض_الأطفال_و_أماكن_اللعب/table_ordinateur_mm_à__54922233.htm,No,Not tagged
www.avito.ma/ar/حي_آخر/معدات_مهنية/PACK_CHAISES_DE_BUREAU_PRIX_USINE_MA_54731912.htm,No,Not tagged
www.avito.ma/ar/حي_الحسني/أفلام_وكتب_ومجلات/Manuel_de_physique_chimie_cycle_4_53193039.htm,No,Not tagged
www.avito.ma/ar/حي_المحمدي/منازل_للعطلة/_ك_ارسونيير_مجهزة_للكراء_اليومي__53324204.htm,No,Not tagged
www.avito.ma/ar/حي_النهضة/مخزونات_وبيع_بالجملة/Freestyle_libre_2_54329068.htm,No,Not tagged
www.avito.ma/ar/حي_شماعو/هواتف/mega_Store_Elctronic__54931295.htm,No,Not tagged
www.avito.ma/ar/دوار_الحاجة/تجهيزات_للأطفال_والرضع_أخرى/Poussette__55039511.htm,No,Not tagged
www.avito.ma/ar/سطات/محلات_للكراء/Magasin_à_vendre__53752995.htm,No,Not tagged
www.avito.ma/ar/سفير/هواتف/Av_kabol_rue_tahran_54769815.htm,No,Not tagged
www.avito.ma/ar/سلا/برطما_شقة-ﺈﻴﺟﺍﺭ,No,Not tagged
www.avito.ma/ar/سلا/دراجات/600--للبيع,No,Not tagged
www.avito.ma/ar/سلا/مكاتب/à_de--للبيع,No,Not tagged
www.avito.ma/ar/سيدي_برنوصي/الزرابي/صالون_كامل_للبيع_51952408.htm,No,Not tagged
www.avito.ma/ar/سيدي_معروف/آلات_تصوير_و_كاميرات/Fujifilm_16_55mm_F2_8_Pro_53727972.htm,No,Not tagged
www.avito.ma/ar/طريق_الدار_البيضاء/شقق/appartement_meublé_avec_piscine_6000_52841304.htm,No,Not tagged
www.avito.ma/ar/طنجة/0608--للبيع,No,Not tagged
www.avito.ma/ar/طنجة/coiffeur_de_femme--ﺕﺮﻳﺩ_ﺵﺭﺍﺀ,No,Not tagged
www.avito.ma/ar/طنجة/en_des_engins--للبيع,No,Not tagged
www.avito.ma/ar/طنجة/sableuse--للبيع,No,Not tagged
www.avito.ma/ar/طنجة/الأثاثـوـالديكور/salon_bonge--للبيع,No,Not tagged
www.avito.ma/ar/عين_السبع/سيارات_مستعملة/Volkswagen_golf_4_blad_6eme_54822720.htm,No,Not tagged
www.avito.ma/ar/عين_السبع/محلات_للكراء/بلاطو_للكراء_عين_سبع__53948491.htm,No,Not tagged
www.avito.ma/ar/عين_الشق/اكسسوارات__إلكترونية/_Iphone_X_XS_écran_protecteur_54924591.htm,No,Not tagged
www.avito.ma/ar/عين_الشق/سيارات_مستعملة/Volkswagen_Golf_Diesel_Automatique_2018_53858248.htm,No,Not tagged
www.avito.ma/ar/فاس/nokia_105--للبيع,No,Not tagged
www.avito.ma/ar/فاس/بقعـوـمزارع/un_terrain_6--للبيع,No,Not tagged
www.avito.ma/ar/فاس/زواغة/دكاكين_محلات_تجارية/à--للبيع,No,Not tagged
www.avito.ma/ar/كاليفورنيا/ملابس/hay______________53975717.htm,No,Not tagged
www.avito.ma/ar/لعري_شيخ/سيارات_مستعملة/hyundai_i10_54865729.htm,No,Not tagged
www.avito.ma/ar/مراكش/maison_68_à--للبيع,No,Not tagged
www.avito.ma/ar/مراكش/برطما_شقة/مطلة_على_الشارع,No,Not tagged
www.avito.ma/ar/مراكش/ملبس/plus--للبيع,No,Not tagged
www.avito.ma/ar/مرجان/أحذية/Fendi__53844017.htm,No,Not tagged
www.avito.ma/ar/مركز_بوسكورة/هواتف_و_هواتف_ذكية/iPhone_12_Pro_256_GB_54186563.htm,No,Not tagged
www.avito.ma/ar/مكرن/الأثاثـوـالديكور/dyal--للبيع,No,Not tagged
www.avito.ma/ar/مكناس/dra--للبيع,No,Not tagged
www.avito.ma/ar/مكناس/makka--للبيع,No,Not tagged
www.avito.ma/ar/منار/بقع_و_مزارع_للكراء/Terrain_villa_à_vendre_deux_façades_M_nar__55064057.htm,No,Not tagged
www.avito.ma/ar/واد_زم/classe_c_cabriolet--للبيع,No,Not tagged
www.avito.ma/ar/وازان/samsung_galaxy_s9--للبيع,No,Not tagged
www.avito.ma/ar/وجدة/معدات_مهنية/s3--للبيع,No,Not tagged
www.avito.ma/ar/وسط_المدينة/شقق/Appartement_à_vendre_à_Essaouira_54449464.htm,No,Not tagged
www.avito.ma/ar/وسط_المدينة/معدات_أخرى/تجربة_استقبال_متميزة_53580995.htm,No,Not tagged
www.avito.ma/ar/وسط_المدينة/منازل_للعطلة/Appartement_location_de_vacances_à_Tanger_plage_53528934.htm,No,Not tagged
www.avito.ma/ar/وسط_المدينة/منازل_للعطلة/Appartement_à_louer_par_journée_à_Kenitra__54207439.htm,No,Not tagged
www.avito.ma/ar/ٱيت_ملول/toyota--للبيع,No,Not tagged
www.avito.ma/auto/neuf/bmw/z4/sdrive-28i-exclusive-line/,No,Not tagged
www.avito.ma/auto/neuf/volkswagen/golf/2.0-tdi-110-caratline/,No,Not tagged
www.avito.ma/auto/neuf/volvo/v90/,No,Not tagged
www.avito.ma/fr/2_mars/services/Animation_et_mascottes_exceptionnelles_53482219.htm,No,Not tagged
www.avito.ma/fr/2_mars/téléphones/Smartphone_et_Téléphone_à_Casablanca_52955933.htm,No,Not tagged
www.avito.ma/fr/abdelmoumen/voitures_d'occasion/Volkswagen_Touareg_Xtreme_première_main_54849627.htm,No,Not tagged
www.avito.ma/fr/abi_horaira/vélos/vélo_électrique__55131731.htm,No,Not tagged
www.avito.ma/fr/abouab_sala/matériels_professionnels/Rayonnages_métalliques_de_5_niveaux_______54634528.htm,No,Not tagged
www.avito.ma/fr/achakar/autre_matériel_professionel/RAYONNAGE_SEMI_LOURD_STOCK_à_TANGER_2023_53309611.htm,No,Not tagged
www.avito.ma/fr/administratif/jardin/Set_3_Serre_joints_en_G_Clamp_neuf_54792541.htm,No,Not tagged
www.avito.ma/fr/agadir/projet_sur_plan--à_vendre,No,Not tagged
www.avito.ma/fr/agdal/matériels_professionnels/table_de_réunion___rabat_54743136.htm,No,Not tagged
www.avito.ma/fr/agdal/ordinateurs_de_bureau/WORKSTATION_HP_Z8_G4_2_Intel_Xeon__54761986.htm,No,Not tagged
www.avito.ma/fr/agdal/voitures_d'occasion/Golf_7_54795098.htm,No,Not tagged
www.avito.ma/fr/ahammar/voitures_de_location/كراء_سيارات_54404579.htm,No,Not tagged
www.avito.ma/fr/ain_sebaa/téléphones/Portable_Asus_F_32gb__54583687.htm,No,Not tagged
www.avito.ma/fr/ait_baha/peugeot_208_white--à_vendre,No,Not tagged
www.avito.ma/fr/ait_ouribel/meubles_et_décoration-à_vendre,No,Not tagged
www.avito.ma/fr/al_fida/téléphones/iPhone__54910204.htm,No,Not tagged
www.avito.ma/fr/al_hoceima/bureaux_et_plateaux/55_m2_centre--à_vendre,No,Not tagged
www.avito.ma/fr/amelkis/matériels_professionnels/reformuler_avec_des_autres_synonymes_54456465.htm,No,Not tagged
www.avito.ma/fr/andalous/décoration/Tableau_D22_53801337.htm,No,Not tagged
www.avito.ma/fr/anfa/matériels_professionnels/cpap_vni_Resmed__54781133.htm,No,Not tagged
www.avito.ma/fr/autre_secteur/autre_matériel_professionel/pupitre_avec_prix_d_usine_RéUJ_53439347.htm,No,Not tagged
www.avito.ma/fr/autre_secteur/autre_matériel_professionel/table_de_reunion_yc1_54426075.htm,No,Not tagged
www.avito.ma/fr/autre_secteur/jeux_vidéo_et_consoles/les_PS5_promotion__55134441.htm,No,Not tagged
www.avito.ma/fr/autre_secteur/local_à_louer/local__54583477.htm,No,Not tagged
www.avito.ma/fr/autre_secteur/matériel_de_bureau/Des_Bureaux_Mobilier_Bureau_Bureaux__Tnxsr_54813875.htm,No,Not tagged
www.avito.ma/fr/autre_secteur/matériel_de_bureau/comptoir_de_réception_haut_qualité_avec_bon_prix_54672479.htm,No,Not tagged
www.avito.ma/fr/autre_secteur/matériels_professionnels/Rayonnage_léger_avec_Qualité___Promo_de_2024__54645089.htm,No,Not tagged
www.avito.ma/fr/autre_secteur/matériels_professionnels/Rayonnage_léger_disponnible_52248033.htm,No,Not tagged
www.avito.ma/fr/autre_secteur/matériels_professionnels/باك_كيس_تاكتيل_53544487.htm,No,Not tagged
www.avito.ma/fr/autre_secteur/terrains_et_fermes_à_louer/بقعة_أرضية_تجارية__شوكة_141_متر__53417020.htm,No,Not tagged
www.avito.ma/fr/azilal/chaussures/power--à_vendre,No,Not tagged
www.avito.ma/fr/azrou/art_et_collections/مقدمة_مغربي_قديمه_من_عهد_السبعينات_ونادر_54305967.htm,No,Not tagged
www.avito.ma/fr/azrou/samsung_galaxy_tab--à_vendre,No,Not tagged
www.avito.ma/fr/aïn_chock/accessoires_informatique_et_gadgets/robot_jeu_pour_enfants__53226936.htm,No,Not tagged
www.avito.ma/fr/aïn_diab/animaux/yorkshire_toy__54657528.htm,No,Not tagged
www.avito.ma/fr/bab_taza/demandes_de_emploi-demandes,No,Not tagged
www.avito.ma/fr/belvédère/matériels_professionnels/FILM_DTF_30CM_100M_بثمن_مناسب_جدا_54722918.htm,No,Not tagged
www.avito.ma/fr/ben_guerir/103_à--à_vendre,No,Not tagged
www.avito.ma/fr/berkane/salat--à_vendre,No,Not tagged
www.avito.ma/fr/bitit/ordinateurs_bureau/thermal--à_vendre,No,Not tagged
www.avito.ma/fr/bournazil/téléphones/Smat_Infinx_Top_Phone_Petit_problème_54851281.htm,No,Not tagged
www.avito.ma/fr/boutiques/maroc/de_marina--à_vendre,No,Not tagged
www.avito.ma/fr/cabo_negro/electorménager_et_vaisselle/plaque--à_vendre,No,Not tagged
www.avito.ma/fr/californie/ordinateurs_portables/Pc_hp_250g7_1to_ssd_12_go_ram_très_bon_état__54101998.htm,No,Not tagged
www.avito.ma/fr/casablanca/0pel_astra--à_vendre,No,Not tagged
www.avito.ma/fr/casablanca/animaux/بيرجي--à_vendre,No,Not tagged
www.avito.ma/fr/casablanca/aures--à_vendre,No,Not tagged
www.avito.ma/fr/casablanca/clac_canapé_lit--à_vendre,No,Not tagged
www.avito.ma/fr/casablanca/clé_voiture_hyundai--à_vendre,No,Not tagged
www.avito.ma/fr/casablanca/gauthier/vetements_homme--à_vendre,No,Not tagged
www.avito.ma/fr/casablanca/hay_mansour/films__livres__magazines,No,Not tagged
www.avito.ma/fr/casablanca/impression_numérique_grand--à_vendre,No,Not tagged
www.avito.ma/fr/casablanca/lma--à_vendre,No,Not tagged
www.avito.ma/fr/casablanca/lobby--à_vendre,No,Not tagged
www.avito.ma/fr/casablanca/m2_à_rami--à_vendre,No,Not tagged
www.avito.ma/fr/casablanca/maarif/patain--à_vendre,No,Not tagged
www.avito.ma/fr/casablanca/montres_et_bijoux/montre_hublot_geneve--à_vendre,No,Not tagged
www.avito.ma/fr/casablanca/ordinateurs_portables/emachines--à_vendre,No,Not tagged
www.avito.ma/fr/casablanca/panneau_a_vendre--à_vendre,No,Not tagged
www.avito.ma/fr/casablanca/sidi_bernoussi/cnc_machine--à_vendre,No,Not tagged
www.avito.ma/fr/casablanca/swag--à_vendre,No,Not tagged
www.avito.ma/fr/casablanca/telephone_samsung_6--à_vendre,No,Not tagged
www.avito.ma/fr/casablanca/terrains_et_fermes/agourai--à_vendre,No,Not tagged
www.avito.ma/fr/casablanca/travaux_de_platre--à_vendre,No,Not tagged
www.avito.ma/fr/centre_ville/téléphones/Iphone_14_pro_gold_esim_53078283.htm,No,Not tagged
www.avito.ma/fr/dar_bel_amri/vélos/de_40_à--à_vendre,No,Not tagged
www.avito.ma/fr/el_bassatine/matériels_professionnels/مكينة_الرباطي__54787450.htm,No,Not tagged
www.avito.ma/fr/el_jadida/vélos/un--à_vendre,No,Not tagged
www.avito.ma/fr/el_youssoufia/matériels_professionnels/ثلاجة_ماء_وكهرباء_54544348.htm,No,Not tagged
www.avito.ma/fr/errachidia/vente_chien--à_vendre,No,Not tagged
www.avito.ma/fr/fes/route_de_sefrou/sports_et_loisirs-à_vendre,No,Not tagged
www.avito.ma/fr/fes_jdid/films__livres__magazines/Appartement_à_vendre_à_Fès_53813977.htm,No,Not tagged
www.avito.ma/fr/fezna/chaussures/offre--à_vendre,No,Not tagged
www.avito.ma/fr/founty/appartements/Appartement_privée_à_Founty__54620101.htm,No,Not tagged
www.avito.ma/fr/fès/riad_toulal/demandes,No,Not tagged
www.avito.ma/fr/fès/services/transport_de--à_vendre,No,Not tagged
www.avito.ma/fr/fès/tango--à_vendre,No,Not tagged
www.avito.ma/fr/ghribilate/décoration/Tableau_déco_dy20_53998696.htm,No,Not tagged
www.avito.ma/fr/guercif/animaux/et_chien--à_vendre,No,Not tagged
www.avito.ma/fr/guich_oudaya/image_&_son/Microphone_RODE_VideoMic_GO_54430289.htm,No,Not tagged
www.avito.ma/fr/guéliz/voitures_d'occasion/Fiat_Doblo_53544668.htm,No,Not tagged
www.avito.ma/fr/hamria/matériels_professionnels/Caisse_sharp_neuf_a_vendre_54382891.htm,No,Not tagged
www.avito.ma/fr/hay_al_matar/locations_de_vacances/استمتعوا_في_شقتنا_مع_ويفي_مجانا__54777034.htm,No,Not tagged
www.avito.ma/fr/hay_el_fath/art_et_collections/Harley_Davidson_Bandana_vintage_54717940.htm,No,Not tagged
www.avito.ma/fr/hay_essalam/meubles_et_décoration/Meubles_et_Décoration_à_El_Jadida_53544935.htm,No,Not tagged
www.avito.ma/fr/hay_mohammadi/locations_de_vacances/appartement_en_location_à_islan__54668874.htm,No,Not tagged
www.avito.ma/fr/hay_riad/matériels_professionnels/vapeurs_coiffure_54775802.htm,No,Not tagged
www.avito.ma/fr/khemisset/véhicules_autres/pour--à_vendre,No,Not tagged
www.avito.ma/fr/khouribga/de_100m2--à_vendre,No,Not tagged
www.avito.ma/fr/larache/magasins_et_commerces/a_oulfa--à_vendre,No,Not tagged
www.avito.ma/fr/louta/electorménager_et_vaisselle-à_vendre,No,Not tagged
www.avito.ma/fr/maarif/voitures_d'occasion/Renault_kango_2013_54553488.htm,No,Not tagged
www.avito.ma/fr/maihta/instruments_de_musique/Guitare_acoustique_folk_53242717.htm,No,Not tagged
www.avito.ma/fr/marchane/téléphones/عملات_نقدية_نادرة_54680441.htm,No,Not tagged
www.avito.ma/fr/maroc/50mm_nikon--à_vendre,No,Not tagged
www.avito.ma/fr/maroc/accessoires_informatique_et_gadgets/640--à_vendre,No,Not tagged
www.avito.ma/fr/maroc/accessoires_informatique_et_gadgets/detecteur_metaux--à_vendre,No,Not tagged
www.avito.ma/fr/maroc/accessoires_informatique_et_gadgets/et_home--à_vendre,No,Not tagged
www.avito.ma/fr/maroc/accessoires_informatique_et_gadgets/valise_un--à_vendre,No,Not tagged
www.avito.ma/fr/maroc/advanced_pro--à_vendre,No,Not tagged
www.avito.ma/fr/maroc/appartements/riyad_oulfa,No,Not tagged
www.avito.ma/fr/maroc/bmx_f--à_vendre,No,Not tagged
www.avito.ma/fr/maroc/caffè_a--à_vendre,No,Not tagged
www.avito.ma/fr/maroc/carte_memoire_macbook--à_vendre,No,Not tagged
www.avito.ma/fr/maroc/chaussures/7_plus--à_vendre,No,Not tagged
www.avito.ma/fr/maroc/chaussures/timberland_de--à_vendre,No,Not tagged
www.avito.ma/fr/maroc/clima_clio_4--à_vendre,No,Not tagged
www.avito.ma/fr/maroc/connecteur_alimentation_pc--à_vendre,No,Not tagged
www.avito.ma/fr/maroc/creation_site_vitrine__site_e_commerce--à_vendre,No,Not tagged
www.avito.ma/fr/maroc/de_piton--à_vendre,No,Not tagged
www.avito.ma/fr/maroc/electorménager_et_vaisselle/bonne--à_vendre,No,Not tagged
www.avito.ma/fr/maroc/electorménager_et_vaisselle/bosch_de--à_vendre,No,Not tagged
www.avito.ma/fr/maroc/electroacoustique--à_vendre,No,Not tagged
www.avito.ma/fr/maroc/equipements_pour_enfant/protége--à_vendre,No,Not tagged
www.avito.ma/fr/maroc/image_et_son/a_sm--à_vendre,No,Not tagged
www.avito.ma/fr/maroc/image_et_son/power_up--à_vendre,No,Not tagged
www.avito.ma/fr/maroc/jeep_grand_limited--à_vendre,No,Not tagged
www.avito.ma/fr/maroc/livebox_sagem--à_vendre,No,Not tagged
www.avito.ma/fr/maroc/louer_un_taxi--à_vendre,No,Not tagged
www.avito.ma/fr/maroc/machine_a_laver_5_kg--à_vendre,No,Not tagged
www.avito.ma/fr/maroc/magasins_et_commerces/a_electrique--à_vendre,No,Not tagged
www.avito.ma/fr/maroc/maison_de_3700--à_vendre,No,Not tagged
www.avito.ma/fr/maroc/maron_tout--à_vendre,No,Not tagged
www.avito.ma/fr/maroc/matériels_professionnels/besoin_20--à_vendre,No,Not tagged
www.avito.ma/fr/maroc/matériels_professionnels/chaise_lot--à_vendre,No,Not tagged
www.avito.ma/fr/maroc/matériels_professionnels/pas_للبيع--à_vendre,No,Not tagged
www.avito.ma/fr/maroc/meubles_et_décoration/et_services--à_vendre,No,Not tagged
www.avito.ma/fr/maroc/meubles_et_décoration/marhba--à_vendre,No,Not tagged
www.avito.ma/fr/maroc/meubles_et_décoration/tendance--à_vendre,No,Not tagged
www.avito.ma/fr/maroc/meubles_et_décoration/مزال_نقي--à_vendre,No,Not tagged
www.avito.ma/fr/maroc/montres_et_bijoux/boitier--à_vendre,No,Not tagged
www.avito.ma/fr/maroc/ordinateurs_portables/fla--à_vendre,No,Not tagged
www.avito.ma/fr/maroc/pionneer--à_vendre,No,Not tagged
www.avito.ma/fr/maroc/placard_mur--à_vendre,No,Not tagged
www.avito.ma/fr/maroc/racine_quartier--à_vendre,No,Not tagged
www.avito.ma/fr/maroc/serveur_iptv_ultra--à_vendre,No,Not tagged
www.avito.ma/fr/maroc/tablettes/ion--à_vendre,No,Not tagged
www.avito.ma/fr/maroc/tapis_3*1.80--à_vendre,No,Not tagged
www.avito.ma/fr/maroc/technicien_electricité--à_vendre,No,Not tagged
www.avito.ma/fr/maroc/terrain_150000_m2--à_vendre,No,Not tagged
www.avito.ma/fr/maroc/terrains_et_fermes/jeux_de_des--à_vendre,No,Not tagged
www.avito.ma/fr/maroc/téléphones/128_gb_ram--à_vendre,No,Not tagged
www.avito.ma/fr/maroc/usb_ethernet_adaptateur--à_vendre,No,Not tagged
www.avito.ma/fr/maroc/vetements/la_du--à_vendre,No,Not tagged
www.avito.ma/fr/maroc/vetements/nike_originaux--à_vendre,No,Not tagged
www.avito.ma/fr/maroc/vetements/o_en--à_vendre,No,Not tagged
www.avito.ma/fr/maroc/vetements/بالدار--à_vendre,No,Not tagged
www.avito.ma/fr/maroc/villas_avec_piscines_privées--à_vendre,No,Not tagged
www.avito.ma/fr/maroc/vélos/de_verte--à_vendre,No,Not tagged
www.avito.ma/fr/maroc/xl_abs--à_vendre,No,Not tagged
www.avito.ma/fr/maroc/جودة_70_متر--à_vendre,No,Not tagged
www.avito.ma/fr/maroc/حقائب_للبيع--à_vendre,No,Not tagged
www.avito.ma/fr/marrakech/bouaakkaz/autres_immobilier-à_vendre,No,Not tagged
www.avito.ma/fr/marrakech/camions/model_99--à_vendre,No,Not tagged
www.avito.ma/fr/marrakech/meubles_et_décoration/Tapis_Rbati_première_qualité_excellent_état__52864188.htm,No,Not tagged
www.avito.ma/fr/marrakech/rolex_datejust--à_vendre,No,Not tagged
www.avito.ma/fr/marrakech/s_plus_64--à_vendre,No,Not tagged
www.avito.ma/fr/massira_2/jeux_vidéo_et_consoles/jxd_android_54817270.htm,No,Not tagged
www.avito.ma/fr/mohammedia/motos/c90_2014--à_vendre,No,Not tagged
www.avito.ma/fr/mohammedia/pièces_et_accessoires_véhicules/fiat_palio--à_vendre,No,Not tagged
www.avito.ma/fr/nador/centre_ville/remorques_et_caravanes--à_vendre,No,Not tagged
www.avito.ma/fr/najd/appartements/appartement_89m_a_vendre__54800884.htm,No,Not tagged
www.avito.ma/fr/najd/voitures_d'occasion/Nissan_Qashqai_Diesel_Manuelle_2019_à_El_Jadida_54859263.htm,No,Not tagged
www.avito.ma/fr/nouaceur/matériels_professionnels/vitrine_à--à_vendre,No,Not tagged
www.avito.ma/fr/ouarzazate/remorques_à_vendre--à_vendre,No,Not tagged
www.avito.ma/fr/oued_laou/casabalnca--à_vendre,No,Not tagged
www.avito.ma/fr/oulad_ftata/chient--à_vendre,No,Not tagged
www.avito.ma/fr/oulfa/accessoires_informatique_et_gadgets/_HyperX_Pulsefire_Core_Souris_Gamer_54115142.htm,No,Not tagged
www.avito.ma/fr/oulfa/animaux/bulldog_anglais_54674177.htm,No,Not tagged
www.avito.ma/fr/oulfa/image_&_son/Marshall_monitor__55124395.htm,No,Not tagged
www.avito.ma/fr/oulfa/meubles_et_décoration/Un_L_du_bois_l_être_54645657.htm,No,Not tagged
www.avito.ma/fr/oulfa/ordinateurs_portables/Wd_Element__54638862.htm,No,Not tagged
www.avito.ma/fr/rabat/accessoires_informatique_et_gadgets/sandisk--à_vendre,No,Not tagged
www.avito.ma/fr/rabat/animaux/bouznika--à_vendre,No,Not tagged
www.avito.ma/fr/rabat/astra_berline--à_vendre,No,Not tagged
www.avito.ma/fr/rabat/diesel_6_chevaux--à_vendre,No,Not tagged
www.avito.ma/fr/rabat/hay_nahda/business_et_affaire_commerciale/salon_de_coiffure--à_vendre,No,Not tagged
www.avito.ma/fr/rabat/hay_riad/etage_villa_a,No,Not tagged
www.avito.ma/fr/rabat/tableaux_de_peinture--à_vendre,No,Not tagged
www.avito.ma/fr/rabat/voiture_rs--à_vendre,No,Not tagged
www.avito.ma/fr/route_ain_chkaf/téléphones/_Rédmi_A2_plus_55135533.htm,No,Not tagged
www.avito.ma/fr/route_d'el_jadida/autre_matériel_professionel/Transpalette_manuel_2500kg_53534634.htm,No,Not tagged
www.avito.ma/fr/route_de_ceuta/meubles_et_décoration/séparation_brooklyn_bridge_at_night_ii_54914227.htm,No,Not tagged
www.avito.ma/fr/safi/image_et_son/telephone--à_vendre,No,Not tagged
www.avito.ma/fr/safi/safiya/bateaux-à_vendre,No,Not tagged
www.avito.ma/fr/safi/sundero,No,Not tagged
www.avito.ma/fr/sefrou/voitures_d'occasion/Citroen_C4_Diesel_Automatique_2023_à_Sefrou_54985359.htm,No,Not tagged
www.avito.ma/fr/settat/immobilier/vendre_roches,No,Not tagged
www.avito.ma/fr/sfassif/electorménager_et_vaisselle/cuisine--à_vendre,No,Not tagged
www.avito.ma/fr/sidi_bernoussi/téléphones/كليب_باقي_صغير__54776723.htm,No,Not tagged
www.avito.ma/fr/sidi_chiker/ordinateurs_bureau/taman--à_vendre,No,Not tagged
www.avito.ma/fr/sidi_maarouf/jeux_vidéo_et_consoles/call_of_duty_black_ops_3_53467992.htm,No,Not tagged
www.avito.ma/fr/sidi_moumen/appartements/شقة_في_إقامة_محروسة_في_أناسي_54674220.htm,No,Not tagged
www.avito.ma/fr/sidi_youssef_ben_ali/accessoires_informatique_et_gadgets/TP_Link_EAP115_300_Mbit_s___55016704.htm,No,Not tagged
www.avito.ma/fr/tanger/autres_immobilier/130--à_vendre,No,Not tagged
www.avito.ma/fr/tanger/ballon_de--à_vendre,No,Not tagged
www.avito.ma/fr/tanger/beuf--à_vendre,No,Not tagged
www.avito.ma/fr/tanger/coq--à_vendre,No,Not tagged
www.avito.ma/fr/tanger/dresser--à_vendre,No,Not tagged
www.avito.ma/fr/tanger/galaxy_j2_noir--à_vendre,No,Not tagged
www.avito.ma/fr/tanger/matériels_professionnels/krik--à_vendre,No,Not tagged
www.avito.ma/fr/tanger/meubles_et_décoration/pour_de_5--à_vendre,No,Not tagged
www.avito.ma/fr/tanger/mood--à_vendre,No,Not tagged
www.avito.ma/fr/tanger/ordinateurs_bureau/fujitsu--à_vendre,No,Not tagged
www.avito.ma/fr/tanger/sacs_et_accessoires/portables--à_vendre,No,Not tagged
www.avito.ma/fr/tanger/sanitaire_roca--à_vendre,No,Not tagged
www.avito.ma/fr/tanger/shea_butter--à_vendre,No,Not tagged
www.avito.ma/fr/tanger/séparation_bureau_en--à_vendre,No,Not tagged
www.avito.ma/fr/tanger/vetements/en_bon_etat--à_vendre,No,Not tagged
www.avito.ma/fr/taourirt/f_c--à_vendre,No,Not tagged
www.avito.ma/fr/taza/voitures_d'occasion/dacia_dokker__54857204.htm,No,Not tagged
www.avito.ma/fr/taza/zohra--à_vendre,No,Not tagged
www.avito.ma/fr/temara/chaussures/et_bien_être--à_vendre,No,Not tagged
www.avito.ma/fr/temara/meubles_et_décoration/بلاك_70_50_52817543.htm,No,Not tagged
www.avito.ma/fr/tiznit/meubles_et_décoration/الحديد--à_vendre,No,Not tagged
www.avito.ma/fr/zemamra/camions/voiture--à_vendre,No,Not tagged
www.avito.ma/sp/voitures/voiture-juke-nissan,No,Not tagged
www.avito.ma/ar/boutique/fibralum-travaux,No,Not tagged
www.avito.ma/ar/أزيلال/تجارةـوـأعمالـتجارية/billet--للبيع,No,Not tagged
www.avito.ma/ar/أكدال/قطع_الغيار_لوسائل_النقل/huile_moteur_originale_volkswaken_5w40_53820162.htm,No,Not tagged
www.avito.ma/ar/أكدال/منازل_للعطلة/70m2_LUXE_ARRIBAT_CENTER_AGDAL_53302319.htm,No,Not tagged
www.avito.ma/ar/أمسرنات/هواتف/samsoung_A03_acor_53985854.htm,No,Not tagged
www.avito.ma/ar/اثنين_اكاو/حيوانات_أليفة/de_de_marque--للبيع,No,Not tagged
www.avito.ma/ar/ارزان/معدات_أخرى/échafaudage_speedy_alum_52954798.htm,No,Not tagged
www.avito.ma/ar/اسفي/voiture_golf_4--للبيع,No,Not tagged
www.avito.ma/ar/الحسيمة/2_mars/الأثاثـوـالديكور-للبيع,No,Not tagged
www.avito.ma/ar/الحي_الإداري/فن_وتحف/نقود_اسبانية_قديمة_كل_حاجة_و_ثمنها_54921800.htm,No,Not tagged
www.avito.ma/ar/الدار_البيضاء/cleaner--للبيع,No,Not tagged
www.avito.ma/ar/الدار_البيضاء/commode_à_vendre--للبيع,No,Not tagged
www.avito.ma/ar/الدار_البيضاء/حي_الحسني/خدمات/pour--للبيع,No,Not tagged
www.avito.ma/ar/الدار_البيضاء/ملبس/x_x--للبيع,No,Not tagged
www.avito.ma/ar/الدار_البيضاء/هواتف/Xiaomi_12_pro_256G__52938520.htm,No,Not tagged
www.avito.ma/ar/الرباط/vendre_chery--للبيع,No,Not tagged
www.avito.ma/ar/الرباط/دكاكين_محلات_تجارية/120_m--للبيع,No,Not tagged
www.avito.ma/ar/الرشيدية/renault_megane_3--للبيع,No,Not tagged
www.avito.ma/ar/الصويرة/منتجاتـالتجميل/professionnel--للبيع,No,Not tagged
www.avito.ma/ar/العالية/كمبيوتر_منزلي/_ordinateur_bureau_54341452.htm,No,Not tagged
www.avito.ma/ar/العبادي/تجهيزات_للأطفال_و_الرُضَّع/Tire_lait_manuel_Farlin_Free_Direction_53446179.htm,No,Not tagged
www.avito.ma/ar/العرفان/هوايات_ورياضة/Fc_24_fifa24__54674735.htm,No,Not tagged
www.avito.ma/ar/الفنيدق/الأثاث_والديكور/sedari_complet_dimensions_3m_3m_2_60m_54778550.htm,No,Not tagged
www.avito.ma/ar/الكارا/kasbah/أجهزةـالإلكترومناجيـوـالأواني-للبيع,No,Not tagged
www.avito.ma/ar/المحمدية/بقعة_ارضية_محفظة--للبيع,No,Not tagged
www.avito.ma/ar/المديق/تجهيزاتـللأطفالـوـالرضع/ondes--للبيع,No,Not tagged
www.avito.ma/ar/المدينة_الجديدة/درجات_نارية/Motos_à_Casablanca_53428605.htm,No,Not tagged
www.avito.ma/ar/المعاريف/كمبيوتر_محمول/Dell_Vostro_15_3000___i5_11th___16go_ram___512_ssd_53954275.htm,No,Not tagged
www.avito.ma/ar/المعاريف/كمبيوتر_محمول/MSI_Thin_GF63_12UDX_242FR____Gaming_Laptop_54214028.htm,No,Not tagged
www.avito.ma/ar/المغرب/8kg_gris--للبيع,No,Not tagged
www.avito.ma/ar/المغرب/bmw_a4_2010--للبيع,No,Not tagged
www.avito.ma/ar/المغرب/carte_graphique_nvidia_geforce_pc_portable--للبيع,No,Not tagged
www.avito.ma/ar/المغرب/chien_royale--للبيع,No,Not tagged
www.avito.ma/ar/المغرب/console_pour_étagère--للبيع,No,Not tagged
www.avito.ma/ar/المغرب/csa--للبيع,No,Not tagged
www.avito.ma/ar/المغرب/double_li--للبيع,No,Not tagged
www.avito.ma/ar/المغرب/epson_l1300_a3--للبيع,No,Not tagged
www.avito.ma/ar/المغرب/hd_4go--للبيع,No,Not tagged
www.avito.ma/ar/المغرب/hilux_4x4--للبيع,No,Not tagged
www.avito.ma/ar/المغرب/huawei_s7--للبيع,No,Not tagged
www.avito.ma/ar/المغرب/mercedes_c_220_full_option--للبيع,No,Not tagged
www.avito.ma/ar/المغرب/peugeot_405_en--للبيع,No,Not tagged
www.avito.ma/ar/المغرب/titre_oujda--للبيع,No,Not tagged
www.avito.ma/ar/المغرب/أفلام_وكتب_ومجلات/vendre_très_état--للبيع,No,Not tagged
www.avito.ma/ar/المغرب/اكسسواراتـالكمبيوترـوـالأجهزة/et_en_verre--للبيع,No,Not tagged
www.avito.ma/ar/المغرب/برطما_شقة/de_imam,No,Not tagged
www.avito.ma/ar/المغرب/تلفزيون/sur_1_vendre--للبيع,No,Not tagged
www.avito.ma/ar/المغرب/قطعـالغيارـلوسائلـالنقل/box--للبيع,No,Not tagged
www.avito.ma/ar/المغرب/قطعـالغيارـلوسائلـالنقل/capot_ford_fiesta--للبيع,No,Not tagged
www.avito.ma/ar/المنصورية/شقق/Appartement_meublé_vue_sur_mer_68_m²_Mansouria_54737148.htm,No,Not tagged
www.avito.ma/ar/الناظور/huawei_p20_lite--للبيع,No,Not tagged
www.avito.ma/ar/الهرهورة/شقق/Appartement_Dans_un_Villa_à_Harhora_50720381.htm,No,Not tagged
www.avito.ma/ar/الوسط/سيارات_مستعملة/Volkswagen_Passat_B8_Automatique_2016_54965105.htm,No,Not tagged
www.avito.ma/ar/بئر_طم_طم/sidi_moussa/دكاكين_محلات_تجارية-للبيع,No,Not tagged
www.avito.ma/ar/باهية/معدات_أخرى/رفوف_السوبر_ماركت_ثمن_جد_مناسب_53838512.htm,No,Not tagged
www.avito.ma/ar/برشيد/صوت_وصورة/h--للبيع,No,Not tagged
www.avito.ma/ar/بركان/مخزوناتـوـبيعـبالجملة/cartouche_de_toner--للبيع,No,Not tagged
www.avito.ma/ar/بركان/ﻒﻧ_ﻮﺘﺤﻓ/monnaie_marocaine_ancienne--للبيع,No,Not tagged
www.avito.ma/ar/بلفدير/كمبيوتر_محمول/Pc_portable_HP__53267853.htm,No,Not tagged
www.avito.ma/ar/بن_مسيك/معدات_أخرى/Mask_peinture_et_gaz_complet__53938353.htm,No,Not tagged
www.avito.ma/ar/بنى_ملال/منازل_للعطلة/apartement_équipe__53206397.htm,No,Not tagged
www.avito.ma/ar/بنى_ملال/وسائل_النقل_آخر/l--للبيع,No,Not tagged
www.avito.ma/ar/بير_الرامي/معدات_مهنية/an_circulaire_saw_NB28_54234498.htm,No,Not tagged
www.avito.ma/ar/تازة/passat_b3--للبيع,No,Not tagged
www.avito.ma/ar/تازة/الحديقةـوـأدواتـبريكولاج/...et...--للبيع,No,Not tagged
www.avito.ma/ar/تاوريرت/حمام_و_مراحيض-للبيع,No,Not tagged
www.avito.ma/ar/تطوان/دراجات_نارية/motor_de--للبيع,No,Not tagged
www.avito.ma/ar/توابل/هواتف/S20_FE_5G__0_difo_53801765.htm,No,Not tagged
www.avito.ma/ar/حاسي_بركان/صوت_وصورة/q--للبيع,No,Not tagged
www.avito.ma/ar/حسان/سفر_و_تذاكر/haifa_wehbe__55115717.htm,No,Not tagged
www.avito.ma/ar/حي_آخر/خدمات/MES_SERVEURS_IPTV_SUPPORTE_TT_LES_CONNEXIONS_54291828.htm,No,Not tagged
www.avito.ma/ar/حي_آخر/درجات_نارية/Harley_Davidson_Night_Rod_Special___Premiere_main_54375898.htm,No,Not tagged
www.avito.ma/ar/حي_آخر/صوت_وصورة/AirPods_Pro_2_original__54330961.htm,No,Not tagged
www.avito.ma/ar/حي_آخر/معدات_المدارس،_روض_الأطفال_و_أماكن_اللعب/table_de_reunion_complet_pack_en_promotion_54605059.htm,No,Not tagged
www.avito.ma/ar/حي_آخر/هواتف/iPhone_X_Nouveau__55033317.htm,No,Not tagged
www.avito.ma/ar/حي_أهلا/معدات_أخرى/industrielle_mattress_machine_54766597.htm,No,Not tagged
www.avito.ma/ar/حي_الحديقة/هواتف/Smartphone_et_Téléphone_à_Mohammedia_53448803.htm,No,Not tagged
www.avito.ma/ar/حي_الرياض/شقق/Avenue_Mehdi_ben_barka__53298352.htm,No,Not tagged
www.avito.ma/ar/حي_المحمدي/فان_و_حافلات_صغيرة/Ford_transit_54799486.htm,No,Not tagged
www.avito.ma/ar/حي_الوحدة/محلات_للكراء/Local_à_Mohammedia__55012578.htm,No,Not tagged
www.avito.ma/ar/حي_كريمة/حيوانات_أليفة/ongora_turc_poilong_balnc__55095602.htm,No,Not tagged
www.avito.ma/ar/خريبكة/سيارات_مستعملة/Suzuki_Celerio_Essence_Manuelle_2012_à_Khouribga_54573235.htm,No,Not tagged
www.avito.ma/ar/خنيفرة/بقع_و_مزارع/lot_villa_a_vendre_52794541.htm,No,Not tagged
www.avito.ma/ar/روسطال/ساعات_و_مجوهرات/ساعة_Seiko_اصلية__54669851.htm,No,Not tagged
www.avito.ma/ar/سباتة/عقار_آخر_للكراء/شقة_للكراء_80م_بشارع_مقداد_الحريزي_53562697.htm,No,Not tagged
www.avito.ma/ar/سطات/nokia_3.1--للبيع,No,Not tagged
www.avito.ma/ar/سطات/suzuki--للبيع,No,Not tagged
www.avito.ma/ar/سطات/كمبيوترـمنزلي/acer_aspire--للبيع,No,Not tagged
www.avito.ma/ar/سطات/ملبس/je_mets--للبيع,No,Not tagged
www.avito.ma/ar/سلا/برطما_شقة/appartement_de_68m,No,Not tagged
www.avito.ma/ar/سيدي_عباد/كمبيوتر_منزلي/PC_GAMER__53234009.htm,No,Not tagged
www.avito.ma/ar/سيدي_عثمان/هواتف/iPhone_13_256_54703023.htm,No,Not tagged
www.avito.ma/ar/سيدي_معروف/الأثاث/canapé_lit__54407627.htm,No,Not tagged
www.avito.ma/ar/شعيبات/isuzu_d_max--للبيع,No,Not tagged
www.avito.ma/ar/طريق_صفرو/دكاكين،_محلات_تجارية_ومباني_صناعية/Magasin_à_vendre_à_Fès_54069197.htm,No,Not tagged
www.avito.ma/ar/طنجة/parasol_à--للبيع,No,Not tagged
www.avito.ma/ar/طنجة/للدارـالمنزلـوـالحديقة/chargeur_solaire--للبيع,No,Not tagged
www.avito.ma/ar/عين_السبع/بقع_و_مزارع/ارض_للبيع_في_الدار_البيضاء_عين_سبع_777_m_54002285.htm,No,Not tagged
www.avito.ma/ar/عين_السبع/معدات_مهنية/Matériels_Professionnels_à_Casablanca_53315785.htm,No,Not tagged
www.avito.ma/ar/عين_مزوار/معدات_أخرى/5441support_spindel_cnc_CNC__52432654.htm,No,Not tagged
www.avito.ma/ar/فاس/de_14000--للبيع,No,Not tagged
www.avito.ma/ar/فاس/الأثاث/Salon_l_53072932.htm,No,Not tagged
www.avito.ma/ar/فاس/سيارات_مستعملة/سي3_اسانس_53093211.htm,No,Not tagged
www.avito.ma/ar/قطارة/ticket_rca_vs--للبيع,No,Not tagged
www.avito.ma/ar/كابو_بيكرو/plaqueuse_de_chants--للبيع,No,Not tagged
www.avito.ma/ar/كلميم/اكسسواراتـالكمبيوترـوـالأجهزة/abonnement_tv--للبيع,No,Not tagged
www.avito.ma/ar/كليز/منازل_للعطلة/apparemment_meublé__53643859.htm,No,Not tagged
www.avito.ma/ar/لبلالية/معدات_مهنية/la_meule_électrique_54610656.htm,No,Not tagged
www.avito.ma/ar/مابيلا/هواتف/Iphone_12_pro_max_128_87_53321797.htm,No,Not tagged
www.avito.ma/ar/مراكش/المستشفى_العسكري/دكاكين،_محلات_تجارية_ومباني_صناعية-للبيع,No,Not tagged
www.avito.ma/ar/مراكش/سيدي_يوسف_بن_علي/منزل_في_الدار--للبيع,No,Not tagged
www.avito.ma/ar/مراكش/كيس--للبيع,No,Not tagged
www.avito.ma/ar/مرتيل/alia/أحذيية-للبيع,No,Not tagged
www.avito.ma/ar/مركز_بوسكورة/أجهزة_الإلكترومناجي_والأواني/Presse_agrumes_Seb_54783965.htm,No,Not tagged
www.avito.ma/ar/مكرن/mobile_phone--للبيع,No,Not tagged
www.avito.ma/ar/مكناس/audi_sq5--للبيع,No,Not tagged
www.avito.ma/ar/مكناس/local_m2_la--للبيع,No,Not tagged
www.avito.ma/ar/مكناس/pour_chat--للبيع,No,Not tagged
www.avito.ma/ar/مكناس/بقعـوـمزارع/besoin_d--للبيع,No,Not tagged
www.avito.ma/ar/مونت_فلوري_2/سيارات_مستعملة/Fiat_Palio_Mazout_Manuelle_2002_à_Fès_54838307.htm,No,Not tagged
www.avito.ma/ar/وازيس/ألعاب_الفيديو_وأجهزة_تشغيل_أو_كونصولات/Volant_ThrustMaster_T80_54688597.htm,No,Not tagged
www.avito.ma/ar/وجدة/الأثاثـوـالديكور/pour_salon--للبيع,No,Not tagged
www.avito.ma/ar/ورزازات/حيوانات_أليفة/Chien_bishon_maltais__53741675.htm,No,Not tagged
www.avito.ma/ar/وسط_المدينة/سيارات_مستعملة/Volvo_XC90_R_design_7places_2017_à_Fès_53481621.htm,No,Not tagged
www.avito.ma/ar/وسط_المدينة/كمبيوتر_محمول/Lenovo_IdeaPad_54575404.htm,No,Not tagged
www.avito.ma/auto/neuf/ford/focus/1.5-tdci-120-titanium-bva-4p/,No,Not tagged
www.avito.ma/fr/2_mars/animaux_domestique/قطة_بيضاء_للمنزل_gratuit__53989989.htm,No,Not tagged
www.avito.ma/fr/abi_horaira/matériels_professionnels/بريييس_بليوووز_هيدروليكية_54317510.htm,No,Not tagged
www.avito.ma/fr/agadir/art_et_collections/bronze--à_vendre,No,Not tagged
www.avito.ma/fr/agadir/hay_najah/emploi_et_services--à_vendre,No,Not tagged
www.avito.ma/fr/agadir/sacs_et_accessoires/Gucci_jdade_53175467.htm,No,Not tagged
www.avito.ma/fr/agadir/telephones_portables--à_vendre,No,Not tagged
www.avito.ma/fr/agdal/autre_équipement_pour_bébé_et_enfant/tire_lait_neuf_importé__55123940.htm,No,Not tagged
www.avito.ma/fr/agdal/ordinateurs_de_bureau/HP_Elitedesk_400_G1_SFF____Garantie_6_mois_53847996.htm,No,Not tagged
www.avito.ma/fr/agdal/sports_et_loisirs/chaussure_Adidas__54124341.htm,No,Not tagged
www.avito.ma/fr/ahlane/image_&_son/casque__53459881.htm,No,Not tagged
www.avito.ma/fr/ahlane/téléphones/xiaomi_11t_54151004.htm,No,Not tagged
www.avito.ma/fr/ain_sebaa/voitures_d'occasion/volkswagen_caddy__54721238.htm,No,Not tagged
www.avito.ma/fr/al_hoceima/equipements_pour_enfant_et_bébé/chaise_auto_53376565.htm,No,Not tagged
www.avito.ma/fr/al_hoceima/image_et_son/atlas_hd--à_vendre,No,Not tagged
www.avito.ma/fr/al_kodia/voitures_d'occasion/Renault_Mégane_explore_54847425.htm,No,Not tagged
www.avito.ma/fr/al_wifaq/accessoires_informatique_et_gadgets/Alcatel_OmniSwitch_6600_24_54458943.htm,No,Not tagged
www.avito.ma/fr/allal_el_fassi/appareils_photo_et_caméras/camera_SONY__54793199.htm,No,Not tagged
www.avito.ma/fr/amal/autre_matériel_professionel/enregistreur_zoom_h5_casablanca_Réf_UXGDi_54472541.htm,No,Not tagged
www.avito.ma/fr/amal/equipements_pour_enfant_et_bébé/Equipement_pour_Bébé_et_Enfant_à_El_Jadida_53547120.htm,No,Not tagged
www.avito.ma/fr/amal/stocks_et_vente_en_gros/mobilier_de_bureau_bureau_de_direction_kz_54734913.htm,No,Not tagged
www.avito.ma/fr/amelkis/téléphones/VENTE_S22_PLUS_ETAT_NEUF_54030979.htm,No,Not tagged
www.avito.ma/fr/anfa/meubles/Lit___matelas__54263671.htm,No,Not tagged
www.avito.ma/fr/anfa/téléphones/64GB_11_pro_Max__51610858.htm,No,Not tagged
www.avito.ma/fr/anfa/voitures_d'occasion/Seat_Ibiza_Diesel_Manuelle_2011_à_Casablanca_54765771.htm,No,Not tagged
www.avito.ma/fr/autre_secteur/appartements/Appartement_à_louer_55_m²_à_Tanger_54704689.htm,No,Not tagged
www.avito.ma/fr/autre_secteur/appartements/Appartement_à_vendre__53111136.htm,No,Not tagged
www.avito.ma/fr/autre_secteur/magasins__commerces_et_locaux_industriels/Local_à_louer_à_Agadir_53102486.htm,No,Not tagged
www.avito.ma/fr/autre_secteur/meubles_et_décoration/chaise_enfant_plastique_monobloc_mm_tanger_54739175.htm,No,Not tagged
www.avito.ma/fr/autre_secteur/ordinateurs_de_bureau/_Lenovo_ThinkCentre_M800s__i5__8_Go__HDD_500_Go_55036880.htm,No,Not tagged
www.avito.ma/fr/autre_secteur/voitures_d'occasion/megane__54869450.htm,No,Not tagged
www.avito.ma/fr/azilal/chaouia--à_vendre,No,Not tagged
www.avito.ma/fr/azilal/de_tracteur_agricole--à_vendre,No,Not tagged
www.avito.ma/fr/azli/meubles/سرير_للبيع_للأطفال_و_البالغين_54046778.htm,No,Not tagged
www.avito.ma/fr/aïn_borja/animaux_domestique/Spitz_alemand_pure_race__54798517.htm,No,Not tagged
www.avito.ma/fr/aïn_chock/matériels_professionnels/Sculptées_par_le_Monde_Pack_Chaise_d_Importation_54287336.htm,No,Not tagged
www.avito.ma/fr/aïn_chock/meubles_et_décoration/عود_قماري_هندي_طبيعي_54309319.htm,No,Not tagged
www.avito.ma/fr/bab_al_bahar/locations_de_vacances/magnifique_appart_à_côté_la_plage__54717549.htm,No,Not tagged
www.avito.ma/fr/bab_doukkala/matériels_professionnels/salm_ikhwan_had_lkhnjar__lbi3_lib4ah_yatwasl_m3ya_53143495.htm,No,Not tagged
www.avito.ma/fr/bani_antar/locations_de_vacances/شقة_فاخرة_للإيجار_اليومي__54875287.htm,No,Not tagged
www.avito.ma/fr/berkane/1000_متر_مربع--à_vendre,No,Not tagged
www.avito.ma/fr/berkane/gps_traceur--à_vendre,No,Not tagged
www.avito.ma/fr/berkane/informatique_et_multimedia/de_wafa--à_vendre,No,Not tagged
www.avito.ma/fr/bir_rami/ordinateurs_portables/Laptop_X1_Carbon_Gen_7___Type_20QD__20QE___54594704.htm,No,Not tagged
www.avito.ma/fr/bni_drar/voitures_d'occasion/Mercedes_Sprinter_à_vendre__54845926.htm,No,Not tagged
www.avito.ma/fr/boulemane/terrains_et_fermes/terrain_5ha_a--à_vendre,No,Not tagged
www.avito.ma/fr/béni_mellal/locations_de_vacances/برطما_للكراء_اليومي_للعائلة_ahlan_bikom_53167603.htm,No,Not tagged
www.avito.ma/fr/casablanca/190x140--à_vendre,No,Not tagged
www.avito.ma/fr/casablanca/afficheur_j1--à_vendre,No,Not tagged
www.avito.ma/fr/casablanca/bnt--à_vendre,No,Not tagged
www.avito.ma/fr/casablanca/bourgogne/petit_magasin_à--à_vendre,No,Not tagged
www.avito.ma/fr/casablanca/cours_et_formations/me--à_vendre,No,Not tagged
www.avito.ma/fr/casablanca/de_mont--à_vendre,No,Not tagged
www.avito.ma/fr/casablanca/derb_ghallef/renault_kongo_d65--à_vendre,No,Not tagged
www.avito.ma/fr/casablanca/diesel_casa--à_vendre,No,Not tagged
www.avito.ma/fr/casablanca/fauteuil_roulant_électrique,No,Not tagged
www.avito.ma/fr/casablanca/magasins_et_commerces/de_100_oulfa--à_vendre,No,Not tagged
www.avito.ma/fr/casablanca/montres_et_bijoux/ice_watch--à_vendre,No,Not tagged
www.avito.ma/fr/casablanca/ordinateurs_portables/i5_2_generation--à_vendre,No,Not tagged
www.avito.ma/fr/casablanca/pc_tablette_accent--à_vendre,No,Not tagged
www.avito.ma/fr/casablanca/sony_xperia_e4--à_vendre,No,Not tagged
www.avito.ma/fr/casablanca/voiture_bm--à_vendre,No,Not tagged
www.avito.ma/fr/casablanca_finance_city/matériels_professionnels/tout_type_de_mobilier_de_bureau_mo_54292376.htm,No,Not tagged
www.avito.ma/fr/centre/accessoires_informatique_et_gadgets/mobile_phone_bracket_54764165.htm,No,Not tagged
www.avito.ma/fr/centre/appartements/برطمة_للمتزوجين_وشراكت_قرب_البحر_مول_دار__54813196.htm,No,Not tagged
www.avito.ma/fr/centre/ordinateurs_portables/HP___DELL___ASUS___7th_54815902.htm,No,Not tagged
www.avito.ma/fr/centre/sacs_et_accessoires/Sacs_de_plage_53246273.htm,No,Not tagged
www.avito.ma/fr/centre_ville/jouets/Logiciel_de_Gestion_Commercial__Facturation__Stock_51661596.htm,No,Not tagged
www.avito.ma/fr/centre_ville/meubles_et_décoration/bureau_pour_garçon__53888684.htm,No,Not tagged
www.avito.ma/fr/centre_ville/stocks_et_vente_en_gros/vestiaires_en_métallique_à_un_bon_prix_53305884.htm,No,Not tagged
www.avito.ma/fr/chefchaouen/jeux_vidéo_et_consoles/Gaming_à_Chefchaouen_53509020.htm,No,Not tagged
www.avito.ma/fr/dar_bouazza/appartements/Appartement_à_louer_105_m²_à_Dar_Bouazza_54815984.htm,No,Not tagged
www.avito.ma/fr/el_houda/appartements/Appartement_a_vendre_el_houda_54839162.htm,No,Not tagged
www.avito.ma/fr/el_jadida/animaux/50_avec--à_vendre,No,Not tagged
www.avito.ma/fr/el_jadida/les_montres--à_vendre,No,Not tagged
www.avito.ma/fr/el_kelâa_des_sraghna/vêtements/CHAUSURE_OFF_WHITE_couleur_NOIR_53618777.htm,No,Not tagged
www.avito.ma/fr/el_qaria/voitures_d'occasion/سلا_القرية_54716613.htm,No,Not tagged
www.avito.ma/fr/errachidia/image_et_son/tv_samsung_40--à_vendre,No,Not tagged
www.avito.ma/fr/essaouira/skala/avito_market,No,Not tagged
www.avito.ma/fr/fès/picanto,No,Not tagged
www.avito.ma/fr/hassan/voyages_et_billetterie/billet_mawazine_Gazo___Tiakola___SCH_55132230.htm,No,Not tagged
www.avito.ma/fr/hay_al_farah/matériels_professionnels/scie_a_panneau_électrique_54745735.htm,No,Not tagged
www.avito.ma/fr/hay_hassani/matériels_professionnels/plancha_importe_gaz__54730045.htm,No,Not tagged
www.avito.ma/fr/hay_hassani/matériels_professionnels/présentoir_pâtisserie_refrigere__54712036.htm,No,Not tagged
www.avito.ma/fr/hay_salam/voitures_d'occasion/Volkswagen_Polo_Essence_Manuelle_2008_à_Salé_54876262.htm,No,Not tagged
www.avito.ma/fr/jirrari/voitures_d'occasion/داسية_دوكرر_مليحة_موديل_2020_54743100.htm,No,Not tagged
www.avito.ma/fr/jorf/yassmine/meubles_et_décoration-à_vendre,No,Not tagged
www.avito.ma/fr/khemisset/téléphones/Iphone_11_pro_max_54868788.htm,No,Not tagged
www.avito.ma/fr/khouribga/engins_btp/info--à_vendre,No,Not tagged
www.avito.ma/fr/korat_essba/jeux_vidéo_et_consoles/playstation_5_53878693.htm,No,Not tagged
www.avito.ma/fr/kénitra/modele_2010--à_vendre,No,Not tagged
www.avito.ma/fr/laouamra/equipements_pour_enfant/chambre_complete--à_vendre,No,Not tagged
www.avito.ma/fr/laâyoune/matériels_professionnels/des_bureaux_sur_mesures__en_gros__gh_à_laâyoune_54678653.htm,No,Not tagged
www.avito.ma/fr/laâyoune/meubles_et_décoration/Tableau_déco_seul_35_54330752.htm,No,Not tagged
www.avito.ma/fr/lekhiam/téléphones/Hwawi_y6_Not_2019_53933219.htm,No,Not tagged
www.avito.ma/fr/les_portes_de_marrakech/equipements_pour_enfant_et_bébé/Poussette_Cosi_54051444.htm,No,Not tagged
www.avito.ma/fr/marchane/ordinateurs_portables/Hp_probook_55131212.htm,No,Not tagged
www.avito.ma/fr/maroc/16g_2g_ram--à_vendre,No,Not tagged
www.avito.ma/fr/maroc/3_chambre_à--demandes,No,Not tagged
www.avito.ma/fr/maroc/406_taman--à_vendre,No,Not tagged
www.avito.ma/fr/maroc/animation_dj_pour--à_vendre,No,Not tagged
www.avito.ma/fr/maroc/animaux/des_pays--à_vendre,No,Not tagged
www.avito.ma/fr/maroc/appartements/hopital,No,Not tagged
www.avito.ma/fr/maroc/appartements/immeuble_4,No,Not tagged
www.avito.ma/fr/maroc/art_et_collections/sur_de_3--à_vendre,No,Not tagged
www.avito.ma/fr/maroc/b_blaka--à_vendre,No,Not tagged
www.avito.ma/fr/maroc/bureaux_et_plateaux/coin_et--à_vendre,No,Not tagged
www.avito.ma/fr/maroc/cafe_plus--à_vendre,No,Not tagged
www.avito.ma/fr/maroc/camions/ch_6--à_vendre,No,Not tagged
www.avito.ma/fr/maroc/clavier_imac_neuf--à_vendre,No,Not tagged
www.avito.ma/fr/maroc/cocoona--à_vendre,No,Not tagged
www.avito.ma/fr/maroc/conserves--à_vendre,No,Not tagged
www.avito.ma/fr/maroc/course_bianchi--à_vendre,No,Not tagged
www.avito.ma/fr/maroc/crest_3d--à_vendre,No,Not tagged
www.avito.ma/fr/maroc/dazt--à_vendre,No,Not tagged
www.avito.ma/fr/maroc/disque_externe_1--à_vendre,No,Not tagged
www.avito.ma/fr/maroc/ek3--à_vendre,No,Not tagged
www.avito.ma/fr/maroc/fiesta_200--à_vendre,No,Not tagged
www.avito.ma/fr/maroc/franc_france--à_vendre,No,Not tagged
www.avito.ma/fr/maroc/image_et_son/vga_hdmi_3d--à_vendre,No,Not tagged
www.avito.ma/fr/maroc/jeans_taille_38--à_vendre,No,Not tagged
www.avito.ma/fr/maroc/le_kan--à_vendre,No,Not tagged
www.avito.ma/fr/maroc/local_à_louer_mohammedia--à_vendre,No,Not tagged
www.avito.ma/fr/maroc/location_quartier_océan--à_vendre,No,Not tagged
www.avito.ma/fr/maroc/magasins_et_commerces/محل_تجاري_ملك--à_vendre,No,Not tagged
www.avito.ma/fr/maroc/maroc_telecom_internet--à_vendre,No,Not tagged
www.avito.ma/fr/maroc/matériels_professionnels/plastique_prix--à_vendre,No,Not tagged
www.avito.ma/fr/maroc/matériels_professionnels/taman_zwin--à_vendre,No,Not tagged
www.avito.ma/fr/maroc/mbc_moto--à_vendre,No,Not tagged
www.avito.ma/fr/maroc/meubles_et_décoration/equipement--à_vendre,No,Not tagged
www.avito.ma/fr/maroc/meubles_et_décoration/salon_presque_neuf--à_vendre,No,Not tagged
www.avito.ma/fr/maroc/meubles_et_décoration/se_noir--à_vendre,No,Not tagged
www.avito.ma/fr/maroc/meubles_et_décoration/جيد--à_vendre,No,Not tagged
www.avito.ma/fr/maroc/mino--à_vendre,No,Not tagged
www.avito.ma/fr/maroc/motos/filtre_à_pour--à_vendre,No,Not tagged
www.avito.ma/fr/maroc/motos/te_te--à_vendre,No,Not tagged
www.avito.ma/fr/maroc/objectifs_300--à_vendre,No,Not tagged
www.avito.ma/fr/maroc/ordinateurs_bureau/neon--à_vendre,No,Not tagged
www.avito.ma/fr/maroc/panasonic_téléphone_fixe--à_vendre,No,Not tagged
www.avito.ma/fr/maroc/pappa--à_vendre,No,Not tagged
www.avito.ma/fr/maroc/pièces_pour_véhicules--à_vendre,No,Not tagged
www.avito.ma/fr/maroc/radio_cd_opel_astra--à_vendre,No,Not tagged
www.avito.ma/fr/maroc/s_4_active--à_vendre,No,Not tagged
www.avito.ma/fr/maroc/salon_kozina--à_vendre,No,Not tagged
www.avito.ma/fr/maroc/stocks_et_vente_en_gros/casa_grande--à_vendre,No,Not tagged
www.avito.ma/fr/maroc/stocks_et_vente_en_gros/pure_de--à_vendre,No,Not tagged
www.avito.ma/fr/maroc/terrains_et_fermes/moderne--à_vendre,No,Not tagged
www.avito.ma/fr/maroc/véhicules/stunt_moto_mbk--à_vendre,No,Not tagged
www.avito.ma/fr/maroc/yamaha_j--à_vendre,No,Not tagged
www.avito.ma/fr/maroc/في_حالة_جيده--à_vendre,No,Not tagged
www.avito.ma/fr/maroc/نوع_الممتاز--à_vendre,No,Not tagged
www.avito.ma/fr/marrakech/amelkis/equipements_pour_enfant-à_vendre,No,Not tagged
www.avito.ma/fr/marrakech/bab_doukkala/terrains_et_fermes/salon--à_vendre,No,Not tagged
www.avito.ma/fr/marrakech/hay_fath/véhicules_professionnels--à_vendre,No,Not tagged
www.avito.ma/fr/marrakech/machine_aluminium--à_vendre,No,Not tagged
www.avito.ma/fr/marrakech/massira_3/voitures_d'occasion,No,Not tagged
www.avito.ma/fr/massira_1/equipements_pour_enfant_et_bébé/poussette_tres_bon_54143571.htm,No,Not tagged
www.avito.ma/fr/mdiq/appartement_neuf_titré--à_vendre,No,Not tagged
www.avito.ma/fr/mdiq/appartements/Appartement_à_vendre_116_m²_à_Mdiq_52526271.htm,No,Not tagged
www.avito.ma/fr/midelt/instruments_de_musique/mini_de--à_vendre,No,Not tagged
www.avito.ma/fr/mirleft/مطل_على_البحر--à_vendre,No,Not tagged
www.avito.ma/fr/missour/carbone--à_vendre,No,Not tagged
www.avito.ma/fr/médina_de_rabat/electroménager_et_vaisselles/Vendre_chauffe_eau_électrique_54703741.htm,No,Not tagged
www.avito.ma/fr/ouarzazate/meubles/Meubles_et_Décoration_à_Ouarzazate_53118485.htm,No,Not tagged
www.avito.ma/fr/oued_laou/locations_de_vacances/شقة_الكراء__53063071.htm,No,Not tagged
www.avito.ma/fr/oued_laou/sayarat--à_vendre,No,Not tagged
www.avito.ma/fr/oujda/bateaux/vente--à_vendre,No,Not tagged
www.avito.ma/fr/oujda/meubles_et_décoration/riad_oulfa--à_vendre,No,Not tagged
www.avito.ma/fr/oujda/samsung_5_6--à_vendre,No,Not tagged
www.avito.ma/fr/oujda/spor--à_vendre,No,Not tagged
www.avito.ma/fr/oulfa/instruments_de_musique/piano_pour_enfant_53897905.htm,No,Not tagged
www.avito.ma/fr/quartier_des_hôpitaux/appartements/6429_Vente_Appt_à_Casablanca_Les_Hopitaux_de_162_m_54687667.htm,No,Not tagged
www.avito.ma/fr/quartier_des_hôpitaux/smartphone_et_téléphone/iPhone_7_et_IPhone_7_Plus__54582024.htm,No,Not tagged
www.avito.ma/fr/quartier_soufal/autre_matériel_professionel/la_poinçenneuse_manuelle_pour_cuivre_aio10_53785344.htm,No,Not tagged
www.avito.ma/fr/rabat/de_soie--à_vendre,No,Not tagged
www.avito.ma/fr/rabat/hay_riad/jeune_fille--à_vendre,No,Not tagged
www.avito.ma/fr/rabat/jeux_vidéo_et_consoles/soccer--à_vendre,No,Not tagged
www.avito.ma/fr/rabat/mazda_2010--à_vendre,No,Not tagged
www.avito.ma/fr/rabat/meubles_et_décoration/lit_très--à_vendre,No,Not tagged
www.avito.ma/fr/rabat/montres_et_bijoux/ref--à_vendre,No,Not tagged
www.avito.ma/fr/rabat/sony_x1--à_vendre,No,Not tagged
www.avito.ma/fr/route_d'immouzere/voitures_d'occasion/Fiat_500_luxe_54822438.htm,No,Not tagged
www.avito.ma/fr/safi/jnane_colonne_1_et_2/pour_la_maison_et_jardin--à_vendre,No,Not tagged
www.avito.ma/fr/saies/téléphones/iphone_14_pro_max__54631920.htm,No,Not tagged
www.avito.ma/fr/sala_el_jadida/image_&_son/DONGLE_ANYCAST_53199815.htm,No,Not tagged
www.avito.ma/fr/sala_el_jadida/voitures_d'occasion/Nissan_Micra_Diesel_2018_54775502.htm,No,Not tagged
www.avito.ma/fr/semlalia/appartements/Duplex_à_vendre_151_m²_à_Marrakech_51332341.htm,No,Not tagged
www.avito.ma/fr/settat/détecteur_de_metaux--à_vendre,No,Not tagged
www.avito.ma/fr/settat/lg_led_42--à_vendre,No,Not tagged
www.avito.ma/fr/settat/terrins--à_vendre,No,Not tagged
www.avito.ma/fr/sidi_maarouf/equipements_pour_enfant_et_bébé/Berceau_Cododo_Balancelle_3_en_1_54700591.htm,No,Not tagged
www.avito.ma/fr/sidi_maarouf/jeux_vidéo_et_consoles/Bureau_Gamer_Green_LED_lequidation_47118773.htm,No,Not tagged
www.avito.ma/fr/sidi_maarouf/meubles_et_décoration/Deux_placards_pour_cuisine_53827125.htm,No,Not tagged
www.avito.ma/fr/sidi_taibi/produits_de_beaute/domicile_casablanca--à_vendre,No,Not tagged
www.avito.ma/fr/tabriquet/voitures_d'occasion/Mercedes_Benz_Classe_E_220_Diesel_Automatique_2017_54839135.htm,No,Not tagged
www.avito.ma/fr/tanger/badge_mifare--à_vendre,No,Not tagged
www.avito.ma/fr/tanger/ecran_i--à_vendre,No,Not tagged
www.avito.ma/fr/tanger/golf_2_sport--à_vendre,No,Not tagged
www.avito.ma/fr/tanger/grillage_galvanisé_avec--à_vendre,No,Not tagged
www.avito.ma/fr/tanger/hulk--à_vendre,No,Not tagged
www.avito.ma/fr/tanger/instruments_de_musique/8--à_vendre,No,Not tagged
www.avito.ma/fr/tanger/jabra_usb--à_vendre,No,Not tagged
www.avito.ma/fr/tanger/kit_camera_8--à_vendre,No,Not tagged
www.avito.ma/fr/tanger/motospeed--à_vendre,No,Not tagged
www.avito.ma/fr/tanger/panel_a_led--à_vendre,No,Not tagged
www.avito.ma/fr/tanger/pmta--à_vendre,No,Not tagged
www.avito.ma/fr/tanger/pommeau_de_vitesse--à_vendre,No,Not tagged
www.avito.ma/fr/tanger/sony_ecouteurs--à_vendre,No,Not tagged
www.avito.ma/fr/tanger/transat_plage--à_vendre,No,Not tagged
www.avito.ma/fr/tanger/tripod_camera--à_vendre,No,Not tagged
www.avito.ma/fr/tanger/vetements/20_à--à_vendre,No,Not tagged
www.avito.ma/fr/tanger/vetements/magasin--à_vendre,No,Not tagged
www.avito.ma/fr/tanger/watch_series--à_vendre,No,Not tagged
www.avito.ma/fr/tanger/ziaida--à_vendre,No,Not tagged
www.avito.ma/fr/taourirt/autres_matériels_electroniques/datacheure_philips_picopix_ppx4350__55001380.htm,No,Not tagged
www.avito.ma/fr/temara/m_4_étage--à_vendre,No,Not tagged
www.avito.ma/fr/temara/vetements/étiquette_de--à_vendre,No,Not tagged
www.avito.ma/fr/الدار_البيضاء/backpack,No,Not tagged
www.avito.ma/fr/مراكش/route_de_ouarzazate/maisons_et_villas,No,Not tagged
www.avito.ma/ar/2_المسيرة/سيارات_مستعملة/206_plus_essence_2010_54871148.htm,No,Not tagged
www.avito.ma/ar/2_مارس/حيوانات_أليفة/niche_de_chine_54092392.htm,No,Not tagged
www.avito.ma/ar/2_مارس/صوت_وصورة/Denon_pma750_54887140.htm,No,Not tagged
www.avito.ma/ar/أمال/مخزونات_وبيع_بالجملة/mobilier_de_bureau_bureau_de_direction_kz_54734913.htm,No,Not tagged
www.avito.ma/ar/أنفا/سيارات_مستعملة/MEGANE_SEDAN_53243169.htm,No,Not tagged
www.avito.ma/ar/الأندلس/شقق/Appartement_meubles_au_centre_sale_el_Jadida_54646864.htm,No,Not tagged
www.avito.ma/ar/الحسيمة/شقق/شقق_مفروشة_جديد_للكراء_اليومي_في_الحسيمة_53187819.htm,No,Not tagged
www.avito.ma/ar/الدار_البيضاء/rayonnage_pour_archive--للبيع,No,Not tagged
www.avito.ma/ar/الدار_البيضاء/salle_réunion--للبيع,No,Not tagged
www.avito.ma/ar/الدار_البيضاء/zarbia_5--للبيع,No,Not tagged
www.avito.ma/ar/الدار_البيضاء/أجهزة_الإلكترومناجي_والأواني/Four_fagor_52409093.htm,No,Not tagged
www.avito.ma/ar/الدار_البيضاء/سيارات_مستعملة/Dacia_dokker_clima__54796036.htm,No,Not tagged
www.avito.ma/ar/الدار_البيضاء/سيارات_مستعملة/caddy_diesel_neufe_54909747.htm,No,Not tagged
www.avito.ma/ar/الدروة/mafih--للبيع,No,Not tagged
www.avito.ma/ar/الرباط/en_porcelaine--للبيع,No,Not tagged
www.avito.ma/ar/الرباط/oreiller--للبيع,No,Not tagged
www.avito.ma/ar/الرباط/الجلوس--للبيع,No,Not tagged
www.avito.ma/ar/الصويرة/الأثاثـوـالديكور/et_jardin--للبيع,No,Not tagged
www.avito.ma/ar/الصياد/معدات_أخرى/بيع_بجملة_وتقصيط_54035809.htm,No,Not tagged
www.avito.ma/ar/العكاري/كمبيوتر_منزلي/PC_Gamer_HP_Z230_i7__4790_GTX_1050_Ti_54590790.htm,No,Not tagged
www.avito.ma/ar/العيون/chevrolet_cruze_essence--للبيع,No,Not tagged
www.avito.ma/ar/القبيبات/سفر_و_تذاكر/2x_Kylie_Minogue_Mawazine_55120853.htm,No,Not tagged
www.avito.ma/ar/القرية/سيارات_مستعملة/fiat_punto_essence_54877105.htm,No,Not tagged
www.avito.ma/ar/القرية/هواتف/samsung_A40_4_64_53740833.htm,No,Not tagged
www.avito.ma/ar/القنيطرة/مخزوناتـوـبيعـبالجملة/bonnes--للبيع,No,Not tagged
www.avito.ma/ar/الكدية/سيارات_مستعملة/_ولز_ا_ن__ولو_بنزين_يدوي_2014_في_الجديدة_53993122.htm,No,Not tagged
www.avito.ma/ar/المحمدية/برطما_شقة/cabinet_douche,No,Not tagged
www.avito.ma/ar/المعاريف/سيارات_مستعملة/Opel_Crossland_X_Diesel_Manuelle_2019_à_Casablanca_54407713.htm,No,Not tagged
www.avito.ma/ar/المغرب/carte_psn_50--للبيع,No,Not tagged
www.avito.ma/ar/المغرب/chauffeur_femme--للبيع,No,Not tagged
www.avito.ma/ar/المغرب/dirhame--للبيع,No,Not tagged
www.avito.ma/ar/المغرب/dvr_et_camera_de_surveillance--للبيع,No,Not tagged
www.avito.ma/ar/المغرب/mitsubishi_3500--à_vendre,No,Not tagged
www.avito.ma/ar/المغرب/myrtille--للبيع,No,Not tagged
www.avito.ma/ar/المغرب/punto_207--للبيع,No,Not tagged
www.avito.ma/ar/المغرب/sghera--للبيع,No,Not tagged
www.avito.ma/ar/المغرب/voiture_diesl--للبيع,No,Not tagged
www.avito.ma/ar/المغرب/آلةـتصويرـوـكامرا/action_sport--للبيع,No,Not tagged
www.avito.ma/ar/المغرب/أحذيية/الصنع--للبيع,No,Not tagged
www.avito.ma/ar/المغرب/بقعـوـمزارع/finir--للبيع,No,Not tagged
www.avito.ma/ar/المغرب/بقعـوـمزارع/في_مركز--للبيع,No,Not tagged
www.avito.ma/ar/المغرب/خدمات/dentaire--للبيع,No,Not tagged
www.avito.ma/ar/المغرب/شقة_76_متر--للبيع,No,Not tagged
www.avito.ma/ar/المغرب/قطعـالغيارـلوسائلـالنقل/hyundai_100--للبيع,No,Not tagged
www.avito.ma/ar/المغرب/قطعـالغيارـلوسائلـالنقل/لوحة_على--للبيع,No,Not tagged
www.avito.ma/ar/المغرب/كمبيوترـمحمول/hp_intel_pentium--للبيع,No,Not tagged
www.avito.ma/ar/المغرب/ﺍﻵﻼـﺎﻟﺯﺭﺎﻌﻳﺓ/engins--للبيع,No,Not tagged
www.avito.ma/ar/المنطقة_الصناعية_سيدي_غانم/قطع_الغيار_لوسائل_النقل/PARE_CHOC_AVANT_MERCEDES_GLA__53644792.htm,No,Not tagged
www.avito.ma/ar/الوليدية/منازل_للعطلة/Maison_et_Villas_location_de_vacances_à_Oualidia_53187247.htm,No,Not tagged
www.avito.ma/ar/امكانسة/سيارات-للبيع,No,Not tagged
www.avito.ma/ar/بئر_طم_طم/للمهنيين-للبيع,No,Not tagged
www.avito.ma/ar/باهية/الأثاث_والديكور/RAYONNAGE_LEGER__54459800.htm,No,Not tagged
www.avito.ma/ar/بركان/dajaj--للبيع,No,Not tagged
www.avito.ma/ar/بلاد_الجد/معدات_أخرى/آلة_إحداث_الثقوب_المغناطيسية_برؤوس_مختلفة_53685699.htm,No,Not tagged
www.avito.ma/ar/بن_أحمد/حيوانات_أليفة/maison--للبيع,No,Not tagged
www.avito.ma/ar/بن_ديبان/اكسسوارات_الكمبيوتر_والأجهزة/EVGA_RTX_3060_TI_53608252.htm,No,Not tagged
www.avito.ma/ar/بنى_ملال/mercedes_benz_220d--للبيع,No,Not tagged
www.avito.ma/ar/تاركة/الحديقة/projecteur_avec_détecteur_de_mouvement__54403314.htm,No,Not tagged
www.avito.ma/ar/تازة/هواتف_و_هواتف_ذكية/S24_ultra_titanium_gray_54847559.htm,No,Not tagged
www.avito.ma/ar/تامسنا/وسائل_النقل_آخر/prix--للبيع,No,Not tagged
www.avito.ma/ar/تاهلة/دراجات_نارية/gazelle--للبيع,No,Not tagged
www.avito.ma/ar/حي_آخر/حيوانات_أليفة/أنتى_الحسون_قرعة_سنة_ونصف__55044761.htm,No,Not tagged
www.avito.ma/ar/حي_آخر/درجات_نارية/موطور_نقي_مزيان_ديال_دار_يلام_مبريباريمليييح_54224042.htm,No,Not tagged
www.avito.ma/ar/حي_آخر/سيارات_مستعملة/رونو_19_بنزين_يدوي_1990ديوغنة_2000_في_المحمدية_54874699.htm,No,Not tagged
www.avito.ma/ar/حي_البطوار/معدات_المكتب/Tabouret_en_polyuréthane_en_promotion__55135801.htm,No,Not tagged
www.avito.ma/ar/حي_الحسني/معدات_أخرى/présentoir_a_gastro_positif__54614645.htm,No,Not tagged
www.avito.ma/ar/حي_الحسني/معدات_المطاعم_والفنادق/présentoir_a_gastro_positif__55148397.htm,No,Not tagged
www.avito.ma/ar/حي_الفلاح/حيوانات_أليفة/Spitz_nain_Poméranie__54971482.htm,No,Not tagged
www.avito.ma/ar/حي_المحمدي/شقق/شقة_للبيع_بإقامة_الأصيل_الحي_المحمدي__54774162.htm,No,Not tagged
www.avito.ma/ar/حي_حسني/شقق/شقة_للكراء_مجمع_النور_الطابق_الأول__54874694.htm,No,Not tagged
www.avito.ma/ar/حي_داخلة/هواتف/IPHONE_8_NORMAL_53771609.htm,No,Not tagged
www.avito.ma/ar/خريبكة/ألعاب_الفيديو_وأجهزة_تشغيل_أو_كونصولات/ps4_pro_500gb_55132076.htm,No,Not tagged
www.avito.ma/ar/خنيفرة/دكاكين،_محلات_تجارية_ومباني_صناعية/ساروت_للبيع__53451754.htm,No,Not tagged
www.avito.ma/ar/درب_العسكر/معدات_أخرى/CNC_boite_alimentation_____54078680.htm,No,Not tagged
www.avito.ma/ar/درسة/معدات_أخرى/Matériels_Professionnels_à_Tétouan_52723994.htm,No,Not tagged
www.avito.ma/ar/رياض_تولال/الأثاث_والديكور/Table_à_manger_style_louis__53695658.htm,No,Not tagged
www.avito.ma/ar/زاوية_سيدي_الطاهر/cuisines--للبيع,No,Not tagged
www.avito.ma/ar/سبع_عيون/أجهزةـالإلكترومناجيـوـالأواني-للبيع,No,Not tagged
www.avito.ma/ar/سطات/camion_benne--للبيع,No,Not tagged
www.avito.ma/ar/سطات/gemini_et--للبيع,No,Not tagged
www.avito.ma/ar/سطات/renault_21--للبيع,No,Not tagged
www.avito.ma/ar/سلا/دكاكين_محلات_تجارية/pour_tour--للبيع,No,Not tagged
www.avito.ma/ar/سيدي_غانم/الزرابي/Tapis_زربية_54801268.htm,No,Not tagged
www.avito.ma/ar/سيدي_موسى/دراجات/racing_aprilia__53298774.htm,No,Not tagged
www.avito.ma/ar/طنجة/home_cinéma_l--للبيع,No,Not tagged
www.avito.ma/ar/طنجة/moto_honda_varadero_1000--للبيع,No,Not tagged
www.avito.ma/ar/طنجة/هواياتـوـرياضة/exercice--للبيع,No,Not tagged
www.avito.ma/ar/عين_السبع/الحديقة_و_أدوات_بريكولاج/Vases_de_plantes_en_fer_forgé____49720251.htm,No,Not tagged
www.avito.ma/ar/عين_الشق/آخر/سكنى_صغيرة_48م_للكراء_حي_مولاي_عبد_الله_54201524.htm,No,Not tagged
www.avito.ma/ar/عين_الشق/دكاكين،_محلات_تجارية_ومباني_صناعية/magasin_en_location_140m2_sur_boulevard_smara_54249888.htm,No,Not tagged
www.avito.ma/ar/عين_الشق/معدات_أخرى/tableau_et_chevalier__53625157.htm,No,Not tagged
www.avito.ma/ar/فاس/تجهيزات_للأطفال_والرضع_أخرى/nike_orijnal_52924680.htm,No,Not tagged
www.avito.ma/ar/فاس/دراجات_نارية/moto_mbk_swing--للبيع,No,Not tagged
www.avito.ma/ar/كابو_نيكرو/منازل_للعطلة/POUR_VOS_VACANCES___Bel_Appartement_à_louer_55111751.htm,No,Not tagged
www.avito.ma/ar/كالفورنيا/سيارات_مستعملة/mini_cooper_52801940.htm,No,Not tagged
www.avito.ma/ar/كلميم/معدات_أخرى/Gondole_Double_Crème_AK_54618044.htm,No,Not tagged
www.avito.ma/ar/كلميم/منزل_متر,No,Not tagged
www.avito.ma/ar/كليز/اكسسوارات_الكمبيوتر_والأجهزة/V33_Micro_GSM_espion_53188534.htm,No,Not tagged
www.avito.ma/ar/كويلمة/بقع_و_مزارع_للكراء/TERRAIN_A_VENDRE__53856399.htm,No,Not tagged
www.avito.ma/ar/مراكش/caisse_tactile--للبيع,No,Not tagged
www.avito.ma/ar/مراكش/disque_dur_ps3--للبيع,No,Not tagged
www.avito.ma/ar/مراكش/برطما_شقة/maison_d,No,Not tagged
www.avito.ma/ar/مراكش/وسائل_النقل/citroen_berlingo_diesel--للبيع,No,Not tagged
www.avito.ma/ar/مكناس/للدارـالمنزلـوـالحديقة/réfrigérateur_siera--للبيع,No,Not tagged
www.avito.ma/ar/ميحتى/أجهزة_الإلكترومناجي_والأواني/Chauffe_eau_électrique_BOSCH_54880069.htm,No,Not tagged
www.avito.ma/ar/ميدلت/traveler,No,Not tagged
www.avito.ma/ar/ميسور/peugeot_405_turbo--للبيع,No,Not tagged
www.avito.ma/ar/نجد/سيارات_مستعملة/Voitures_d_occasion_à_El_Jadida_52849068.htm,No,Not tagged
www.avito.ma/ar/واد_زم/أحذيية/je_me_en--للبيع,No,Not tagged
www.avito.ma/ar/واد_لاو/الأثاثـوـالديكور/lit_coiffeuse--للبيع,No,Not tagged
www.avito.ma/ar/وازان/xbox_one_neuf--للبيع,No,Not tagged
www.avito.ma/ar/وسط_المدينة/أجهزة_الإلكترومناجي_والأواني/Réfrigérateur__54852431.htm,No,Not tagged
www.avito.ma/ar/وسط_المدينة/صوت_وصورة/Airpods_Pro__1st_generation__54319662.htm,No,Not tagged
www.avito.ma/ar/وسط_المدينة/قطع_الغيار_لوسائل_النقل/Compact_st_AGV_matt_black_L_et_Pinlock_54816433.htm,No,Not tagged
www.avito.ma/ar/وسط_المدينة/معدات_أخرى/pneu_neuf_hiver__été__53989752.htm,No,Not tagged
www.avito.ma/ar/وسط_المدينة/هواتف/Samsung_Galaxy_A20e_54604063.htm,No,Not tagged
www.avito.ma/ar/يعقوب_المنصور/الأثاث_والديكور/Lit_moderne_1p_de_chambre____40166667.htm,No,Not tagged
www.avito.ma/ar/يعقوب_المنصور/معدات_البناء/شينيور_جديد_55032210.htm,No,Not tagged
www.avito.ma/auto/neuf/dacia/duster/1.5-dci-85-laureate-4x2/,No,Not tagged
www.avito.ma/auto/neuf/ford/ranger/2.2-tdci-150-double-cabine-xlt-bva/,No,Not tagged
www.avito.ma/auto/neuf/peugeot/308/2.0-hdi-150-féline/,No,Not tagged
www.avito.ma/fr/2_mars/art_et_collections/plateau_de_collection__54805119.htm,No,Not tagged
www.avito.ma/fr/abbou_lakhal/enchères_publiques_immobilier-à_vendre,No,Not tagged
www.avito.ma/fr/agadir/8gb_nvidia_gt--à_vendre,No,Not tagged
www.avito.ma/fr/agadir/deux_manettes--à_vendre,No,Not tagged
www.avito.ma/fr/agadir/lot_des_r--à_vendre,No,Not tagged
www.avito.ma/fr/agadir/poussette_pour_bebe--à_vendre,No,Not tagged
www.avito.ma/fr/agadir/produits_de_beaute/protéine--à_vendre,No,Not tagged
www.avito.ma/fr/agdal/matériels_professionnels/chaise_bureau_très_confortable__ma_a_agdal_54571909.htm,No,Not tagged
www.avito.ma/fr/agdal/matériels_professionnels/chaises_pour_salle_d_attente_54730146.htm,No,Not tagged
www.avito.ma/fr/agdal/tablettes/E_book_Kobo_Clara_HD__54723846.htm,No,Not tagged
www.avito.ma/fr/ain_atig/matériels_professionnels/Comptoir_Local_R__0281_53207947.htm,No,Not tagged
www.avito.ma/fr/ain_bida/matériels_professionnels/Matériels_Professionnels_à_Ain_Bida_53099638.htm,No,Not tagged
www.avito.ma/fr/ain_sebaa/bureaux_et_plateaux/Bureau_70_m²_à_la_Rte_Côtière_Ain_Sebaa_54748529.htm,No,Not tagged
www.avito.ma/fr/al_azhar/matériels_professionnels/Pupitre_Scolaire_Deux_Placesmm_À_A_All_Azhar_54821737.htm,No,Not tagged
www.avito.ma/fr/al_hociema/appartement_à_marina--à_vendre,No,Not tagged
www.avito.ma/fr/anfa/matériels_professionnels/rayonnages___Gondole_double_demi_cerclle___54654064.htm,No,Not tagged
www.avito.ma/fr/anfa/téléphones/sams7ng_A14_128gb_et_4gb_ram_54139653.htm,No,Not tagged
www.avito.ma/fr/autre_secteur/appareils_photo_et_caméras/Micro_espion_GSM_professionnel__54710265.htm,No,Not tagged
www.avito.ma/fr/autre_secteur/autre_matériel_professionel/Disque_meuleuse_métal__inox_54063861.htm,No,Not tagged
www.avito.ma/fr/autre_secteur/autre_matériel_professionel/RAYONNAGE_SUPERMARCHE___LES_ÉTAGÈRES___IR_52906562.htm,No,Not tagged
www.avito.ma/fr/autre_secteur/autre_matériel_professionel/Toutes_vos_rayonnages_murales__et_double_face__53216194.htm,No,Not tagged
www.avito.ma/fr/autre_secteur/electroménager_et_vaisselles/Blender_mixeur_en_verre__54742590.htm,No,Not tagged
www.avito.ma/fr/autre_secteur/matériels_professionnels/Chaise_ISO_offre_spéciale__790K__54731693.htm,No,Not tagged
www.avito.ma/fr/autre_secteur/meubles_et_décoration/Paravent_5_Volets_Earth_Ii__Àà_Kénitraa_Jjypr_54743291.htm,No,Not tagged
www.avito.ma/fr/azilal/magasins_et_commerces/garage_a--à_vendre,No,Not tagged
www.avito.ma/fr/aïn_borja/matériels_professionnels/les_bureaux_de_fabrication_local_54129210.htm,No,Not tagged
www.avito.ma/fr/aïn_chock/appartements/_للبيع_شقة___شارع_القدس_في_عين_الشق_الدارالبيضاء_54764272.htm,No,Not tagged
www.avito.ma/fr/ben_m'sick/vêtements/Calçon_Levi_s_XL_original_lot_de_3_53329003.htm,No,Not tagged
www.avito.ma/fr/benslimane/autres--demandes,No,Not tagged
www.avito.ma/fr/bni_khloug/140_m2_maarif--à_vendre,No,Not tagged
www.avito.ma/fr/bourgogne/appartements/studio_à_louer_bd_zirawi_54853013.htm,No,Not tagged
www.avito.ma/fr/boustane/terrains_et_fermes_à_louer/Terrain_commercial__54619390.htm,No,Not tagged
www.avito.ma/fr/bouznika/mercedes_220--demandes,No,Not tagged
www.avito.ma/fr/bouznika/tablette--à_vendre,No,Not tagged
www.avito.ma/fr/béni_mellal/autre_matériel_professionel/آلة_خياطة_يدوية_جيدة_53383949.htm,No,Not tagged
www.avito.ma/fr/béni_mellal/massira_2/chaussures-à_vendre,No,Not tagged
www.avito.ma/fr/béni_mellal/matériels_professionnels/BUREAU__À_BÉNII_MELLALL_54637989.htm,No,Not tagged
www.avito.ma/fr/béni_mellal/produits_de_beauté/كريمات_اصلية_53747145.htm,No,Not tagged
www.avito.ma/fr/casablanca/ain_chock/vetements/a--à_vendre,No,Not tagged
www.avito.ma/fr/casablanca/appartements/pc,No,Not tagged
www.avito.ma/fr/casablanca/camions/camion_canter_mitsubishi--à_vendre,No,Not tagged
www.avito.ma/fr/casablanca/hadou--à_vendre,No,Not tagged
www.avito.ma/fr/casablanca/la_gironde/chaussures/...et...--à_vendre,No,Not tagged
www.avito.ma/fr/casablanca/matériels_professionnels/salon_coiffure_pour--à_vendre,No,Not tagged
www.avito.ma/fr/casablanca/meubles_et_décoration/2£--à_vendre,No,Not tagged
www.avito.ma/fr/casablanca/meubles_et_décoration/plateau_artisanale__52789225.htm,No,Not tagged
www.avito.ma/fr/casablanca/mini_dvr_camera--à_vendre,No,Not tagged
www.avito.ma/fr/casablanca/motos/derbi--à_vendre,No,Not tagged
www.avito.ma/fr/casablanca/sidi_maarouf/bureaux_et_plateaux/bureau--à_vendre,No,Not tagged
www.avito.ma/fr/casablanca/sports_et_loisirs/godas--à_vendre,No,Not tagged
www.avito.ma/fr/centre_ville/chambre/Berceau_Cododo_mon_bébé__54883176.htm,No,Not tagged
www.avito.ma/fr/centre_ville/jeux_vidéo_et_consoles/ps4_plus_jeux_54693082.htm,No,Not tagged
www.avito.ma/fr/centre_ville/meubles/8لوح_و_30طاجيرات_دزاج_10_54788461.htm,No,Not tagged
www.avito.ma/fr/centre_ville/ordinateurs_portables/Miscrosoft_surface4_laptop__54341702.htm,No,Not tagged
www.avito.ma/fr/chichaoua/motos/je_mets_en--à_vendre,No,Not tagged
www.avito.ma/fr/derb_belmekki/matériel_de_bureau/Matériels_Professionnels_à_Temara_53072717.htm,No,Not tagged
www.avito.ma/fr/derb_ghallef/terrains_et_fermes/Magnanime_Terrain_A6_chouka_54834701.htm,No,Not tagged
www.avito.ma/fr/deroua/motos/moteur_103--à_vendre,No,Not tagged
www.avito.ma/fr/dersa/autre_matériel_professionel/a_fibbbber_lasssser_a_1kw_54110993.htm,No,Not tagged
www.avito.ma/fr/du_golf/appartements/شقة_54856539.htm,No,Not tagged
www.avito.ma/fr/el_jadida/maison_1_étage--à_vendre,No,Not tagged
www.avito.ma/fr/el_ksiba/toppik--à_vendre,No,Not tagged
www.avito.ma/fr/el_matar/stocks_et_vente_en_gros/زيت_الزيتون_حرة_شيظمية_Huile_d_olive__54048198.htm,No,Not tagged
www.avito.ma/fr/errahma/gaming/TV_box_Android_mecool_km9__53675050.htm,No,Not tagged
www.avito.ma/fr/errahma/petit_electroménager/عصارة_الليمون__55085999.htm,No,Not tagged
www.avito.ma/fr/essaouira_el_jadida/equipements_pour_enfant_et_bébé/Equipement_pour_Bébé_et_Enfant_à_Essaouira_52885460.htm,No,Not tagged
www.avito.ma/fr/fquih_ben_saleh/animaux/صغير_للبيع--à_vendre,No,Not tagged
www.avito.ma/fr/fès/femme_de_menage--à_vendre,No,Not tagged
www.avito.ma/fr/guelmim/voitures/hyundai_accent_2016--à_vendre,No,Not tagged
www.avito.ma/fr/guéliz/locations_de_vacances/Grande_Appartement_magnifique_gueliz_Y_055_54507315.htm,No,Not tagged
www.avito.ma/fr/hay_al_falah/voitures_d'occasion/golf_6_tout_options__54772973.htm,No,Not tagged
www.avito.ma/fr/hay_albaraka/téléphones/téléphone__54220488.htm,No,Not tagged
www.avito.ma/fr/hay_el_qods/jeux_vidéo_et_consoles/Nintendo_switch__54892957.htm,No,Not tagged
www.avito.ma/fr/hay_hassani/matériels_professionnels/présentoir_importe_positif__54803858.htm,No,Not tagged
www.avito.ma/fr/hay_salam/sacs_et_accessoires/sac_Lancel_flirt_rouge_54760559.htm,No,Not tagged
www.avito.ma/fr/kattara/peugeot_206--à_vendre,No,Not tagged
www.avito.ma/fr/khouribga/voitures_d'occasion/toyota_corolla_53122765.htm,No,Not tagged
www.avito.ma/fr/ksar_el-kebir/emploi_et_services--à_vendre,No,Not tagged
www.avito.ma/fr/laarassi/matériel_de_bureau/_Ensemble_de_bureau_54351538.htm,No,Not tagged
www.avito.ma/fr/laâyoune/animaux/des--à_vendre,No,Not tagged
www.avito.ma/fr/lkheng/bikop,No,Not tagged
www.avito.ma/fr/maroc/935--à_vendre,No,Not tagged
www.avito.ma/fr/maroc/accent_2_sim--à_vendre,No,Not tagged
www.avito.ma/fr/maroc/agricole_ferme--à_vendre,No,Not tagged
www.avito.ma/fr/maroc/appartements/luigi,No,Not tagged
www.avito.ma/fr/maroc/argents--à_vendre,No,Not tagged
www.avito.ma/fr/maroc/bureaux_et_plateaux/location_durée--à_vendre,No,Not tagged
www.avito.ma/fr/maroc/camions/cdi--à_vendre,No,Not tagged
www.avito.ma/fr/maroc/camions/en_vitre--à_vendre,No,Not tagged
www.avito.ma/fr/maroc/cdj_pioneer_800--à_vendre,No,Not tagged
www.avito.ma/fr/maroc/chemise_carton--à_vendre,No,Not tagged
www.avito.ma/fr/maroc/colocations/chambre_douche,No,Not tagged
www.avito.ma/fr/maroc/de_183--à_vendre,No,Not tagged
www.avito.ma/fr/maroc/dell_xps_bureau--à_vendre,No,Not tagged
www.avito.ma/fr/maroc/electorménager_et_vaisselle/gac--à_vendre,No,Not tagged
www.avito.ma/fr/maroc/entreprises/15_série--à_vendre,No,Not tagged
www.avito.ma/fr/maroc/equipements_pour_enfant/pr_les--à_vendre,No,Not tagged
www.avito.ma/fr/maroc/fassi_en_de--à_vendre,No,Not tagged
www.avito.ma/fr/maroc/h__notebook_15--à_vendre,No,Not tagged
www.avito.ma/fr/maroc/immobilier/ilyas,No,Not tagged
www.avito.ma/fr/maroc/jardin_et_outils_de_bricolage/vente_casablanca--à_vendre,No,Not tagged
www.avito.ma/fr/maroc/jeux_vidéo_et_consoles/ultras_slim--à_vendre,No,Not tagged
www.avito.ma/fr/maroc/machine_decoupe_laser_occasion--à_vendre,No,Not tagged
www.avito.ma/fr/maroc/maison_de_112--à_vendre,No,Not tagged
www.avito.ma/fr/maroc/matériels_professionnels/50_mètre--à_vendre,No,Not tagged
www.avito.ma/fr/maroc/matériels_professionnels/table_pour_cafe--à_vendre,No,Not tagged
www.avito.ma/fr/maroc/matériels_professionnels/vendre_restaurant--à_vendre,No,Not tagged
www.avito.ma/fr/maroc/meubles_et_décoration/4_4_en--à_vendre,No,Not tagged
www.avito.ma/fr/maroc/meubles_et_décoration/lit_s--à_vendre,No,Not tagged
www.avito.ma/fr/maroc/mini_4k--à_vendre,No,Not tagged
www.avito.ma/fr/maroc/montres_et_bijoux/mtp--à_vendre,No,Not tagged
www.avito.ma/fr/maroc/motos/de_noir--à_vendre,No,Not tagged
www.avito.ma/fr/maroc/mousse_son--à_vendre,No,Not tagged
www.avito.ma/fr/maroc/ordinateurs_portables/clavier_pc_portable_hp--à_vendre,No,Not tagged
www.avito.ma/fr/maroc/ordinateurs_portables/swift--à_vendre,No,Not tagged
www.avito.ma/fr/maroc/perforateur_pour_des--à_vendre,No,Not tagged
www.avito.ma/fr/maroc/short_dans--à_vendre,No,Not tagged
www.avito.ma/fr/maroc/solaire_usb--à_vendre,No,Not tagged
www.avito.ma/fr/maroc/terrains_et_fermes/face_de_gare--à_vendre,No,Not tagged
www.avito.ma/fr/maroc/téléphones/samsung_garantie--à_vendre,No,Not tagged
www.avito.ma/fr/maroc/véhicules/boite_de_vitesse_ford_fiesta--à_vendre,No,Not tagged
www.avito.ma/fr/maroc/vélos/gt_prix--à_vendre,No,Not tagged
www.avito.ma/fr/maroc/vélos_elliptiques--à_vendre,No,Not tagged
www.avito.ma/fr/maroc/wolfenstein--à_vendre,No,Not tagged
www.avito.ma/fr/maroc/électrique_et_enrouleur--à_vendre,No,Not tagged
www.avito.ma/fr/maroc/الطازج--à_vendre,No,Not tagged
www.avito.ma/fr/maroc/شقة_بسلا_الجديدة--à_vendre,No,Not tagged
www.avito.ma/fr/marrakech/accessoires_informatique_et_gadgets/jeux_ps4_et--à_vendre,No,Not tagged
www.avito.ma/fr/marrakech/appartements/شقة_متر,No,Not tagged
www.avito.ma/fr/marrakech/colocations/location_appartement,No,Not tagged
www.avito.ma/fr/marrakech/oued_ourika/maisons,No,Not tagged
www.avito.ma/fr/marrakech/pièces_d_occasion--à_vendre,No,Not tagged
www.avito.ma/fr/mechouar_fes_jdid/magnetoscope--à_vendre,No,Not tagged
www.avito.ma/fr/midelt/remorque_a--à_vendre,No,Not tagged
www.avito.ma/fr/midelt/بقعة_للبيع--à_vendre,No,Not tagged
www.avito.ma/fr/missour/matériels_professionnels/rabat--à_vendre,No,Not tagged
www.avito.ma/fr/mohammedia/led_afficheur--à_vendre,No,Not tagged
www.avito.ma/fr/mohammedia/pièces_et_accessoires_véhicules/opel_corsa--à_vendre,No,Not tagged
www.avito.ma/fr/mqam_tobla/meubles_et_décoration-à_vendre,No,Not tagged
www.avito.ma/fr/nador/golf_5_r32--à_vendre,No,Not tagged
www.avito.ma/fr/nador/mercedes_clk_200,No,Not tagged
www.avito.ma/fr/nador/tizighine/سيارات_مستعملة-à_vendre,No,Not tagged
www.avito.ma/fr/oualidia/magasins_et_commerces-demandes,No,Not tagged
www.avito.ma/fr/ouarzazate/accessoires_informatique_et_gadgets/photocopieuse--à_vendre,No,Not tagged
www.avito.ma/fr/oujda/lampes_led--à_vendre,No,Not tagged
www.avito.ma/fr/oulfa/animaux/Chat_Persian__54142003.htm,No,Not tagged
www.avito.ma/fr/rabat/aakkari/terrains_et_fermes/متر_منزل--à_vendre,No,Not tagged
www.avito.ma/fr/rabat/gonflables--à_vendre,No,Not tagged
www.avito.ma/fr/riad_isli/matériels_professionnels/réfrigérateur_54753842.htm,No,Not tagged
www.avito.ma/fr/rommani/téléphones/Xiaomi_redmi_9A_54855122.htm,No,Not tagged
www.avito.ma/fr/route_de_ceuta/accessoires_informatique_et_gadgets/Rapoo_E9050G_Multi_Ultra_slim_Keyboard_54972996.htm,No,Not tagged
www.avito.ma/fr/route_de_sefrou/appartements/Appartement_à_vendre_93_m²_à_Fès_52805437.htm,No,Not tagged
www.avito.ma/fr/route_de_tamansourt/terrains_et_fermes_à_louer/Terrains_à_vendre_à_Marrakech_53288864.htm,No,Not tagged
www.avito.ma/fr/saada/sacs_et_accessoires/مولاي_عبد_الله_إقليم_الجديدة__54641951.htm,No,Not tagged
www.avito.ma/fr/safir/sacs_et_accessoires/حقيبة_ذكية_54844409.htm,No,Not tagged
www.avito.ma/fr/sale/hay_rahma/autres_accessoires_de_mode-à_vendre,No,Not tagged
www.avito.ma/fr/salé/à_vendre,No,Not tagged
www.avito.ma/fr/settat/hay_mabrouka/stocks_et_vente_en_gros-à_vendre,No,Not tagged
www.avito.ma/fr/settat/ssd_samsung_256gb--à_vendre,No,Not tagged
www.avito.ma/fr/sidi_bernoussi/appartements/Appartement_à_louer_70_m²_à_Casablanca_54740332.htm,No,Not tagged
www.avito.ma/fr/sidi_maarouf/téléphones/IPhone_12_normal_graad_À_état_88___92__jémla_54749637.htm,No,Not tagged
www.avito.ma/fr/sidi_moumen/ordinateurs_portables/Dell_Professionnel_Ram_4_disc_750_Go__53656534.htm,No,Not tagged
www.avito.ma/fr/talborjt/meubles_et_décoration/PLACARDE_DRESSING__54742872.htm,No,Not tagged
www.avito.ma/fr/tan-Tan/immobilier/four_pour,No,Not tagged
www.avito.ma/fr/tanger/100_diesel--à_vendre,No,Not tagged
www.avito.ma/fr/tanger/a_bab_sebta--à_vendre,No,Not tagged
www.avito.ma/fr/tanger/appartement_40_m2--à_vendre,No,Not tagged
www.avito.ma/fr/tanger/boi--à_vendre,No,Not tagged
www.avito.ma/fr/tanger/gauthier/meubles_et_décoration-à_vendre,No,Not tagged
www.avito.ma/fr/tanger/godasse_pointure--à_vendre,No,Not tagged
www.avito.ma/fr/tanger/lampe_2--à_vendre,No,Not tagged
www.avito.ma/fr/tanger/m2_avec_ascenseur,No,Not tagged
www.avito.ma/fr/tanger/machine_de_sablage--à_vendre,No,Not tagged
www.avito.ma/fr/tanger/medion_erazer--à_vendre,No,Not tagged
www.avito.ma/fr/tanger/nikon_d7000--à_vendre,No,Not tagged
www.avito.ma/fr/tanger/ordinateurs_portables/pc_hp__53111385.htm,No,Not tagged
www.avito.ma/fr/tanger/pc_fix_ram--à_vendre,No,Not tagged
www.avito.ma/fr/tanger/ram_2g--à_vendre,No,Not tagged
www.avito.ma/fr/tanger/ram_3.33_ghz--à_vendre,No,Not tagged
www.avito.ma/fr/tanger/résidence_oualidia--à_vendre,No,Not tagged
www.avito.ma/fr/tanger/santa/meubles-à_vendre,No,Not tagged
www.avito.ma/fr/tanger/tier--à_vendre,No,Not tagged
www.avito.ma/fr/tanger/vetements/caftan_a--à_vendre,No,Not tagged
www.avito.ma/fr/temara/appareils_photo_cameras/écran_hd--à_vendre,No,Not tagged
www.avito.ma/fr/tifarouine/peugeot_scooter--à_vendre,No,Not tagged
www.avito.ma/fr/tétouan/saada/à_vendre,No,Not tagged
www.avito.ma/fr/tétouan/safir/voitures,No,Not tagged
www.avito.ma/fr/youssoufia/stocks_et_vente_en_gros/شجر_الزيتون_للبيع__54441622.htm,No,Not tagged
www.avito.ma/fr/ziana/accessoires_informatique_et_gadgets/Apple_Pencil_1r_Generation_Pour_iPad_iOS_Siri_54740084.htm,No,Not tagged
www.avito.ma/fr/zone_industrielle/matériels_professionnels/CHAISE_PRESIDENT_LA_MARQUE_XENUIM__BLEU__OCCASION__53390963.htm,No,Not tagged
www.avito.ma/fr/zone_industrielle_moulay_rachid/voitures_d'occasion/Volkswagen_Golf_6_Diesel_Automatique_2011_54967210.htm,No,Not tagged
www.avito.ma/sp/misc/m2-sata,No,Not tagged
www.avito.ma/ar/أكدال/سفر_و_تذاكر/4tickets_tgv_rabat_to_tanger_53317586.htm,No,Not tagged
www.avito.ma/ar/أكدال/شقق/Appartement_à_vendre_à_Agdal_54616938.htm,No,Not tagged
www.avito.ma/ar/أولاد_طيب/دكاكين،_محلات_تجارية_ومباني_صناعية/Local_à_vendre_à_Fès_52723278.htm,No,Not tagged
www.avito.ma/ar/ازلا/أجهزةـالإلكترومناجيـوـالأواني-للبيع,No,Not tagged
www.avito.ma/ar/اسفي/hp_laserjet_m--للبيع,No,Not tagged
www.avito.ma/ar/افرني/حسان/الأثاثـوـالديكور-للبيع,No,Not tagged
www.avito.ma/ar/اكدال_العالي/معدات_مهنية/the_co2_cnc_laser_i389_54078901.htm,No,Not tagged
www.avito.ma/ar/الجديدة/d_avion--للبيع,No,Not tagged
www.avito.ma/ar/الجديدة/pour_les_gens--للبيع,No,Not tagged
www.avito.ma/ar/الجديدة/برطما_شقة/appartement_hay_essalam,No,Not tagged
www.avito.ma/ar/الخميسات/سيارات_مستعملة/Voitures_d_occasion_à_Khemisset_53232916.htm,No,Not tagged
www.avito.ma/ar/الدار_البيضاء/18_break--للبيع,No,Not tagged
www.avito.ma/ar/الدار_البيضاء/appartements_mhamid--للبيع,No,Not tagged
www.avito.ma/ar/الدار_البيضاء/braha_marhba--للبيع,No,Not tagged
www.avito.ma/ar/الدار_البيضاء/fuso,No,Not tagged
www.avito.ma/ar/الدار_البيضاء/griage--للبيع,No,Not tagged
www.avito.ma/ar/الدار_البيضاء/italika--للبيع,No,Not tagged
www.avito.ma/ar/الدار_البيضاء/المرس--للبيع,No,Not tagged
www.avito.ma/ar/الدار_البيضاء/برطما_شقة/de_12000_m2,No,Not tagged
www.avito.ma/ar/الدار_البيضاء/حقائب_وأكسسوارات/Sac_Chanel_Cabas_de_luxe_en_Vrai_Cuir__52611994.htm,No,Not tagged
www.avito.ma/ar/الدار_البيضاء/سيارات/et_90--للبيع,No,Not tagged
www.avito.ma/ar/الدار_البيضاء/صوت_وصورة/pro_original--للبيع,No,Not tagged
www.avito.ma/ar/الدار_البيضاء/عقار/samsar,No,Not tagged
www.avito.ma/ar/الدار_البيضاء/هواتف/realme__53047746.htm,No,Not tagged
www.avito.ma/ar/الرباط/بقعـوـمزارع/tadla--للبيع,No,Not tagged
www.avito.ma/ar/الزموري/تلفزيون/tv_thomson_19__55135860.htm,No,Not tagged
www.avito.ma/ar/العرائش/سيارات_مستعملة/Peugeot_206_plus_53251407.htm,No,Not tagged
www.avito.ma/ar/الفداء/معدات_أخرى/Commande_autoradio_FORD_FIESTA__54610500.htm,No,Not tagged
www.avito.ma/ar/القنيطرة/بام/حقائبـوـأكسسوارات-للبيع,No,Not tagged
www.avito.ma/ar/المحمدية/vente_tissu--للبيع,No,Not tagged
www.avito.ma/ar/المحمدية/كمبيوترـمنزلي/clavier_5--للبيع,No,Not tagged
www.avito.ma/ar/المسيرة_3/ألعاب_الفيديو_وأجهزة_تشغيل_أو_كونصولات/Figurine_Vegeta_Super_Saiyan_4_Xeno___Banpresto_54810544.htm,No,Not tagged
www.avito.ma/ar/المغرب/700_jdida--للبيع,No,Not tagged
www.avito.ma/ar/المغرب/argon--للبيع,No,Not tagged
www.avito.ma/ar/المغرب/berger_royal--للبيع,No,Not tagged
www.avito.ma/ar/المغرب/bois_masif--للبيع,No,Not tagged
www.avito.ma/ar/المغرب/bétonnière_bon_état--للبيع,No,Not tagged
www.avito.ma/ar/المغرب/casa_motor_sh--للبيع,No,Not tagged
www.avito.ma/ar/المغرب/commercial_market_place--للبيع,No,Not tagged
www.avito.ma/ar/المغرب/diagnostic_vw--للبيع,No,Not tagged
www.avito.ma/ar/المغرب/dirham_cravate--للبيع,No,Not tagged
www.avito.ma/ar/المغرب/ford_transit_maradona--à_vendre,No,Not tagged
www.avito.ma/ar/المغرب/hangar_casablanca--للبيع,No,Not tagged
www.avito.ma/ar/المغرب/honda_civic_2--للبيع,No,Not tagged
www.avito.ma/ar/المغرب/lwalida--للبيع,No,Not tagged
www.avito.ma/ar/المغرب/mitsubishi_outlander_diesel--للبيع,No,Not tagged
www.avito.ma/ar/المغرب/swatch_irony_steel--للبيع,No,Not tagged
www.avito.ma/ar/المغرب/tapis_turque_beige--للبيع,No,Not tagged
www.avito.ma/ar/المغرب/tv_philips_50--للبيع,No,Not tagged
www.avito.ma/ar/المغرب/velo_street--للبيع,No,Not tagged
www.avito.ma/ar/المغرب/à_louer_ben--للبيع,No,Not tagged
www.avito.ma/ar/المغرب/الأثاثـوـالديكور/منزلي_للبيع--للبيع,No,Not tagged
www.avito.ma/ar/المغرب/برطما_شقة/3500,No,Not tagged
www.avito.ma/ar/المغرب/برطما_شقة/de_super_5,No,Not tagged
www.avito.ma/ar/المغرب/دراجات_نارية/suis_a--للبيع,No,Not tagged
www.avito.ma/ar/المغرب/شاحنات/la_votre--للبيع,No,Not tagged
www.avito.ma/ar/المغرب/مخزوناتـوـبيعـبالجملة/سلعة_الجملة--للبيع,No,Not tagged
www.avito.ma/ar/المغرب/ملبس/سلعة_و--للبيع,No,Not tagged
www.avito.ma/ar/النهضة/معدات_مهنية/تجهيزات_مدرسية_مميزة_لبيئة_تعليمية_متفوقة_53565728.htm,No,Not tagged
www.avito.ma/ar/الوفاق/سيارات_مستعملة/Volkswagen_jetta__53753193.htm,No,Not tagged
www.avito.ma/ar/الولفة/كمبيوتر_محمول/Asus_tuf_Dash_i7_11th_RTX_3070_144Hz__neuf__53273317.htm,No,Not tagged
www.avito.ma/ar/ايترر/تجارةـوـأعمالـتجارية,No,Not tagged
www.avito.ma/ar/باب_سبتة/ألعاب_الفيديو_وأجهزة_تشغيل_أو_كونصولات/game_pad_controller_wirless_54073412.htm,No,Not tagged
www.avito.ma/ar/بالميي/شقق/Appartement_à_louer_62_m²_à_Casablanca_55113942.htm,No,Not tagged
www.avito.ma/ar/بركان/مخزوناتـوـبيعـبالجملة/vente_pour--للبيع,No,Not tagged
www.avito.ma/ar/بلفدير/شقق/Appartement_de_standing_à_vendre_à_belvédère_54499494.htm,No,Not tagged
www.avito.ma/ar/بلفدير/معدات_مهنية/Machine_de_decoupe_Flex_et_vinyle_JINKA_72cm_54825065.htm,No,Not tagged
www.avito.ma/ar/بورنازيل/حيوانات_أليفة/Chien__53251177.htm,No,Not tagged
www.avito.ma/ar/بير_الرامي/الديكور/Paravent_3_Volets_Phares_BMW_55113741.htm,No,Not tagged
www.avito.ma/ar/تازة/اكسسواراتـالكمبيوترـوـالأجهزة/nf--للبيع,No,Not tagged
www.avito.ma/ar/تازة/سيارات_مستعملة/Fiat_Palio_54380825.htm,No,Not tagged
www.avito.ma/ar/تامسنا/et_villa_a--للبيع,No,Not tagged
www.avito.ma/ar/تطوان/تجارةـوـأعمالـتجارية/pour_les_et--للبيع,No,Not tagged
www.avito.ma/ar/تمسمان/mitsubishi_fk--للبيع,No,Not tagged
www.avito.ma/ar/تنغير/سيارات_مستعملة/R19_1994_deounat_2008_53248157.htm,No,Not tagged
www.avito.ma/ar/تنمية/عاملة_نظافة،_مربية_أو_سائق/assistante_maternelle_53491649.htm,No,Not tagged
www.avito.ma/ar/جرادة/roland_e--للبيع,No,Not tagged
www.avito.ma/ar/جريفات/كمبيوتر_محمول/Asus_Rog_strix_2022_Amd_Ryzen_9_6900HX_52842932.htm,No,Not tagged
www.avito.ma/ar/حـي_الشاطئ/شقق/partma_l_kra_yawmi_53491316.htm,No,Not tagged
www.avito.ma/ar/حي_آخر/أحذية/chaussure_kappa_de_sport_confortable_neuf____51936143.htm,No,Not tagged
www.avito.ma/ar/حي_آخر/ألعاب_الفيديو_وأجهزة_تشغيل_أو_كونصولات/Moniteur_Samsung_Odyssey_G5_34_C34G55T_54195536.htm,No,Not tagged
www.avito.ma/ar/حي_آخر/اكسسوارات_الكمبيوتر_والأجهزة/SEA_01_Multiprise_avec_micro_caméra_cachée__54679765.htm,No,Not tagged
www.avito.ma/ar/حي_آخر/راحة_المنزل/Climatiseur_Gainable_Gree___R32_54472211.htm,No,Not tagged
www.avito.ma/ar/حي_آخر/سيارات_مستعملة/Volkswagen_Golf_7__GTD__2_0_L_Automatique_2016_55118966.htm,No,Not tagged
www.avito.ma/ar/حي_آخر/معدات_أخرى/Accessoires_supermarché___54410688.htm,No,Not tagged
www.avito.ma/ar/حي_الحسني/هواتف/casa_blanca_oulfa_55112967.htm,No,Not tagged
www.avito.ma/ar/حي_الرياض/سفر_و_تذاكر/Mawazine_Carte_Gold_55126911.htm,No,Not tagged
www.avito.ma/ar/حي_الطيران___مابيلا/معدات_أخرى/machine_automatique_ronde_coins_de_cartes_visite_49373498.htm,No,Not tagged
www.avito.ma/ar/دار_بوعزة/برطما_شقة/appart,No,Not tagged
www.avito.ma/ar/دار_بوعزة/شقق/appartement_a_vendre_a_dar_Bouazza__54719368.htm,No,Not tagged
www.avito.ma/ar/دار_مهراز/طابليط_و_الكتاب_الاليكتروني/طابليط_مزال_نقي_54821800.htm,No,Not tagged
www.avito.ma/ar/دبدو/الحديقةـوـأدواتـبريكولاج-للبيع,No,Not tagged
www.avito.ma/ar/زرهونية/هواتف/Huawei_y5_en_parfaite_état__53611072.htm,No,Not tagged
www.avito.ma/ar/سطات/bambou_géant--للبيع,No,Not tagged
www.avito.ma/ar/سعادة/macbook_pro_retina--للبيع,No,Not tagged
www.avito.ma/ar/سعيد_حجي/الأثاث_والديكور/Salon_et_salle_a_manger_à_vendre_53327221.htm,No,Not tagged
www.avito.ma/ar/سلا/ducati_monster_796--للبيع,No,Not tagged
www.avito.ma/ar/سوق_الأربعاء/ملبس/femme--للبيع,No,Not tagged
www.avito.ma/ar/سيدي_برنوصي/دكاكين،_محلات_تجارية_ومباني_صناعية/Local_commercial_à_louer_bernoussi_tarik_52909340.htm,No,Not tagged
www.avito.ma/ar/سيدي_رحال/شقق/Appartement_à_louer_100_m²_à_Sidi_Rahal_54865093.htm,No,Not tagged
www.avito.ma/ar/شيشاوة/دكاكين_محلات_تجارية/*comme*--للبيع,No,Not tagged
www.avito.ma/ar/طانطان/هواتف/iphone_xs_max__54834293.htm,No,Not tagged
www.avito.ma/ar/طنجة/assia--للبيع,No,Not tagged
www.avito.ma/ar/طنجة/console_ps2--للبيع,No,Not tagged
www.avito.ma/ar/طنجة/mercedes_b180--للبيع,No,Not tagged
www.avito.ma/ar/عزيب_الدرعي/هواتف/redmi_note_9_pro_54020652.htm,No,Not tagged
www.avito.ma/ar/عين_السبع/الغرفة/protège_enfant_54787022.htm,No,Not tagged
www.avito.ma/ar/عين_السبع/سيارات_مستعملة/Fiat_500_Essence_Manuelle_2014_à_Casablanca_52133585.htm,No,Not tagged
www.avito.ma/ar/عين_الشق/هوايات_ورياضة/appareil_de_musculation__53718978.htm,No,Not tagged
www.avito.ma/ar/كاسطيا/ألعاب_الفيديو_وأجهزة_تشغيل_أو_كونصولات/Ps5_slim_1to_2024_CD_garantie_2ans_official__54707699.htm,No,Not tagged
www.avito.ma/ar/كالفورنيا/شقق/Appartement_à_vendre_115_m²_à_Casablanca_53738938.htm,No,Not tagged
www.avito.ma/ar/كلميم/عقار/lbni,No,Not tagged
www.avito.ma/ar/كليز/منازل_للعطلة/apparemment_n_56_55104110.htm,No,Not tagged
www.avito.ma/ar/كليز/منازل_للعطلة/شقة_للايجار_اليومي_54910090.htm,No,Not tagged
www.avito.ma/ar/لاكولين/معدات_أخرى/Pompe_d_eau__54525276.htm,No,Not tagged
www.avito.ma/ar/لاكولين/ملابس/_t_shirt_real_Madrid_54637948.htm,No,Not tagged
www.avito.ma/ar/لمهادي/الأثاثـوـالديكور/krasa--للبيع,No,Not tagged
www.avito.ma/ar/مراكش/دراجات_نارية/complet--للبيع,No,Not tagged
www.avito.ma/ar/مراكش/منزل_للبيع_بدوار--للبيع,No,Not tagged
www.avito.ma/ar/معمورة/درجات_نارية/Tretinette_shoimi__54810884.htm,No,Not tagged
www.avito.ma/ar/وجدة/حي_القدس/هواياتـوـترفيه-للبيع,No,Not tagged
www.avito.ma/ar/وسط_المدينة/خدمات/IPTV_DE_HAUTE_QUALITE_EN_UHD_54305603.htm,No,Not tagged
www.avito.ma/ar/وسط_المدينة/سيارات_مستعملة/Fiesta_neuf_54706825.htm,No,Not tagged
www.avito.ma/ar/وسط_المدينة/شقق/_Appartement_à_vendre_à_Marrakech_Centre_Ville_53342941.htm,No,Not tagged
www.avito.ma/ar/وسط_المدينة/كمبيوتر_محمول/dell_latitude_i5_7eme_16RAM_54477004.htm,No,Not tagged
www.avito.ma/ar/وصلان/دكاكين،_محلات_تجارية_ومباني_صناعية/بقعة_سكنية_106_متر_شطر_7_رياض_العمران_ويسلان__54013452.htm,No,Not tagged
www.avito.ma/fr/2_mars/voitures_d'occasion/fiat_500_auto_1_ére_main__54714433.htm,No,Not tagged
www.avito.ma/fr/aarid/accessoires_informatique_et_gadgets/Smart_watch_i8_pro__54485101.htm,No,Not tagged
www.avito.ma/fr/abbadi_braika/appareils_photo_et_caméras/RVKING_06_Reveil_CAMÉRA_CACHÉE_WIFI_DIRECT_55003890.htm,No,Not tagged
www.avito.ma/fr/abbadi_braika/matériels_professionnels/une_VBN_ponçeuse_orbite_Bj3_54316842.htm,No,Not tagged
www.avito.ma/fr/administratif/jardin_et_outils_de_bricolage/Lot_de_4_Interrupteurs_connectés_Alexa_Google_Home_54167710.htm,No,Not tagged
www.avito.ma/fr/agadir/instruments_de_musique/les--à_vendre,No,Not tagged
www.avito.ma/fr/agadir/m_2009--à_vendre,No,Not tagged
www.avito.ma/fr/agadir/pc_dell_vostro--à_vendre,No,Not tagged
www.avito.ma/fr/agdal/terrains_et_fermes/Terrain_2100_m2_a_agdal_2_facade__54761677.htm,No,Not tagged
www.avito.ma/fr/ain_noqbi/stocks_et_vente_en_gros/Mobilier_Scolaire_Chaise_d_importation_52018844.htm,No,Not tagged
www.avito.ma/fr/ain_sebaa/produits_de_beauté/parfum_originale_ysl_54712479.htm,No,Not tagged
www.avito.ma/fr/ait_ouallal/meubles_et_décoration/carcasse_de--à_vendre,No,Not tagged
www.avito.ma/fr/al_batha/matériels_professionnels/le_alucoobound_776_54192781.htm,No,Not tagged
www.avito.ma/fr/al_fida/animaux/بيوت_للكلاب______________54839213.htm,No,Not tagged
www.avito.ma/fr/al_wifaq/matériels_professionnels/transpalettes_2_5t_et_le_chariot_pliable__54826112.htm,No,Not tagged
www.avito.ma/fr/allal_el_fassi/matériels_professionnels/CD_K1_2500KG_MACHINE_DE_LEVAGE__50080264.htm,No,Not tagged
www.avito.ma/fr/alsace_lorraine/ordinateurs_de_bureau/HP_PRODESK_400_G5_Mini_54862934.htm,No,Not tagged
www.avito.ma/fr/anfa/locations_de_vacances/super_appart__54908426.htm,No,Not tagged
www.avito.ma/fr/aourir/honda_xr--à_vendre,No,Not tagged
www.avito.ma/fr/arbaa_sahel/q--à_vendre,No,Not tagged
www.avito.ma/fr/arfoud/toyota_hulux--à_vendre,No,Not tagged
www.avito.ma/fr/assilah/mercedes_benz_310--à_vendre,No,Not tagged
www.avito.ma/fr/autre_secteur/appartements/شقة_رائعة_في_أناسي_53138649.htm,No,Not tagged
www.avito.ma/fr/autre_secteur/autre_matériel_professionel/Rayonnage_stockage_semi_lourd_en_métal__52631084.htm,No,Not tagged
www.avito.ma/fr/autre_secteur/autre_matériel_professionel/mobilier_de_bureau_DE_BONNE_QUALITÉ_54872960.htm,No,Not tagged
www.avito.ma/fr/autre_secteur/matériel_de_bureau/Chaise_ISO_en_tissu_disponible_à_petit_prix_54446342.htm,No,Not tagged
www.avito.ma/fr/autre_secteur/meubles_et_décoration/Table_a_manger_6_places_54756613.htm,No,Not tagged
www.avito.ma/fr/autre_secteur/stocks_et_vente_en_gros/Chaises_scolaire_en_bois_54304946.htm,No,Not tagged
www.avito.ma/fr/autre_secteur/stocks_et_vente_en_gros/VENTE_BUREAU_DE_DIRECTION_EN_PROMO_MM_DE__TANGER_54525974.htm,No,Not tagged
www.avito.ma/fr/autre_secteur/voitures_d'occasion/Mercedes_Benz_220_Diesel_Automatique_2011_à_Fès_54663692.htm,No,Not tagged
www.avito.ma/fr/azemmour/number--à_vendre,No,Not tagged
www.avito.ma/fr/aïn_chock/matériels_professionnels/machine_d_hache_viande_Nkz_54287695.htm,No,Not tagged
www.avito.ma/fr/aïn_chock/télévisions/SMART_QLED_55P_UHD_GOOGLE_TV_55C645_55015952.htm,No,Not tagged
www.avito.ma/fr/aïn_chock/voitures_d'occasion/Mercedes_86_diwana_96_54767631.htm,No,Not tagged
www.avito.ma/fr/ben_ahmed/télévisions/lg_24--à_vendre,No,Not tagged
www.avito.ma/fr/ben_guerir/matériels_professionnels/TIREUSE_À_BIÈRE_PROFESSIONNEL_54658843.htm,No,Not tagged
www.avito.ma/fr/ben_guerir/verso_toyota--à_vendre,No,Not tagged
www.avito.ma/fr/ben_guerir/véhicules_autres/en_bon--à_vendre,No,Not tagged
www.avito.ma/fr/berkane/ferme,No,Not tagged
www.avito.ma/fr/berrechid/mercedes_270_diesel--à_vendre,No,Not tagged
www.avito.ma/fr/bhalil/immobilier/chmabre,No,Not tagged
www.avito.ma/fr/bir_anzarane/matériel_de_bureau/bureau_président_importation_haute_gamme______54855383.htm,No,Not tagged
www.avito.ma/fr/boumalnedades/amal/instruments_de_musique-à_vendre,No,Not tagged
www.avito.ma/fr/bouskoura_centre/autre_matériel_professionel/rayonnage_lourd_et_mi_lourd_de_liquidation_ab357_54517798.htm,No,Not tagged
www.avito.ma/fr/bouznika/de_la_patisserie--à_vendre,No,Not tagged
www.avito.ma/fr/béni_mellal/locations_de_vacances/شقة_مفروشة_للايجار_اليومي__54486975.htm,No,Not tagged
www.avito.ma/fr/casablanca/ain_chock/infographiste_freelance--demandes,No,Not tagged
www.avito.ma/fr/casablanca/appartements/terrain_lotissement,No,Not tagged
www.avito.ma/fr/casablanca/banquette_mesidor--à_vendre,No,Not tagged
www.avito.ma/fr/casablanca/carte_psn_ps4--à_vendre,No,Not tagged
www.avito.ma/fr/casablanca/decibel--à_vendre,No,Not tagged
www.avito.ma/fr/casablanca/electorménager_et_vaisselle/chauffage_gaz--à_vendre,No,Not tagged
www.avito.ma/fr/casablanca/femme_de_menage_nounou_chauffeurs/maison--à_vendre,No,Not tagged
www.avito.ma/fr/casablanca/hay_mohammadi/motos/...et...--à_vendre,No,Not tagged
www.avito.ma/fr/casablanca/iphone_gb_gris--à_vendre,No,Not tagged
www.avito.ma/fr/casablanca/meubles_et_décoration/entre--à_vendre,No,Not tagged
www.avito.ma/fr/casablanca/moto_new--à_vendre,No,Not tagged
www.avito.ma/fr/casablanca/tlamets_et--à_vendre,No,Not tagged
www.avito.ma/fr/casablanca/un_m2_sur--demandes,No,Not tagged
www.avito.ma/fr/casablanca/voitures/tous_de--à_vendre,No,Not tagged
www.avito.ma/fr/casablanca/véhicules/moto_hyosung--à_vendre,No,Not tagged
www.avito.ma/fr/casablanca/محلات_لبيع--à_vendre,No,Not tagged
www.avito.ma/fr/centre/meubles_et_décoration/Tableau_dimension_130CM_X80Cm_ag_13_54679749.htm,No,Not tagged
www.avito.ma/fr/centre_ville/locations_de_vacances/شقق_رائعة_مجهزة_للكراء_مرحبا_55126175.htm,No,Not tagged
www.avito.ma/fr/dakhla/d_un_emploi--à_vendre,No,Not tagged
www.avito.ma/fr/dakhla/golf_mod--à_vendre,No,Not tagged
www.avito.ma/fr/dakhla/matériels_professionnels/Matériels_Professionnels_à_Dakhla_52910425.htm,No,Not tagged
www.avito.ma/fr/deroua/animaux/كلاب--à_vendre,No,Not tagged
www.avito.ma/fr/essalam/vêtements/l_ensemble__53848514.htm,No,Not tagged
www.avito.ma/fr/essaouira/locations_de_vacances/Appartement_n9iya_a_essouira_center_vill__55131910.htm,No,Not tagged
www.avito.ma/fr/figuig/business_et_affaire_commerciale/d--à_vendre,No,Not tagged
www.avito.ma/fr/fès/oulfa/à_vendre,No,Not tagged
www.avito.ma/fr/fès/véhicules/brik--à_vendre,No,Not tagged
www.avito.ma/fr/hamria/ordinateurs_portables/Macbook_pro_m1_max_16_pouces__53220259.htm,No,Not tagged
www.avito.ma/fr/hay_al_horria/stocks_et_vente_en_gros/pack_chaise_importation_aa_54668005.htm,No,Not tagged
www.avito.ma/fr/hay_alqods/stocks_et_vente_en_gros/Rayonnage_métallique_8_10éme__0031_54607500.htm,No,Not tagged
www.avito.ma/fr/hay_atlas/voitures_d'occasion/Volkswagen_Jetta_automatique_54345097.htm,No,Not tagged
www.avito.ma/fr/hay_hassani/matériels_professionnels/plonge_levier_pedale_inox__54799563.htm,No,Not tagged
www.avito.ma/fr/hay_nahda/meubles_et_décoration/Ensemble_vasque_artisanale__54897853.htm,No,Not tagged
www.avito.ma/fr/hay_salam/meubles_et_décoration/Deux_canapé_et_coin_à_vendre_54663329.htm,No,Not tagged
www.avito.ma/fr/inzegan/pour_machine_a--à_vendre,No,Not tagged
www.avito.ma/fr/jirrari/art_et_collections/2024_06_23_55131031.htm,No,Not tagged
www.avito.ma/fr/lagouira/loisirs_et_divertissement-à_vendre,No,Not tagged
www.avito.ma/fr/lalla_hnia_hamria/locations_de_vacances/شقة_مفرشة_للكراء_اليومي_بوسط_المدينة_54797864.htm,No,Not tagged
www.avito.ma/fr/larache/doukir,No,Not tagged
www.avito.ma/fr/les_orangers/meubles_et_décoration/zarbiyat_fihom_2_3_54395969.htm,No,Not tagged
www.avito.ma/fr/maarif/appartements/studio_a_vendre__54666746.htm,No,Not tagged
www.avito.ma/fr/majorelle/locations_de_vacances/apparemment_pour_location_vacances__53084297.htm,No,Not tagged
www.avito.ma/fr/maroc/60_متر_تمن--à_vendre,No,Not tagged
www.avito.ma/fr/maroc/al_champs_de--à_vendre,No,Not tagged
www.avito.ma/fr/maroc/appartements/amazigh,No,Not tagged
www.avito.ma/fr/maroc/appartements/bouskoura_foret,No,Not tagged
www.avito.ma/fr/maroc/appartements/chaise_moderne,No,Not tagged
www.avito.ma/fr/maroc/bateaux/1_une--à_vendre,No,Not tagged
www.avito.ma/fr/maroc/bungalow_préfabriqué_de_chantier--à_vendre,No,Not tagged
www.avito.ma/fr/maroc/casa_port_casablanca--à_vendre,No,Not tagged
www.avito.ma/fr/maroc/congèle--à_vendre,No,Not tagged
www.avito.ma/fr/maroc/de_surf_4--à_vendre,No,Not tagged
www.avito.ma/fr/maroc/i3_ram_4--à_vendre,No,Not tagged
www.avito.ma/fr/maroc/image_et_son/baffs--à_vendre,No,Not tagged
www.avito.ma/fr/maroc/instruments_de_musique/oud_de--à_vendre,No,Not tagged
www.avito.ma/fr/maroc/la_ps3--à_vendre,No,Not tagged
www.avito.ma/fr/maroc/lenovo_tablet_pc--à_vendre,No,Not tagged
www.avito.ma/fr/maroc/matricule_7_a--à_vendre,No,Not tagged
www.avito.ma/fr/maroc/matériels_professionnels/modèle_2010--à_vendre,No,Not tagged
www.avito.ma/fr/maroc/meubles_et_décoration/pour_monde--à_vendre,No,Not tagged
www.avito.ma/fr/maroc/mini_4_galaxy--à_vendre,No,Not tagged
www.avito.ma/fr/maroc/montres_et_bijoux/._eau--à_vendre,No,Not tagged
www.avito.ma/fr/maroc/motos/accidenté_a--à_vendre,No,Not tagged
www.avito.ma/fr/maroc/motos/de_sans--à_vendre,No,Not tagged
www.avito.ma/fr/maroc/ordinateurs_portables/disque_dur_300gb--à_vendre,No,Not tagged
www.avito.ma/fr/maroc/pièces_et_accessoires_véhicules/mercedes_a45--à_vendre,No,Not tagged
www.avito.ma/fr/maroc/screen_telephone--à_vendre,No,Not tagged
www.avito.ma/fr/maroc/stocks_et_vente_en_gros/s_x--à_vendre,No,Not tagged
www.avito.ma/fr/maroc/tablettes/gb_8gb--à_vendre,No,Not tagged
www.avito.ma/fr/maroc/technicien_froid_climatisation--à_vendre,No,Not tagged
www.avito.ma/fr/maroc/terrains_et_fermes/2_sala_al--à_vendre,No,Not tagged
www.avito.ma/fr/maroc/transport_et_logistique--à_vendre,No,Not tagged
www.avito.ma/fr/maroc/téléphones/samsung_fe--à_vendre,No,Not tagged
www.avito.ma/fr/maroc/télévisions/42_de_à--à_vendre,No,Not tagged
www.avito.ma/fr/maroc/veste_cuir_femme--à_vendre,No,Not tagged
www.avito.ma/fr/maroc/vetements/o††††¦¦o--à_vendre,No,Not tagged
www.avito.ma/fr/maroc/vetements/sacs_femmes--à_vendre,No,Not tagged
www.avito.ma/fr/maroc/véhicules_autres/*table*--à_vendre,No,Not tagged
www.avito.ma/fr/maroc/yamani,No,Not tagged
www.avito.ma/fr/marrakech/arset_moulay_bouaazza/locations_de_vacances,No,Not tagged
www.avito.ma/fr/marrakech/camions/voiture_en_bonne--à_vendre,No,Not tagged
www.avito.ma/fr/marrakech/colocations/de_femme,No,Not tagged
www.avito.ma/fr/marrakech/location_appartement_meublée--à_vendre,No,Not tagged
www.avito.ma/fr/marrakech/terrain_4000_à--à_vendre,No,Not tagged
www.avito.ma/fr/massira/jeux_vidéo_et_consoles/ps5_54344240.htm,No,Not tagged
www.avito.ma/fr/massira_1/gaming/Manette_ps4_d_origine_très_bon_état_53794756.htm,No,Not tagged
www.avito.ma/fr/mechouar_fes_jdid/smeia--à_vendre,No,Not tagged
www.avito.ma/fr/mers_sultan/appartements/studio_neuf_a_louer_a_la_résistance__54822790.htm,No,Not tagged
www.avito.ma/fr/mesnana/appartements/شقة_للكراء_بالقرب_من_جامعة_مسنانة_54767375.htm,No,Not tagged
www.avito.ma/fr/moujahidine/voitures_d'occasion/Toyota_Corolla_Prestige_Hybride_Automatique_2021_54866031.htm,No,Not tagged
www.avito.ma/fr/nador/image_&_son/home_cinéma__50709289.htm,No,Not tagged
www.avito.ma/fr/oued_zem/appartements/partma_semi_fini_titré_a_namaa_fi_premer_etage_54507748.htm,No,Not tagged
www.avito.ma/fr/oued_zem/matériels_professionnels/chauffe_à_gaz--à_vendre,No,Not tagged
www.avito.ma/fr/oujda/centre_ville/magasins_et_commerces-à_louer,No,Not tagged
www.avito.ma/fr/oujda/magasins_et_commerces/صالون_الحلاقة_للنساء--à_vendre,No,Not tagged
www.avito.ma/fr/oujda/mercedes_190_bon--à_vendre,No,Not tagged
www.avito.ma/fr/oulfa/accessoires_informatique_et_gadgets/_résolution_de_problèmes_de__réseau_informatique_53116969.htm,No,Not tagged
www.avito.ma/fr/rabat/ami--à_vendre,No,Not tagged
www.avito.ma/fr/rabat/appartements/de_atlas,No,Not tagged
www.avito.ma/fr/rabat/cours_et_formations/professionnelles_et--à_vendre,No,Not tagged
www.avito.ma/fr/rabat/soufflet,No,Not tagged
www.avito.ma/fr/rabat/terrains_et_fermes/en_marrakech_mhamid--à_vendre,No,Not tagged
www.avito.ma/fr/route_ain_chkaf/meubles_et_décoration/طبالي_وطلامط_للبيع__54827904.htm,No,Not tagged
www.avito.ma/fr/safi/a_nasr--à_vendre,No,Not tagged
www.avito.ma/fr/safi/appartements/de_de_marjane,No,Not tagged
www.avito.ma/fr/saies/ordinateurs_portables/HP_1040_G6_x360_53738593.htm,No,Not tagged
www.avito.ma/fr/salé/electroménager_et_vaisselles/plaque_encastré_HANZ_4_54365944.htm,No,Not tagged
www.avito.ma/fr/salé/voitures_d'occasion/Mercedes_sprinter__53982174.htm,No,Not tagged
www.avito.ma/fr/settat/animaux_domestique/حولي_صردي_مليح__54446918.htm,No,Not tagged
www.avito.ma/fr/settat/equipements_pour_enfant/decathlon--à_vendre,No,Not tagged
www.avito.ma/fr/settat/matériels_professionnels/makita--à_vendre,No,Not tagged
www.avito.ma/fr/settat/meubles_et_décoration/junker_automatiquement__54417664.htm,No,Not tagged
www.avito.ma/fr/settat/sony_xperia_3--à_vendre,No,Not tagged
www.avito.ma/fr/settat/tripier--à_vendre,No,Not tagged
www.avito.ma/fr/sidi_allal_tazi/terrains_et_fermes/terrain_a_vendre__52795090.htm,No,Not tagged
www.avito.ma/fr/sidi_bennour/accessoires_informatique_et_gadgets/dock_station_g5__53506280.htm,No,Not tagged
www.avito.ma/fr/sidi_bernoussi/meubles_et_décoration/Lit__avec_espace_de_renjmo__nd_42878231.htm,No,Not tagged
www.avito.ma/fr/sidi_kacem/gaming/Playstation_3_55089190.htm,No,Not tagged
www.avito.ma/fr/sidi_maarouf/appartements/appartement_à_sidi_maarouf__54204812.htm,No,Not tagged
www.avito.ma/fr/sidi_maarouf/meubles_et_décoration/Chambre_à_coucher_180x200_54771547.htm,No,Not tagged
www.avito.ma/fr/sidi_rahal/villas_et_riads/Villa_a_vendre_a_sidi_rahal__54755547.htm,No,Not tagged
www.avito.ma/fr/tamaris/appartement_134_m2--à_vendre,No,Not tagged
www.avito.ma/fr/tamesna/appartements/Appartement__54847547.htm,No,Not tagged
www.avito.ma/fr/tanger/appartements/a_marina,No,Not tagged
www.avito.ma/fr/tanger/chat_vacciné--à_vendre,No,Not tagged
www.avito.ma/fr/tanger/equipements_pour_enfant/couna_bebe--à_vendre,No,Not tagged
www.avito.ma/fr/tanger/experimenté--à_vendre,No,Not tagged
www.avito.ma/fr/tanger/fadesa_hay_nahda--à_vendre,No,Not tagged
www.avito.ma/fr/tanger/fz6_600--à_vendre,No,Not tagged
www.avito.ma/fr/tanger/hay_zaoudia/avito_market,No,Not tagged
www.avito.ma/fr/tanger/lisa--à_vendre,No,Not tagged
www.avito.ma/fr/tanger/magasins_et_commerces/de_fond_commerce--à_vendre,No,Not tagged
www.avito.ma/fr/tanger/matériels_professionnels/gbh--à_vendre,No,Not tagged
www.avito.ma/fr/tanger/motos/6--à_vendre,No,Not tagged
www.avito.ma/fr/tanger/motos/dyal--à_vendre,No,Not tagged
www.avito.ma/fr/tanger/motos/ferfara--à_vendre,No,Not tagged
www.avito.ma/fr/tanger/quartier_hay_inara--à_vendre,No,Not tagged
www.avito.ma/fr/tanger/tabourets_de_bar--à_vendre,No,Not tagged
www.avito.ma/fr/tanger/véhicules/renault_kangoo_2012--à_vendre,No,Not tagged
www.avito.ma/fr/tanger/véhicules/volkswagen_gol--à_vendre,No,Not tagged
www.avito.ma/fr/tanger/war_4--à_vendre,No,Not tagged
www.avito.ma/fr/taourirt/instruments_de_musique/pour_les--à_vendre,No,Not tagged
www.avito.ma/fr/taroudant/décoration/Tableau_déco_nono21_54313296.htm,No,Not tagged
www.avito.ma/fr/taza/thermo,No,Not tagged
www.avito.ma/fr/temara/hoda/tablettes-à_vendre,No,Not tagged
www.avito.ma/fr/tiznit/voyage_et_billetterie/pour--à_vendre,No,Not tagged
www.avito.ma/fr/victoria/appartements/Appartement_à_louer_79_m²_à_Bouskoura_55122606.htm,No,Not tagged
www.avito.ma/fr/zeghanghane/enchères_publiques_immobilier-à_vendre,No,Not tagged
www.avito.ma/ar/2_مارس/هوايات_ورياضة/TRAMPOLINE__53870781.htm,No,Not tagged
www.avito.ma/ar/أكيود/معدات_أخرى/rayonnage_du_stock_léger_professionnel__53309288.htm,No,Not tagged
www.avito.ma/ar/أنزا/منازل_للعطلة/Agréable_appartement_meublé__54872457.htm,No,Not tagged
www.avito.ma/ar/إنزكان/فن_وتحف/4koroche_1956_53997159.htm,No,Not tagged
www.avito.ma/ar/ازلا/تجهيزات_للأطفال_و_الرُضَّع/Poussette_Bébé__54766291.htm,No,Not tagged
www.avito.ma/ar/اسفي/movie--للبيع,No,Not tagged
www.avito.ma/ar/اسفي/plantes--للبيع,No,Not tagged
www.avito.ma/ar/اكدال_العالي/سفر_و_تذاكر/Voyages_et_billetterie_à_Rabat_53127495.htm,No,Not tagged
www.avito.ma/ar/الجديدة/لالة_زهرة/سيارات_مستعملة-للبيع,No,Not tagged
www.avito.ma/ar/الحنشان/الأثاثـوـالديكور-للبيع,No,Not tagged
www.avito.ma/ar/الحي_الإداري/معدات_المدارس،_روض_الأطفال_و_أماكن_اللعب/Chaise_de_bureau_RéSQ5_53496926.htm,No,Not tagged
www.avito.ma/ar/الحي_الصناعي/الديكور/Tableau_déco_B88_53977409.htm,No,Not tagged
www.avito.ma/ar/الحي_العسكري/سيارات_مستعملة/tiguan_2018_54647042.htm,No,Not tagged
www.avito.ma/ar/الخميسات/الأثاثـوـالديكور/table_basse--للبيع,No,Not tagged
www.avito.ma/ar/الداخلة/معدات_المكتب/Meuble_pour_archivage_et_stockage_de_documents_54629226.htm,No,Not tagged
www.avito.ma/ar/الدار_البيضاء/huile_moteur_motul--للبيع,No,Not tagged
www.avito.ma/ar/الدار_البيضاء/perruche_a_collier--للبيع,No,Not tagged
www.avito.ma/ar/الدار_البيضاء/سيارات_مستعملة/golf_5_maliha_li_baraka_marhba_53071001.htm,No,Not tagged
www.avito.ma/ar/الدار_البيضاء/ملبس/randa--للبيع,No,Not tagged
www.avito.ma/ar/الرباط/hp_deskjet--للبيع,No,Not tagged
www.avito.ma/ar/الرباط/khadama--للبيع,No,Not tagged
www.avito.ma/ar/الرباط/ssd_samsung_t5--للبيع,No,Not tagged
www.avito.ma/ar/الرباط/ديور_الجامع/porte_ساروت_للبيع--للبيع,No,Not tagged
www.avito.ma/ar/الرباط/ملبس/d--للبيع,No,Not tagged
www.avito.ma/ar/السعادة/منازل_للعطلة/Appartement_à_louer_Marrakech__55132660.htm,No,Not tagged
www.avito.ma/ar/السفلات/معدات_مهنية/Rayonnage_Léger__54751980.htm,No,Not tagged
www.avito.ma/ar/الغرابلية/حقائب_وأكسسوارات/نظارات_جيدة_54063761.htm,No,Not tagged
www.avito.ma/ar/المديق/ford_6610--للبيع,No,Not tagged
www.avito.ma/ar/المديق/hp_8440p--للبيع,No,Not tagged
www.avito.ma/ar/المديق/picanto_2006--للبيع,No,Not tagged
www.avito.ma/ar/المدينة_القديمة/حيوانات_أليفة/مسارح_نصف_متر__54479173.htm,No,Not tagged
www.avito.ma/ar/المغرب/c100_neuf--للبيع,No,Not tagged
www.avito.ma/ar/المغرب/canon_10_d--للبيع,No,Not tagged
www.avito.ma/ar/المغرب/carrefour_fes--للبيع,No,Not tagged
www.avito.ma/ar/المغرب/ennassim_casablanca--للبيع,No,Not tagged
www.avito.ma/ar/المغرب/la_ps4--للبيع,No,Not tagged
www.avito.ma/ar/المغرب/location_de_salon_pour_femme--للبيع,No,Not tagged
www.avito.ma/ar/المغرب/lot_terrain_vendre--للبيع,No,Not tagged
www.avito.ma/ar/المغرب/m2_agdal--للبيع,No,Not tagged
www.avito.ma/ar/المغرب/nike_rose--للبيع,No,Not tagged
www.avito.ma/ar/المغرب/psp_2--للبيع,No,Not tagged
www.avito.ma/ar/المغرب/tablette_surface--للبيع,No,Not tagged
www.avito.ma/ar/المغرب/tapis_marocains--للبيع,No,Not tagged
www.avito.ma/ar/المغرب/ألعاب_الفيديو_وأجهزة_تشغيل_أو_كونصولات/4_pour_ps3--للبيع,No,Not tagged
www.avito.ma/ar/المغرب/ألعاب_الفيديو_وأجهزة_تشغيل_أو_كونصولات/futur--للبيع,No,Not tagged
www.avito.ma/ar/المغرب/اكسسواراتـالكمبيوترـوـالأجهزة/midi--للبيع,No,Not tagged
www.avito.ma/ar/المغرب/الأثاثـوـالديكور/شركة--للبيع,No,Not tagged
www.avito.ma/ar/المغرب/الحديقةـوـأدواتـبريكولاج/56--للبيع,No,Not tagged
www.avito.ma/ar/المغرب/برطما_شقة/96_m,No,Not tagged
www.avito.ma/ar/المغرب/بقعـوـمزارع/91_m_à--للبيع,No,Not tagged
www.avito.ma/ar/المغرب/بقعـوـمزارع/bouskoura_victoria--للبيع,No,Not tagged
www.avito.ma/ar/المغرب/حيوانات_أليفة/ارنب--للبيع,No,Not tagged
www.avito.ma/ar/المغرب/دكاكين_محلات_تجارية/21_les--للبيع,No,Not tagged
www.avito.ma/ar/المغرب/شاحنات/total_et--للبيع,No,Not tagged
www.avito.ma/ar/المغرب/معدات_مهنية/automatisme*--للبيع,No,Not tagged
www.avito.ma/ar/المغربي_العربي/أحذية/Chaussure_de_securité_54373882.htm,No,Not tagged
www.avito.ma/ar/الناظور/je_cherche_a--ﺕﺮﻳﺩ_ﺵﺭﺍﺀ,No,Not tagged
www.avito.ma/ar/الولفة/سيارات_مستعملة/Voitures_d_occasion_à_Casablanca_53005888.htm,No,Not tagged
www.avito.ma/ar/اليوسفية/هواتف_و_هواتف_ذكية/iPhone_15_Pro_Max__54977457.htm,No,Not tagged
www.avito.ma/ar/بئر_الرامي_الغربية/معدات_أخرى/CNC____driver___53777068.htm,No,Not tagged
www.avito.ma/ar/برشيد/mersidis--للبيع,No,Not tagged
www.avito.ma/ar/بركان/درجات_نارية/BECANE_FLORENCE__52931135.htm,No,Not tagged
www.avito.ma/ar/بركان/معدات_مهنية/metrix_mx_409_neuf_53514192.htm,No,Not tagged
www.avito.ma/ar/بركان/ملابسـللأطفالـوـالرٌدع/3_à_vendre--للبيع,No,Not tagged
www.avito.ma/ar/بلفدير/دكاكين،_محلات_تجارية_ومباني_صناعية/local_commercial_a_BELVÉDÈRE__53578714.htm,No,Not tagged
www.avito.ma/ar/بني_انصار/شاحنات,No,Not tagged
www.avito.ma/ar/بوجداد/معدات_أخرى/the_plieuse_pressure_FD7z_54167252.htm,No,Not tagged
www.avito.ma/ar/بورنازيل/أحذية/chaussure_balenciaga_triple_s_54082609.htm,No,Not tagged
www.avito.ma/ar/تازة/أجهزة_الإلكترومناجي_والأواني/كوب_قهوة_كهربائي_محمول_مقاوم_للصدأ_بدوران_مغناطيسي_54523198.htm,No,Not tagged
www.avito.ma/ar/تتيلة/هوايات_ورياضة/Tickets_Match_Maroc_Mauritanie_54737087.htm,No,Not tagged
www.avito.ma/ar/تزنيت/بقعـوـمزارع/الأشجار--للبيع,No,Not tagged
www.avito.ma/ar/تطوان/t_shirt_en--للبيع,No,Not tagged
www.avito.ma/ar/تطوان/حي_آخر/للبيع,No,Not tagged
www.avito.ma/ar/تمارة/هواياتـوـرياضة/godasse--للبيع,No,Not tagged
www.avito.ma/ar/تنغير/play_slim--للبيع,No,Not tagged
www.avito.ma/ar/حي_آخر/الديكور/DEVIL_TABLEAUX_À_TEMMARA_55118570.htm,No,Not tagged
www.avito.ma/ar/حي_آخر/سيارات_مستعملة/Dacia_Dokker_Van_Diesel_Manuelle_2021_à_Meknès_53688484.htm,No,Not tagged
www.avito.ma/ar/حي_آخر/شقق/شقق_للبيع_في_الدار_البيضاء_في_فجر_2_دار_بوعزة__52946891.htm,No,Not tagged
www.avito.ma/ar/حي_آخر/كمبيوتر_محمول/HP__EliteBook__840_G6_54916038.htm,No,Not tagged
www.avito.ma/ar/حي_آخر/معدات_المكتب/Fabrication_Des_Bureaux__بعروووض_فخمة_Sbimh_54930109.htm,No,Not tagged
www.avito.ma/ar/حي_آخر/معدات_المكتب/Table_de_réunion_Howe_Move_Designer_40044151.htm,No,Not tagged
www.avito.ma/ar/حي_آخر/معدات_مهنية/rayonnage_lourd_robuste_AM_54700413.htm,No,Not tagged
www.avito.ma/ar/حي_آخر/هواتف/redmi_10_2022_54755824.htm,No,Not tagged
www.avito.ma/ar/حي_البطوار/الأثاث_والديكور/Meubles_et_Décoration_à_Agadir_53398182.htm,No,Not tagged
www.avito.ma/ar/حي_الحسني/سيارات_مستعملة/Audi_q5_Diesel_2012_52583953.htm,No,Not tagged
www.avito.ma/ar/حي_السلام/منازل_للعطلة/Appartt_bien_équipé_par_nuitée_jet_sakan_SFVt478_54418485.htm,No,Not tagged
www.avito.ma/ar/حي_المحمدي/صوت_وصورة/casque_bluetooth_P9__54242791.htm,No,Not tagged
www.avito.ma/ar/درب_رباط/هواتف/iPhone_XS_Max__54651241.htm,No,Not tagged
www.avito.ma/ar/درب_غلف/أجهزة_الإلكترومناجي_والأواني/Feran__54914944.htm,No,Not tagged
www.avito.ma/ar/زياتين/شقق/Appartement_à_vendre_à_Tanger_boukhalef_université_53072527.htm,No,Not tagged
www.avito.ma/ar/سلا/منتجات_التجميل/_اك_ميكب_جودة_رائعة__54424761.htm,No,Not tagged
www.avito.ma/ar/سيدي_بنور/دراجات/velo__54424604.htm,No,Not tagged
www.avito.ma/ar/سيدي_بنور/كمبيوتر_محمول/كمبيوتر_محمول_في_سيدي_بنور_53016274.htm,No,Not tagged
www.avito.ma/ar/سيدي_رحال/منازل_للعطلة/Bel_appartement_en_bord_de_mer___vue_sur_piscine_53057198.htm,No,Not tagged
www.avito.ma/ar/سيدي_عبدالكريم/أجهزة_الإلكترومناجي_والأواني/machine_à_laver_whirlpool_10kg__54782419.htm,No,Not tagged
www.avito.ma/ar/طريق_عين_شقف/التنزه/Equipement_pour_Bébé_et_Enfant_à_Fès_53216627.htm,No,Not tagged
www.avito.ma/ar/طريق_مكناس/فيلات___رياض/villa_a_louer__55110959.htm,No,Not tagged
www.avito.ma/ar/طريق_ورزازات/بقع_و_مزارع_للكراء/Terrain_route_Essaouira_54731667.htm,No,Not tagged
www.avito.ma/ar/طنجة/appartements_louer--للبيع,No,Not tagged
www.avito.ma/ar/طنجة/defender--للبيع,No,Not tagged
www.avito.ma/ar/طنجة/g29--للبيع,No,Not tagged
www.avito.ma/ar/طنجة/الأثاثـوـالديكور/prix_du--للبيع,No,Not tagged
www.avito.ma/ar/طنجة/الحي_الجزائري/أحذيية-للبيع,No,Not tagged
www.avito.ma/ar/عين_السبع/دراجات/Vélos_à_Casablanca_53037450.htm,No,Not tagged
www.avito.ma/ar/عين_السبع/معدات_مهنية/DRIVER_CNC_DMA860H_54774343.htm,No,Not tagged
www.avito.ma/ar/فاس/50_متر_في--للبيع,No,Not tagged
www.avito.ma/ar/فاس/les_baf--للبيع,No,Not tagged
www.avito.ma/ar/فال_فلوري/شقق/Appartement_à_vendre_114_m²_à_Val_Fleuri_54576971.htm,No,Not tagged
www.avito.ma/ar/كالفورنيا/الأثاث_والديكور/Paravent_Bullfinch_in_the_forest_II__54707362.htm,No,Not tagged
www.avito.ma/ar/كلميم/ملبس/pour_pour--للبيع,No,Not tagged
www.avito.ma/ar/كليز/هواتف/Iphone__53162126.htm,No,Not tagged
www.avito.ma/ar/مراكش/router_technicolor--للبيع,No,Not tagged
www.avito.ma/ar/مراكش/sdader_en_bois--للبيع,No,Not tagged
www.avito.ma/ar/مرس_سلطان/شقق/Appartement_71m_Mers_Sultan__44832581.htm,No,Not tagged
www.avito.ma/ar/مكناس/ساعاتـوـمجوهرات/haut_gamme_à--للبيع,No,Not tagged
www.avito.ma/ar/مولاي_يعقوب/oulfa/منتجاتـالتجميل-للبيع,No,Not tagged
www.avito.ma/ar/وجدة/voitures_peugeot--للبيع,No,Not tagged
www.avito.ma/ar/وجدة/الأثاثـوـالديكور/de_chamber--للبيع,No,Not tagged
www.avito.ma/ar/وسط_المدينة/دراجات/Vélo_électrique_pliable_Eovolt_54261577.htm,No,Not tagged
www.avito.ma/auto/neuf/bmw/série-7/745le-394-pack-m/,No,Not tagged
www.avito.ma/auto/neuf/seat/ibiza/1.0-mpi-75ch-reference/,No,Not tagged
www.avito.ma/fr/2_mars/image_&_son/TP25_Tripod_Support_de_Projecteurs_et_Laptop__49695966.htm,No,Not tagged
www.avito.ma/fr/abbadi_braika/autre_matériel_professionel/a_XF_cnc_du_router_a_bois_Bn3_54291834.htm,No,Not tagged
www.avito.ma/fr/administratif/meubles_et_décoration/Tableau_dimension_130CM_X_80CM_31_54662853.htm,No,Not tagged
www.avito.ma/fr/agadir/el_houda/سفر--à_vendre,No,Not tagged
www.avito.ma/fr/agadir/founty/stages-à_vendre,No,Not tagged
www.avito.ma/fr/agadir/motos/3_en_bon--à_vendre,No,Not tagged
www.avito.ma/fr/agadir/stages/stage_de--à_vendre,No,Not tagged
www.avito.ma/fr/agadir_melloul/chaussures/sbardilla_Nike_ba9i_n9iya______54625061.htm,No,Not tagged
www.avito.ma/fr/agdal/accessoires_informatique_et_gadgets/Support_ORDINATEUR_Portable_55135493.htm,No,Not tagged
www.avito.ma/fr/ahfir/pièces_et_accessoires_véhicules/chaine--à_vendre,No,Not tagged
www.avito.ma/fr/ain_aouda/animaux/pieces--à_vendre,No,Not tagged
www.avito.ma/fr/ain_bni_mathar/fouteuille--à_vendre,No,Not tagged
www.avito.ma/fr/ain_el_hayat/sports_et_loisirs/Stimulateur_Musculaire_Sans_Fil_livraison_gratuite_54351354.htm,No,Not tagged
www.avito.ma/fr/ain_johra/jardin_et_outils_de_bricolage-à_vendre,No,Not tagged
www.avito.ma/fr/ain_mezouar/films__livres__magazines/histoire_enfant__53260300.htm,No,Not tagged
www.avito.ma/fr/ain_sebaa/télévisions/Lot_5_récepteurs_satellite_54793706.htm,No,Not tagged
www.avito.ma/fr/akarma/stages-à_vendre,No,Not tagged
www.avito.ma/fr/al_haouz/image_et_son/t--à_vendre,No,Not tagged
www.avito.ma/fr/al_hoceima/ordinateurs_portables/Dell_i5_جديد_54099106.htm,No,Not tagged
www.avito.ma/fr/al_irfane/voyages_et_billetterie/CARTE_GOLD_À_LOUER__55123065.htm,No,Not tagged
www.avito.ma/fr/al_qods/autre_matériel_professionel/kjh34jio___rail_cnc_cremailliere_spart_pinion__52089524.htm,No,Not tagged
www.avito.ma/fr/aourir/massey--à_vendre,No,Not tagged
www.avito.ma/fr/autre_secteur/matériel_de_bureau/Armoire_basse_120x100cm_bi_color_marron_48525002.htm,No,Not tagged
www.avito.ma/fr/autre_secteur/matériels_professionnels/Siege_en_cuir_Sitland_assise_Luge_rembourré_49671771.htm,No,Not tagged
www.avito.ma/fr/autre_secteur/matériels_professionnels/rayonnage_de_stockage_ab_54735970.htm,No,Not tagged
www.avito.ma/fr/autre_secteur/restauration_et_hôtellerie/Four__55122369.htm,No,Not tagged
www.avito.ma/fr/autre_secteur/services/IPTV_4K_UHD_SERVEUR_RAPIDE_SANS_COUPER_54923249.htm,No,Not tagged
www.avito.ma/fr/autre_secteur/terrains_et_fermes/Terrain_Titré_et_à_vendre_à_Benslimane_52804896.htm,No,Not tagged
www.avito.ma/fr/aviation___mabella/ordinateurs_portables/dell_latitude_16GB_ram_256gb_ssd_tactile__54702941.htm,No,Not tagged
www.avito.ma/fr/aïn_borja/autre_matériel_professionel/Mobilier_scolaire__52918998.htm,No,Not tagged
www.avito.ma/fr/belle_vue/stocks_et_vente_en_gros/chaise_53076380.htm,No,Not tagged
www.avito.ma/fr/belvédère/autre_matériel_professionel/Four_3D_Sublimation_BON_PRIX_A_CASA_54862945.htm,No,Not tagged
www.avito.ma/fr/berkane/matériels_professionnels/Table_de_conference_local_en_promotion__54674705.htm,No,Not tagged
www.avito.ma/fr/berkane/un_lit_en--à_vendre,No,Not tagged
www.avito.ma/fr/berrechid/art_et_collections/عملة_مغربية_54701320.htm,No,Not tagged
www.avito.ma/fr/bhalil/camions/khadma--à_vendre,No,Not tagged
www.avito.ma/fr/bir_jdid/engins_agricole/je_met_vente--à_vendre,No,Not tagged
www.avito.ma/fr/bir_tam_tam/electorménager_et_vaisselle/mixeur_en--à_vendre,No,Not tagged
www.avito.ma/fr/bir_tam_tam/montres_et_bijoux/top_en--à_vendre,No,Not tagged
www.avito.ma/fr/bouarfa/matériels_professionnels/Matériels_Professionnels_à_Bouarfa_53272653.htm,No,Not tagged
www.avito.ma/fr/béni_mellal/accessoires_informatique_et_gadgets/Moniteur_27Pouces__Dell_S2721H_54723240.htm,No,Not tagged
www.avito.ma/fr/béni_mellal/autre_équipement_pour_bébé_et_enfant/تجهيزات_للأطفال_و_الر_ض__ع_في_بنى_ملال_53353201.htm,No,Not tagged
www.avito.ma/fr/casablanca/360_flashée_avec--à_vendre,No,Not tagged
www.avito.ma/fr/casablanca/agence_immobilier--demandes,No,Not tagged
www.avito.ma/fr/casablanca/appartements/la_pergola,No,Not tagged
www.avito.ma/fr/casablanca/bain_d_huile--à_vendre,No,Not tagged
www.avito.ma/fr/casablanca/box_gift--à_vendre,No,Not tagged
www.avito.ma/fr/casablanca/cache_moteur_mercedes--à_vendre,No,Not tagged
www.avito.ma/fr/casablanca/camions/camion_foton--à_vendre,No,Not tagged
www.avito.ma/fr/casablanca/chaussures_cr7--à_vendre,No,Not tagged
www.avito.ma/fr/casablanca/câble_av--à_vendre,No,Not tagged
www.avito.ma/fr/casablanca/galaxy_s4_et_s5--à_vendre,No,Not tagged
www.avito.ma/fr/casablanca/hay_mohammadi/maison_à_vendre,No,Not tagged
www.avito.ma/fr/casablanca/informatique_et_multimedia/a_hay_hassani--à_vendre,No,Not tagged
www.avito.ma/fr/casablanca/karima/meubles_et_décoration-à_vendre,No,Not tagged
www.avito.ma/fr/casablanca/meuble_coin_tv--à_vendre,No,Not tagged
www.avito.ma/fr/casablanca/oeufs_de_caille--à_vendre,No,Not tagged
www.avito.ma/fr/casablanca/plakarat--à_vendre,No,Not tagged
www.avito.ma/fr/casablanca/pyjama_gros--à_vendre,No,Not tagged
www.avito.ma/fr/casablanca/sbata/ordinateurs_bureau/...et...--à_vendre,No,Not tagged
www.avito.ma/fr/casablanca/sd4_diesel--à_vendre,No,Not tagged
www.avito.ma/fr/casablanca/sports_et_loisirs/planches_de_surf--à_vendre,No,Not tagged
www.avito.ma/fr/casablanca/top_mobile--à_vendre,No,Not tagged
www.avito.ma/fr/casablanca/torch--à_vendre,No,Not tagged
www.avito.ma/fr/casablanca/voitures_d'occasion/Jetta_automatique_version_Europe_54709017.htm,No,Not tagged
www.avito.ma/fr/centre/voitures_d'occasion/FIAT_PALIO__52750321.htm,No,Not tagged
www.avito.ma/fr/centre_ville/locations_de_vacances/Appartement_Meublé_Résidence_Jawharat_mogador__54703420.htm,No,Not tagged
www.avito.ma/fr/chefchaouen/matériels_professionnels/dacia_duster--à_vendre,No,Not tagged
www.avito.ma/fr/cheminoits/matériels_professionnels/roue_du_roulement_XU3_54762875.htm,No,Not tagged
www.avito.ma/fr/corniche/autre_immobilier/شقة_ممتازة_للكراء_اليومي_53321042.htm,No,Not tagged
www.avito.ma/fr/el_alia/téléphones/iPhone_11_Pro_256_Gb_Gold_53339439.htm,No,Not tagged
www.avito.ma/fr/el_borouj/instruments_de_musique/afficheur--à_vendre,No,Not tagged
www.avito.ma/fr/el_hajeb/samsung--à_vendre,No,Not tagged
www.avito.ma/fr/el_houda/voitures_d'occasion/voiture_Citroën_C_elysee_diesel__54771397.htm,No,Not tagged
www.avito.ma/fr/el_jadida/benz_220_essence,No,Not tagged
www.avito.ma/fr/el_jadida/chiot--à_vendre,No,Not tagged
www.avito.ma/fr/essaouira/autres_immobilier/lg--à_vendre,No,Not tagged
www.avito.ma/fr/fès/2_mars/bureaux_et_plateaux-à_vendre,No,Not tagged
www.avito.ma/fr/guelmim/riad_sahel--à_vendre,No,Not tagged
www.avito.ma/fr/guenfouda/terrains_et_fermes/marjana--à_vendre,No,Not tagged
www.avito.ma/fr/guéliz/locations_de_vacances/Appt_a_gueliz_avec_climatisation__55130532.htm,No,Not tagged
www.avito.ma/fr/guéliz/vêtements/Débardeur_sport_nike_original__54243361.htm,No,Not tagged
www.avito.ma/fr/harhoura/appartements/appartement_neuf__54672881.htm,No,Not tagged
www.avito.ma/fr/hassan/autres_instruments/multi_effects_zoom_54043439.htm,No,Not tagged
www.avito.ma/fr/hay_hassani/matériels_professionnels/robot_amande_importe__54757705.htm,No,Not tagged
www.avito.ma/fr/hay_hassani/téléphones/a72_الهاتف_لازال_في_حالة_جيدة_53567574.htm,No,Not tagged
www.avito.ma/fr/hay_mohammadi/image_&_son/Casque_jabra_54515345.htm,No,Not tagged
www.avito.ma/fr/hay_moulay_ismail/ordinateurs_portables/dell_7000_15__53565668.htm,No,Not tagged
www.avito.ma/fr/imoulass/resepteur--à_vendre,No,Not tagged
www.avito.ma/fr/khabazat/voitures_d'occasion/hyundai_atoss_prim_Gls_54713003.htm,No,Not tagged
www.avito.ma/fr/khouribga/chaussures/collection_pour--à_vendre,No,Not tagged
www.avito.ma/fr/la_gironde/equipements_pour_enfant_et_bébé/Chauffe_biberon_et_stérilisateur_Avent_54386245.htm,No,Not tagged
www.avito.ma/fr/larache/matériels_professionnels/info--à_vendre,No,Not tagged
www.avito.ma/fr/laâyoune/a_louer_pour--à_vendre,No,Not tagged
www.avito.ma/fr/laâyoune/بارطمة,No,Not tagged
www.avito.ma/fr/marjane/téléphones/ايفون_13_برو_ماكس_54239666.htm,No,Not tagged
www.avito.ma/fr/maroc/4ch--à_vendre,No,Not tagged
www.avito.ma/fr/maroc/84_الدار_البيضاء--à_vendre,No,Not tagged
www.avito.ma/fr/maroc/all_you--à_vendre,No,Not tagged
www.avito.ma/fr/maroc/bureau_580_de--à_vendre,No,Not tagged
www.avito.ma/fr/maroc/diesel_déwana--à_vendre,No,Not tagged
www.avito.ma/fr/maroc/electorménager_et_vaisselle/coins--à_vendre,No,Not tagged
www.avito.ma/fr/maroc/electorménager_et_vaisselle/passe--à_vendre,No,Not tagged
www.avito.ma/fr/maroc/entreprises/machine_decoupe--à_vendre,No,Not tagged
www.avito.ma/fr/maroc/equipements_pour_enfant/voiture_tres_bon_etat--à_vendre,No,Not tagged
www.avito.ma/fr/maroc/ford_fiesta_8--à_vendre,No,Not tagged
www.avito.ma/fr/maroc/immobilier/johara,No,Not tagged
www.avito.ma/fr/maroc/infographie_communication--à_vendre,No,Not tagged
www.avito.ma/fr/maroc/instalation--à_vendre,No,Not tagged
www.avito.ma/fr/maroc/isuzu_model,No,Not tagged
www.avito.ma/fr/maroc/jante_17_bmw--à_vendre,No,Not tagged
www.avito.ma/fr/maroc/jantes_pneus_pour--à_vendre,No,Not tagged
www.avito.ma/fr/maroc/kia_h1--à_vendre,No,Not tagged
www.avito.ma/fr/maroc/kit_protection_voiture--à_vendre,No,Not tagged
www.avito.ma/fr/maroc/local_20--à_vendre,No,Not tagged
www.avito.ma/fr/maroc/matériels_professionnels/et_aluminum--à_vendre,No,Not tagged
www.avito.ma/fr/maroc/matériels_professionnels/fes_sur_de--à_vendre,No,Not tagged
www.avito.ma/fr/maroc/meubles_et_décoration/placard_en_en--à_vendre,No,Not tagged
www.avito.ma/fr/maroc/meubles_et_décoration/projecteur_6000--à_vendre,No,Not tagged
www.avito.ma/fr/maroc/meubles_et_décoration/shiha--à_vendre,No,Not tagged
www.avito.ma/fr/maroc/motos/vente_cle--à_vendre,No,Not tagged
www.avito.ma/fr/maroc/motos/yamaha_air--à_vendre,No,Not tagged
www.avito.ma/fr/maroc/neuveau--à_vendre,No,Not tagged
www.avito.ma/fr/maroc/nitro_sito--à_vendre,No,Not tagged
www.avito.ma/fr/maroc/pc_sony_mini--à_vendre,No,Not tagged
www.avito.ma/fr/maroc/petite_table_manger--à_vendre,No,Not tagged
www.avito.ma/fr/maroc/pièces_et_accessoires_véhicules/avec_suspension--à_vendre,No,Not tagged
www.avito.ma/fr/maroc/sacs_et_accessoires/bracelet_pour_homme--à_vendre,No,Not tagged
www.avito.ma/fr/maroc/sports_et_loisirs/natation_et_la--à_vendre,No,Not tagged
www.avito.ma/fr/maroc/station_total_topographie--à_vendre,No,Not tagged
www.avito.ma/fr/maroc/stocks_et_vente_en_gros/day--à_vendre,No,Not tagged
www.avito.ma/fr/maroc/stocks_et_vente_en_gros/flash--à_vendre,No,Not tagged
www.avito.ma/fr/maroc/tablettes/hdmi_android--à_vendre,No,Not tagged
www.avito.ma/fr/maroc/terrains_et_fermes/طنجة_أرض--à_vendre,No,Not tagged
www.avito.ma/fr/maroc/toyota_1.0--à_vendre,No,Not tagged
www.avito.ma/fr/maroc/télévisions/man.--à_vendre,No,Not tagged
www.avito.ma/fr/maroc/ustensiles_de_patisserie--à_vendre,No,Not tagged
www.avito.ma/fr/maroc/véhicules/nitro_2010--à_vendre,No,Not tagged
www.avito.ma/fr/maroc/vélos/hta--à_vendre,No,Not tagged
www.avito.ma/fr/maroc/x360_13--à_vendre,No,Not tagged
www.avito.ma/fr/maroc/à_bd_mohammed--à_vendre,No,Not tagged
www.avito.ma/fr/maroc/ب_أولاد--à_vendre,No,Not tagged
www.avito.ma/fr/marrakech/animaux/t--à_vendre,No,Not tagged
www.avito.ma/fr/marrakech/appartements/appartement_au_2eme,No,Not tagged
www.avito.ma/fr/marrakech/appartements/design,No,Not tagged
www.avito.ma/fr/marrakech/bijoux_pour--à_vendre,No,Not tagged
www.avito.ma/fr/marrakech/es_saada/colocations/de_moumen,No,Not tagged
www.avito.ma/fr/marrakech/montres_et_bijoux/femme_la--à_vendre,No,Not tagged
www.avito.ma/fr/marrakech/ordinateurs_portables/ordinateur_portable_samsung--à_vendre,No,Not tagged
www.avito.ma/fr/marrakech/sense--à_vendre,No,Not tagged
www.avito.ma/fr/marrakech/un_maison_a--à_vendre,No,Not tagged
www.avito.ma/fr/mdiq/colocations/colocation_meublé,No,Not tagged
www.avito.ma/fr/meknes/hay_salam/jeux_vidéo_et_consoles-à_vendre,No,Not tagged
www.avito.ma/fr/mghogha/chaussures/Chaussures_____54416655.htm,No,Not tagged
www.avito.ma/fr/midelt/stocks_et_vente_en_gros/gros--à_vendre,No,Not tagged
www.avito.ma/fr/missour/pièces_et_accessoires_véhicules/renault_megane--à_vendre,No,Not tagged
www.avito.ma/fr/mohammedia/meubles/باقي_نقي_لبغاه_مرحبا_52998612.htm,No,Not tagged
www.avito.ma/fr/moulay_bouazza/3_slim_flache--à_vendre,No,Not tagged
www.avito.ma/fr/nador/tirakaa/chaussures-à_vendre,No,Not tagged
www.avito.ma/fr/oualidia/magasins_et_commerces/الدار_البيضاء_مومن--à_vendre,No,Not tagged
www.avito.ma/fr/oued_fès/accessoires_informatique_et_gadgets/مفاتيح_الويندوز_و_الأوفيس_الأصلية_54823001.htm,No,Not tagged
www.avito.ma/fr/oujda/animaux/قطة_سيامو__53043535.htm,No,Not tagged
www.avito.ma/fr/oujda/poussette_trois--à_vendre,No,Not tagged
www.avito.ma/fr/oujda/véhicules/citroen_c4--à_vendre,No,Not tagged
www.avito.ma/fr/ouled_arfa/voitures_d'occasion/كليو_4_54791962.htm,No,Not tagged
www.avito.ma/fr/ouled_frej/mazda_6,No,Not tagged
www.avito.ma/fr/ouled_oujih/electroménager_et_vaisselles/four_de_gaz_54414773.htm,No,Not tagged
www.avito.ma/fr/oulfa/voitures_d'occasion/Dacia_Logan_Diesel_Manuelle_2019_06_53974507.htm,No,Not tagged
www.avito.ma/fr/quartier_des_hôpitaux/appartements/Studio_vide_1chambres_salon_les_hôpitaux__51434197.htm,No,Not tagged
www.avito.ma/fr/rabat/2015_i5_8gb--à_vendre,No,Not tagged
www.avito.ma/fr/rabat/aviation/cours_et_formations-à_vendre,No,Not tagged
www.avito.ma/fr/rabat/c5_diesel_automatique--à_vendre,No,Not tagged
www.avito.ma/fr/rabat/de_108_à--à_vendre,No,Not tagged
www.avito.ma/fr/rabat/hay_riad/terrain_et_fermes--à_vendre,No,Not tagged
www.avito.ma/fr/rabat/objectif_70_200--à_vendre,No,Not tagged
www.avito.ma/fr/rabat/محلات--à_vendre,No,Not tagged
www.avito.ma/fr/safi/golf_polo_1.9--à_vendre,No,Not tagged
www.avito.ma/fr/said_hajji/meubles_et_décoration/شمع_مصنوع_يدويا__54088494.htm,No,Not tagged
www.avito.ma/fr/salé/meubles_et_décoration/chaise_avec_table--à_vendre,No,Not tagged
www.avito.ma/fr/settat/ecrans--à_vendre,No,Not tagged
www.avito.ma/fr/settat/jeux_vidéo_et_consoles/Ps3_ultra_slim_12gb_flashé_date_mardi_20juin_2023_53196847.htm,No,Not tagged
www.avito.ma/fr/settat/pochet--à_vendre,No,Not tagged
www.avito.ma/fr/seyad/magasins__commerces_et_locaux_industriels/Magasin_à_vendre_à_LE_VALON_DE_KENITRA_54704408.htm,No,Not tagged
www.avito.ma/fr/sidi_bernoussi/appartements/Appt_à_louer_à_6000DH_à_Ain_Sebaâ_16464_54687837.htm,No,Not tagged
www.avito.ma/fr/sidi_bernoussi/vêtements/vende_tjakete__54126125.htm,No,Not tagged
www.avito.ma/fr/skhinate/chaussures/120--à_vendre,No,Not tagged
www.avito.ma/fr/skoura_ahl_el_oust/meubles_et_décoration/meubles_et--à_vendre,No,Not tagged
www.avito.ma/fr/tahla/matériels_professionnels/machina--à_vendre,No,Not tagged
www.avito.ma/fr/tanger/17_a--à_vendre,No,Not tagged
www.avito.ma/fr/tanger/appartement_cote_de--à_vendre,No,Not tagged
www.avito.ma/fr/tanger/appartement_m2_boulevard--à_vendre,No,Not tagged
www.avito.ma/fr/tanger/bureau_reception--à_vendre,No,Not tagged
www.avito.ma/fr/tanger/english_bac--à_vendre,No,Not tagged
www.avito.ma/fr/tanger/hay_el_andalous/meubles_et_décoration-à_vendre,No,Not tagged
www.avito.ma/fr/tanger/jardin_et_outils_de_bricolage/gbh--à_vendre,No,Not tagged
www.avito.ma/fr/tanger/lumix_f2.8--à_vendre,No,Not tagged
www.avito.ma/fr/tanger/meubles_et_décoration/résine_epoxy--à_vendre,No,Not tagged
www.avito.ma/fr/tanger/montres_et_bijoux/GUESS_CHRONOGRAPHE__52833662.htm,No,Not tagged
www.avito.ma/fr/tanger/peugeo_206--à_vendre,No,Not tagged
www.avito.ma/fr/tanger/pour_toyota_rav4--à_vendre,No,Not tagged
www.avito.ma/fr/tanger/recepteur_hd_mini--à_vendre,No,Not tagged
www.avito.ma/fr/tanger/services/dessinateur_projeteur_en--à_vendre,No,Not tagged
www.avito.ma/fr/tanger/عرصة_الشاوية--à_vendre,No,Not tagged
www.avito.ma/fr/targuist/jardin_et_outils_de_bricolage-à_vendre,No,Not tagged
www.avito.ma/fr/taroudant/pièces_et_accessoires_véhicules/yamaha_tmax_530--à_vendre,No,Not tagged
www.avito.ma/fr/tetouan/taboula/remorques_et_caravans,No,Not tagged
www.avito.ma/fr/tit_mellil/meubles_et_décoration/Salon_fauteuil_53966727.htm,No,Not tagged
www.avito.ma/fr/tit_mellil/samsung_carte_mère--à_vendre,No,Not tagged
www.avito.ma/fr/tit_mellil/voitures_d'occasion/Kia_Picanto_Essence_Manuelle_2006_à_Tit_Mellil_54588044.htm,No,Not tagged
www.avito.ma/fr/tiznit/terrain_à_batir--à_vendre,No,Not tagged
www.avito.ma/fr/tlite/ultimo--à_vendre,No,Not tagged
www.avito.ma/fr/tétouan/magasins_et_commerces/pour_toute_l--à_vendre,No,Not tagged
www.avito.ma/fr/wifak/meubles_et_décoration/Miroir_authentique_54192343.htm,No,Not tagged
www.avito.ma/fr/zone_industrielle/autre_matériel_professionel/Rayonnage_léger_à_5_tablettes__54256736.htm,No,Not tagged
www.avito.ma/fr/فاس/أكدال/دكاكين_محلات_تجارية-à_vendre,No,Not tagged
www.avito.ma/ar/mohammedia/دراجات_نارية-للبيع,No,Not tagged
www.avito.ma/ar/temara/fiat_siena--à_vendre,No,Not tagged
www.avito.ma/ar/أساكا/قطع_الغيار_لوسائل_النقل/Pièces_et_Accessoires_pour_véhicules_à_Agadir_52872329.htm,No,Not tagged
www.avito.ma/ar/أكادير/هواتف/Samsung_galaxy_A50_128Go_n9a_tres_bon_etat__52973730.htm,No,Not tagged
www.avito.ma/ar/أكدال/الأثاث/Salon_L___2_m_85_x_2_m_60___54840816.htm,No,Not tagged
www.avito.ma/ar/ألماز/سيارات_مستعملة/BMW_520d_f10_54236804.htm,No,Not tagged
www.avito.ma/ar/أمال/الأثاث_والديكور/Salon_modern_54888522.htm,No,Not tagged
www.avito.ma/ar/أنفا/اكسسوارات__إلكترونية/Cover_pour_iPhone_XS__54111609.htm,No,Not tagged
www.avito.ma/ar/أولاد_سعيد_الواد/للمهنيين-للبيع,No,Not tagged
www.avito.ma/ar/أولاد_سعيد_الواد/مكاتب-للبيع,No,Not tagged
www.avito.ma/ar/اسفي/صوت_وصورة/شقة--للبيع,No,Not tagged
www.avito.ma/ar/الحسيمة/هواتف/iphone_12_bonne_état_64_GO_53535915.htm,No,Not tagged
www.avito.ma/ar/الحي_الصناعي/شقق/Appartement_50m2_à_Bouznika_50471762.htm,No,Not tagged
www.avito.ma/ar/الداخلة/معدات_مهنية/bureau_sans_retour_prix_raisonnable__54815626.htm,No,Not tagged
www.avito.ma/ar/الدار_البيضاء/bit_jdid--للبيع,No,Not tagged
www.avito.ma/ar/الدار_البيضاء/moutons_sardi--للبيع,No,Not tagged
www.avito.ma/ar/الدار_البيضاء/production_graphique--للبيع,No,Not tagged
www.avito.ma/ar/الدار_البيضاء/s_charger--للبيع,No,Not tagged
www.avito.ma/ar/الدار_البيضاء/أجهزة_الإلكترومناجي_والأواني/الممسحة_المثلثة_الممتدة_والقابلة_للدوران_54290896.htm,No,Not tagged
www.avito.ma/ar/الدار_البيضاء/برطما_شقة/a_hay_azhar,No,Not tagged
www.avito.ma/ar/الدار_البيضاء/سيارات_مستعملة/Toyota_Yaris_Essence_1_0L_55130270.htm,No,Not tagged
www.avito.ma/ar/الرباط/clac--للبيع,No,Not tagged
www.avito.ma/ar/الرباط/بقعـوـمزارع/arjat--للبيع,No,Not tagged
www.avito.ma/ar/الرباط/ترفيه--للبيع,No,Not tagged
www.avito.ma/ar/الرحمة/كمبيوتر_محمول/Pc_portable_HP_54797348.htm,No,Not tagged
www.avito.ma/ar/الرشيدية/fiat_siena_2005--للبيع,No,Not tagged
www.avito.ma/ar/الرشيدية/سيارات_مستعملة/Dacia_Duster_Diesel_Manuelle_2017_à_Errachidia_54551328.htm,No,Not tagged
www.avito.ma/ar/الريش/renault_megane_2--للبيع,No,Not tagged
www.avito.ma/ar/الصويرة/معدات_مهنية/3p--للبيع,No,Not tagged
www.avito.ma/ar/الفنيدق/منازل_للعطلة/Appt_belyounch_53386308.htm,No,Not tagged
www.avito.ma/ar/القنيطرة/air_32go--للبيع,No,Not tagged
www.avito.ma/ar/القنيطرة/canon_g5x--للبيع,No,Not tagged
www.avito.ma/ar/القنيطرة/tripourteur--للبيع,No,Not tagged
www.avito.ma/ar/المحاميد/الأثاث_والديكور/Grand_canape_54790244.htm,No,Not tagged
www.avito.ma/ar/المغرب/327--للبيع,No,Not tagged
www.avito.ma/ar/المغرب/appareil_fujifilm_finepix--للبيع,No,Not tagged
www.avito.ma/ar/المغرب/bazoga_et--للبيع,No,Not tagged
www.avito.ma/ar/المغرب/la_gamme_de--للبيع,No,Not tagged
www.avito.ma/ar/المغرب/liban--للبيع,No,Not tagged
www.avito.ma/ar/المغرب/pour_le_douche--للبيع,No,Not tagged
www.avito.ma/ar/المغرب/ri--للبيع,No,Not tagged
www.avito.ma/ar/المغرب/voitures/h--à_vendre,No,Not tagged
www.avito.ma/ar/المغرب/خياطة_وبيع--للبيع,No,Not tagged
www.avito.ma/ar/المغرب/دراجات_نارية/hero--للبيع,No,Not tagged
www.avito.ma/ar/المغرب/طابليط/802.11ac--للبيع,No,Not tagged
www.avito.ma/ar/المغرب/وسائل_النقل/egr_golf_6--للبيع,No,Not tagged
www.avito.ma/ar/المقاطعة/معدات_أخرى/chaise_opérateur_54560829.htm,No,Not tagged
www.avito.ma/ar/الناظور/لعري_شيخ/خدمات-للبيع,No,Not tagged
www.avito.ma/ar/النخيل/دراجات/Velo_De_voyage_electrique__53272380.htm,No,Not tagged
www.avito.ma/ar/الوسط/منازل_للعطلة/شقة_قرب_فندق_المرابطين_لقدم_البحر__54538364.htm,No,Not tagged
www.avito.ma/ar/الولفة/معدات_أخرى/LASELEC_SYLADE_7H_54724692.htm,No,Not tagged
www.avito.ma/ar/بئر_أنزران/معدات_أخرى/_رفوف_و_طوابق_à_Kénitra_53201377.htm,No,Not tagged
www.avito.ma/ar/برشيد/دراجات_نارية/103--للبيع,No,Not tagged
www.avito.ma/ar/بن_كرير/قطعـالغيارـلوسائلـالنقل/205--للبيع,No,Not tagged
www.avito.ma/ar/بنسليمان/تجهيزاتـللأطفالـوـالرضع/vendre_ou_a--للبيع,No,Not tagged
www.avito.ma/ar/بنى_ملال/partner_peugeot_diesel--للبيع,No,Not tagged
www.avito.ma/ar/بنى_ملال/معدات_مهنية/Concentrateur_d_oxygène__54248732.htm,No,Not tagged
www.avito.ma/ar/تارودانت/meubles_a--للبيع,No,Not tagged
www.avito.ma/ar/تازة/بقع_و_مزارع_للكراء/_ارض_فلاحية_54989479.htm,No,Not tagged
www.avito.ma/ar/تامسنا/تجهيزاتـللأطفالـوـالرضع/casquette--للبيع,No,Not tagged
www.avito.ma/ar/تاونات/الأثاثـوـالديكور-للبيع,No,Not tagged
www.avito.ma/ar/تطوان/تلفزيون/bonne--للبيع,No,Not tagged
www.avito.ma/ar/تطوان/سانية_الرمل/دروس-للبيع,No,Not tagged
www.avito.ma/ar/تكنو_بوليس/بقع_و_مزارع/Terrains_à_vendre_à_Salé_technopolis_53249669.htm,No,Not tagged
www.avito.ma/ar/حي_آخر/اكسسوارات_الكمبيوتر_والأجهزة/ATI__Radeon_HD_5450_512_Mo_54898340.htm,No,Not tagged
www.avito.ma/ar/حي_آخر/حيوانات_أليفة/لي_كيبيعو_يتواصل_معايا_55117892.htm,No,Not tagged
www.avito.ma/ar/حي_آخر/سيارات_مستعملة/KIFAL___KIA_Sorento_54173958.htm,No,Not tagged
www.avito.ma/ar/حي_آخر/معدات_المكتب/Bureau_de_direction_Economique_ks__54751135.htm,No,Not tagged
www.avito.ma/ar/حي_آخر/معدات_رياضية/Tapis_de_course_professionnel_importer_d_USA_49521787.htm,No,Not tagged
www.avito.ma/ar/حي_إزدهار/فن_وتحف/Apprendre_à_nager_en_toute_sécurité__55035673.htm,No,Not tagged
www.avito.ma/ar/حي_إزدهار/منازل_للعطلة/Jolie_appartement___55149662.htm,No,Not tagged
www.avito.ma/ar/حي_المحمدي/درجات_نارية/R1000_54210410.htm,No,Not tagged
www.avito.ma/ar/خريبكة/الأثاث_والديكور/placard_en_bois_rouge__53798223.htm,No,Not tagged
www.avito.ma/ar/خريبكة/هواتف/Iphone_11_53532994.htm,No,Not tagged
www.avito.ma/ar/رياض_اولاد_متع/أحذية/Adidas_cloudfoam_bleu_original_53524608.htm,No,Not tagged
www.avito.ma/ar/سباتة/هواتف/Poco_x3_pro_8_256_53389832.htm,No,Not tagged
www.avito.ma/ar/سطات/معدات_أخرى/encre_uv____52914204.htm,No,Not tagged
www.avito.ma/ar/سنابة/فيلات___رياض/_يلا_فخمة_بمنطقة_أولاد_داحو_لمحبي_الهدوء_54754265.htm,No,Not tagged
www.avito.ma/ar/سيال/فن_وتحف/Art_et_Collections_à_Casablanca_53211395.htm,No,Not tagged
www.avito.ma/ar/سيدي_علال_البحراوي/تجارة_وأعمال_تجارية/Auto_ecole_a_vendre__54773652.htm,No,Not tagged
www.avito.ma/ar/سيدي_قاسم/مكملات_غذائية/miel_naturel_de_qualité__54979800.htm,No,Not tagged
www.avito.ma/ar/سيدي_معروف/تجهيزات_للأطفال_و_الرُضَّع/Le_sac_à_dos__54424390.htm,No,Not tagged
www.avito.ma/ar/شارع_الجيش_الملكي/حيوانات_أليفة/انزكان_ايت_ملول__54634048.htm,No,Not tagged
www.avito.ma/ar/طريق_إموزار/سيارات_مستعملة/Renault_Clio_Diesel_Manuelle_2021_à_Fès_54344585.htm,No,Not tagged
www.avito.ma/ar/طنجة/اكسسوارات_الكمبيوتر_والأجهزة/HP_ENVY_X360_R7_4700U__52753573.htm,No,Not tagged
www.avito.ma/ar/طنجة/كاز--للبيع,No,Not tagged
www.avito.ma/ar/عين_الشق/هواتف/Redmi_Note_9S_54212930.htm,No,Not tagged
www.avito.ma/ar/عين_دياب/فن_وتحف/Ancienne_balance__54544210.htm,No,Not tagged
www.avito.ma/ar/فاس/سايس/عقارات_للبيع-للبيع,No,Not tagged
www.avito.ma/ar/فاس/طريق_صفرو/ﺍﻵﻼـﺎﻟﺯﺭﺎﻌﻳﺓ-للبيع,No,Not tagged
www.avito.ma/ar/كسباراطا/هواتف/iPhone_X_256_gb_54396341.htm,No,Not tagged
www.avito.ma/ar/كلميم/دكاكين_محلات_تجارية/magasin--للبيع,No,Not tagged
www.avito.ma/ar/كليز/اكسسوارات_الكمبيوتر_والأجهزة/WINNES_Mini_GPS_Tracker_905p_53688823.htm,No,Not tagged
www.avito.ma/ar/كوتيي/شقق/Idéal_pour_un_investissement_pour_revenu_Locatif_54469716.htm,No,Not tagged
www.avito.ma/ar/ليساسفة/معدات_المكتب/bureau_marque_Kitea_blanc_1m80_53729518.htm,No,Not tagged
www.avito.ma/ar/مدينة_الرحمة/عقار/appartement_65m_meublé,No,Not tagged
www.avito.ma/ar/مراكش/lit_place--للبيع,No,Not tagged
www.avito.ma/ar/مراكش/samsung_a10_pro--للبيع,No,Not tagged
www.avito.ma/ar/مراكش/قطع_الغيار_لوسائل_النقل/cofre_moto_53127964.htm,No,Not tagged
www.avito.ma/ar/مراكش/كمبيوترـمنزلي/...et...--للبيع,No,Not tagged
www.avito.ma/ar/مرتيل/de_147_à--للبيع,No,Not tagged
www.avito.ma/ar/مريرت/درجات_نارية/nash_motor_53733297.htm,No,Not tagged
www.avito.ma/ar/معمورة/سيارات_مستعملة/Mercedes__53324815.htm,No,Not tagged
www.avito.ma/ar/مغوغة/بقع_و_مزارع_للكراء/أرض_للبيع_في_مغوغة__54188688.htm,No,Not tagged
www.avito.ma/ar/مكناس/أحذيية/à_dans_la--للبيع,No,Not tagged
www.avito.ma/ar/مكناس/اكسسوارات_الكمبيوتر_والأجهزة/Toner_12a_52799016.htm,No,Not tagged
www.avito.ma/ar/مكناس/ساعاتـوـمجوهرات/العقيق--للبيع,No,Not tagged
www.avito.ma/ar/مولاي_يوسف/دار_أو_ڨيلا/منزل_يتوفر_على_5_طوابق_52867190.htm,No,Not tagged
www.avito.ma/ar/ميدلت/man--للبيع,No,Not tagged
www.avito.ma/ar/واد_زم/منتجاتـالتجميل/mat--للبيع,No,Not tagged
www.avito.ma/ar/وجدة/أجهزةـالإلكترومناجيـوـالأواني/bon_etat--للبيع,No,Not tagged
www.avito.ma/ar/يعقوب_المنصور/قطع_الغيار_لوسائل_النقل/Pneu_235_45R13_53074784.htm,No,Not tagged
www.avito.ma/auto/neuf/peugeot/208/1.2-vti-82-access/,No,Not tagged
www.avito.ma/auto/neuf/volkswagen/golf/2.0-tdi-170-gtd-dsg6/,No,Not tagged
www.avito.ma/auto/neuf/volkswagen/touareg/3.0-v6-tdi-240-legend-luxe+bi-xénon/,No,Not tagged
www.avito.ma/fr/2_mars/matériels_professionnels/Frigo______________________54289869.htm,No,Not tagged
www.avito.ma/fr/administratif/petit_electroménager/فورنو_كبير_وصغير_54436370.htm,No,Not tagged
www.avito.ma/fr/agadir/hay_mohammadi/meubles_et_décoration/pour_la_maison--à_vendre,No,Not tagged
www.avito.ma/fr/agadir/hay_salam/terrains_et_fermes/dakhla--à_vendre,No,Not tagged
www.avito.ma/fr/agadir/sonaba/بقعة_للبيع--à_vendre,No,Not tagged
www.avito.ma/fr/agadir/table_de_coin--à_vendre,No,Not tagged
www.avito.ma/fr/agadir/voitures/motor--à_vendre,No,Not tagged
www.avito.ma/fr/agdal/appareils_photo_et_caméras/Caméra_Professionnelle_Panasonic__54439711.htm,No,Not tagged
www.avito.ma/fr/ain_aouda/vetements/cooper--à_vendre,No,Not tagged
www.avito.ma/fr/ain_sebaa/instruments_de_musique/Guinbry_professionnel__avec_la_housse__54419100.htm,No,Not tagged
www.avito.ma/fr/ain_sebaa/meubles_et_décoration/Canapé_lit_clic_clac_53897426.htm,No,Not tagged
www.avito.ma/fr/al_hoceima/locations_de_vacances/Appartement_à_louer_à_AL_HOCEIMA__53117381.htm,No,Not tagged
www.avito.ma/fr/al_irfane/couture___crochet__tricottage/carte_gold_mawazine__55126739.htm,No,Not tagged
www.avito.ma/fr/al_madina_aljadida/stocks_et_vente_en_gros/Fauteuil_président_669109939_54530725.htm,No,Not tagged
www.avito.ma/fr/al_qods/sports_et_loisirs/Crampons_pro_adidas_54121634.htm,No,Not tagged
www.avito.ma/fr/almaz/matériels_professionnels/TABLE_DE_RÉUNION_50227956.htm,No,Not tagged
www.avito.ma/fr/autre_secteur/accessoires_informatique_et_gadgets/Mini_Caméra_WIFI_IP_1080P__54656322.htm,No,Not tagged
www.avito.ma/fr/autre_secteur/autre_matériel_professionel/trans_palettes_électriques__54391314.htm,No,Not tagged
www.avito.ma/fr/autre_secteur/magasins__commerces_et_locaux_industriels/DES_LOCAU_COMMERCIAUX_AVENDRE_LWIZIYA_A_750000_55125748.htm,No,Not tagged
www.avito.ma/fr/azzouzia/meubles_et_décoration/table_maison_marocain_avec_4_sandriers__54898252.htm,No,Not tagged
www.avito.ma/fr/aïn_borja/matériels_professionnels/Ensemble_Fauteuil_Blad_Llol_A_Aïn_Borrja_54488121.htm,No,Not tagged
www.avito.ma/fr/aïn_chock/décoration/tableau_christophe_gilbert_femmes_noires__54734290.htm,No,Not tagged
www.avito.ma/fr/belvédère/matériels_professionnels/Coupe_carte_visite_electrique_54364679.htm,No,Not tagged
www.avito.ma/fr/ben_guerir/films_livres_magazines/chimie--à_vendre,No,Not tagged
www.avito.ma/fr/beni_yakhlef/jardin_et_outils_de_bricolage-à_vendre,No,Not tagged
www.avito.ma/fr/benslimane/camions/pour--à_vendre,No,Not tagged
www.avito.ma/fr/berkane/sidi_yahia--à_vendre,No,Not tagged
www.avito.ma/fr/berrechid/matériels_professionnels/ليالي_2_53072287.htm,No,Not tagged
www.avito.ma/fr/bir_rami_ouest/matériels_professionnels/Matériels_Professionnels_à_Kénitra_53580948.htm,No,Not tagged
www.avito.ma/fr/bir_tam_tam/motos/benelli--à_vendre,No,Not tagged
www.avito.ma/fr/bled_eljed/meubles_et_décoration/Tableau_yahya_arte_C28_54162013.htm,No,Not tagged
www.avito.ma/fr/béni_mellal/tablettes/بوعشوش_بني_ملال_54780035.htm,No,Not tagged
www.avito.ma/fr/californie/voitures_d'occasion/Opel_crossland_x_diesel__54845648.htm,No,Not tagged
www.avito.ma/fr/casablanca/agence_femme_menage--à_vendre,No,Not tagged
www.avito.ma/fr/casablanca/californie/appartements/location_appartement,No,Not tagged
www.avito.ma/fr/casablanca/cdm--à_vendre,No,Not tagged
www.avito.ma/fr/casablanca/equipements_pour_enfant_et_bébé/لعبة_دراجة_نارية_للاطفال__53078141.htm,No,Not tagged
www.avito.ma/fr/casablanca/garcia--à_vendre,No,Not tagged
www.avito.ma/fr/casablanca/haltere--à_vendre,No,Not tagged
www.avito.ma/fr/casablanca/hay_hassani/télévisions/t--à_vendre,No,Not tagged
www.avito.ma/fr/casablanca/honda_prelude--à_vendre,No,Not tagged
www.avito.ma/fr/casablanca/meubles_et_décoration/tram--à_vendre,No,Not tagged
www.avito.ma/fr/casablanca/pointure_45--à_vendre,No,Not tagged
www.avito.ma/fr/casablanca/salon_123--à_vendre,No,Not tagged
www.avito.ma/fr/casablanca/spongebob--à_vendre,No,Not tagged
www.avito.ma/fr/casablanca/tida--à_vendre,No,Not tagged
www.avito.ma/fr/casablanca/val_fleuri/jeux_vidéo_et_consoles/de_marques--à_vendre,No,Not tagged
www.avito.ma/fr/centre/appartements/Appartement_meublé_à_louer_situé_au_centre_ville_54571725.htm,No,Not tagged
www.avito.ma/fr/centre_ville/cuisinières__serveur__barman/Assistant_multitâche__54767892.htm,No,Not tagged
www.avito.ma/fr/centre_ville/instruments_de_musique/pioneer_XDJ_RX2_54040208.htm,No,Not tagged
www.avito.ma/fr/centre_ville/matériels_professionnels/mobilier_de_bureau_bureau_de_direction_ss_de__54338490.htm,No,Not tagged
www.avito.ma/fr/dakhla/essalam/sports_et_loisirs-à_vendre,No,Not tagged
www.avito.ma/fr/dakhla/meubles_et_décoration/grillage_de--à_vendre,No,Not tagged
www.avito.ma/fr/darb_moulay_hassan/matériels_professionnels/Chaises_Scolaire_ISO_52919159.htm,No,Not tagged
www.avito.ma/fr/derb_ghallef/meubles_et_décoration/TABLEAU_THE_DARK_KNIGHT_TRILOGY_54253925.htm,No,Not tagged
www.avito.ma/fr/drissia/téléphones/Samsung_z_fold_4_54697767.htm,No,Not tagged
www.avito.ma/fr/el_jadida/appartements/un_appt,No,Not tagged
www.avito.ma/fr/el_mansouria/offres_d'emploi,No,Not tagged
www.avito.ma/fr/el_mansouria/terrains_et_fermes/voiture_pour--à_vendre,No,Not tagged
www.avito.ma/fr/fquih_ben_saleh/accessoires_informatique_et_gadgets/noir_sport--à_vendre,No,Not tagged
www.avito.ma/fr/fquih_ben_saleh/sports_et_loisirs/appareil_pour_entrainment_54145940.htm,No,Not tagged
www.avito.ma/fr/guelmim/benz--à_vendre,No,Not tagged
www.avito.ma/fr/guelmim/rouge_toyota_corolla--à_vendre,No,Not tagged
www.avito.ma/fr/hassan/appartements/Appartement_à_vendre_69_m²_à_Rabat_1_7M_54828589.htm,No,Not tagged
www.avito.ma/fr/haut_agdal/voitures_d'occasion/Dacia_Logan_en_très_bon_état__54731661.htm,No,Not tagged
www.avito.ma/fr/hay_al_hassani/téléphones/Samsung_A02s_ba9i_n9i_54815414.htm,No,Not tagged
www.avito.ma/fr/hay_al_massar/sports_et_loisirs/Equipements_cardio_pour_club_fitness__54529247.htm,No,Not tagged
www.avito.ma/fr/hay_atlas/voitures_d'occasion/Jeep_Cherokee_limited_54768432.htm,No,Not tagged
www.avito.ma/fr/hay_chmaou/meubles_et_décoration/طابلة_الصالون__54898651.htm,No,Not tagged
www.avito.ma/fr/hay_el_bouwab/vêtements/اسفي_البواب_54817736.htm,No,Not tagged
www.avito.ma/fr/hay_hassani/matériels_professionnels/batteur_patisserie_importe__54827224.htm,No,Not tagged
www.avito.ma/fr/hay_laymouna/films__livres__magazines/Bloggers_6e_édition_maison_des_langues__54760705.htm,No,Not tagged
www.avito.ma/fr/hay_mohammadi/appartements/Appartement_bien_équipé__54735368.htm,No,Not tagged
www.avito.ma/fr/hay_mohammadi/sports_et_loisirs/Hoverboard__54622539.htm,No,Not tagged
www.avito.ma/fr/hay_nahda/décoration/paravent_5_volets_seaside_bastion_ii_à_rabat_54878206.htm,No,Not tagged
www.avito.ma/fr/hay_salam/voitures_d'occasion/Clio_4_2021_54788749.htm,No,Not tagged
www.avito.ma/fr/inzegan/motos/Stunt_2014_52932121.htm,No,Not tagged
www.avito.ma/fr/issafen/chaussures/at.--à_vendre,No,Not tagged
www.avito.ma/fr/khouribga/sacs_et_accessoires/de_luis--à_vendre,No,Not tagged
www.avito.ma/fr/khouribga/voitures/taoujdate--à_vendre,No,Not tagged
www.avito.ma/fr/laâyoune/autre_matériel_professionel/منشار_طاولة__52821035.htm,No,Not tagged
www.avito.ma/fr/m'dina_k'dima/téléphones/one_plus_nord_2_ce_128g_8g_ram_5G_54443658.htm,No,Not tagged
www.avito.ma/fr/maarif/appareils_photo_et_caméras/GoPro_11_Black__à_vendre_à_Casablanca_54482334.htm,No,Not tagged
www.avito.ma/fr/maroc/3_clef--à_vendre,No,Not tagged
www.avito.ma/fr/maroc/accessoires_informatique_et_gadgets/tv_ultra_hd_4k--à_vendre,No,Not tagged
www.avito.ma/fr/maroc/animaux/40_kg--à_vendre,No,Not tagged
www.avito.ma/fr/maroc/animaux/queue--à_vendre,No,Not tagged
www.avito.ma/fr/maroc/appareils_photo_cameras/de_aspire--à_vendre,No,Not tagged
www.avito.ma/fr/maroc/appareils_photo_cameras/plug--à_vendre,No,Not tagged
www.avito.ma/fr/maroc/appartements/casawiya,No,Not tagged
www.avito.ma/fr/maroc/assanseur--à_vendre,No,Not tagged
www.avito.ma/fr/maroc/bouskoura_haut--à_vendre,No,Not tagged
www.avito.ma/fr/maroc/casablanca_appartement_56m2--à_vendre,No,Not tagged
www.avito.ma/fr/maroc/chaussures/70--à_vendre,No,Not tagged
www.avito.ma/fr/maroc/cvc--à_vendre,No,Not tagged
www.avito.ma/fr/maroc/detecteur_de_fer--à_vendre,No,Not tagged
www.avito.ma/fr/maroc/dreambox_hd_se--à_vendre,No,Not tagged
www.avito.ma/fr/maroc/echappement_amg__,No,Not tagged
www.avito.ma/fr/maroc/en_russe--à_vendre,No,Not tagged
www.avito.ma/fr/maroc/founty_piscine--à_vendre,No,Not tagged
www.avito.ma/fr/maroc/gucci_pour_homme--à_vendre,No,Not tagged
www.avito.ma/fr/maroc/image_et_son/core_2_2gb--à_vendre,No,Not tagged
www.avito.ma/fr/maroc/immobilier/piscine_de_420m2,No,Not tagged
www.avito.ma/fr/maroc/intel_i5_2520m--à_vendre,No,Not tagged
www.avito.ma/fr/maroc/konica_minolta_tn--à_vendre,No,Not tagged
www.avito.ma/fr/maroc/lit_a_bebe--à_vendre,No,Not tagged
www.avito.ma/fr/maroc/matériels_professionnels/chaussures_une--à_vendre,No,Not tagged
www.avito.ma/fr/maroc/matériels_professionnels/tour_de_bois--à_vendre,No,Not tagged
www.avito.ma/fr/maroc/meubles_et_décoration/05_a--à_vendre,No,Not tagged
www.avito.ma/fr/maroc/meubles_et_décoration/housse_chaise--à_vendre,No,Not tagged
www.avito.ma/fr/maroc/meubles_et_décoration/salon_avec_un--à_vendre,No,Not tagged
www.avito.ma/fr/maroc/meubles_et_décoration/x_matelas--à_vendre,No,Not tagged
www.avito.ma/fr/maroc/mini_led--à_vendre,No,Not tagged
www.avito.ma/fr/maroc/montre_swatch_irdny--à_vendre,No,Not tagged
www.avito.ma/fr/maroc/montres_et_bijoux/produits_et--à_vendre,No,Not tagged
www.avito.ma/fr/maroc/motos/bon_prix_neuf--à_vendre,No,Not tagged
www.avito.ma/fr/maroc/motos/jantes_avec--à_vendre,No,Not tagged
www.avito.ma/fr/maroc/neuf_not_comme_neuf--à_vendre,No,Not tagged
www.avito.ma/fr/maroc/pc_steam--à_vendre,No,Not tagged
www.avito.ma/fr/maroc/ram_2gb_ddr3_pour_pc_portable--à_vendre,No,Not tagged
www.avito.ma/fr/maroc/ram_3go--à_vendre,No,Not tagged
www.avito.ma/fr/maroc/stocks_et_vente_en_gros/3_0--à_vendre,No,Not tagged
www.avito.ma/fr/maroc/stocks_et_vente_en_gros/papier_a4_double--à_vendre,No,Not tagged
www.avito.ma/fr/maroc/stocks_et_vente_en_gros/طبيعي_و--à_vendre,No,Not tagged
www.avito.ma/fr/maroc/telephone_i_6--à_vendre,No,Not tagged
www.avito.ma/fr/maroc/tercel_98--à_vendre,No,Not tagged
www.avito.ma/fr/maroc/terrain_commercial_r3--à_vendre,No,Not tagged
www.avito.ma/fr/maroc/terrains_et_fermes/de_270--à_vendre,No,Not tagged
www.avito.ma/fr/maroc/télévisions/hd_43--à_vendre,No,Not tagged
www.avito.ma/fr/maroc/télévisions/samsung_occasion--à_vendre,No,Not tagged
www.avito.ma/fr/maroc/vetements/a_de_6--à_vendre,No,Not tagged
www.avito.ma/fr/maroc/voitures/de_lux_a--à_vendre,No,Not tagged
www.avito.ma/fr/maroc/vélos/site--à_vendre,No,Not tagged
www.avito.ma/fr/maroc/xiaomi_mi_5_pro--à_vendre,No,Not tagged
www.avito.ma/fr/maroc/قفزات--à_vendre,No,Not tagged
www.avito.ma/fr/marrakech/akioud/magasins_et_commerces/ou_autres--à_vendre,No,Not tagged
www.avito.ma/fr/marrakech/appartements/de_salon_coiffure,No,Not tagged
www.avito.ma/fr/marrakech/bin_lkchali/animaux/...et...--à_vendre,No,Not tagged
www.avito.ma/fr/marrakech/inara/geometre--à_vendre,No,Not tagged
www.avito.ma/fr/marrakech/made_italy--à_vendre,No,Not tagged
www.avito.ma/fr/marrakech/p_77--à_vendre,No,Not tagged
www.avito.ma/fr/marrakech/pawer--à_vendre,No,Not tagged
www.avito.ma/fr/marrakech/sports_et_loisirs/jumelles_et--à_vendre,No,Not tagged
www.avito.ma/fr/martil/pièces_et_accessoires_véhicules/codes--à_vendre,No,Not tagged
www.avito.ma/fr/massira_3/image_&_son/ecouteurs_sans_fil_livraison_gratuite_54761798.htm,No,Not tagged
www.avito.ma/fr/mdiq/bulls--à_vendre,No,Not tagged
www.avito.ma/fr/mdiq/sacs_et_accessoires/jordan--à_vendre,No,Not tagged
www.avito.ma/fr/mohammedia/de_m2_oued--à_vendre,No,Not tagged
www.avito.ma/fr/mohammedia/opel_4x4--à_vendre,No,Not tagged
www.avito.ma/fr/mont_fleuri_2/jeux_vidéo_et_consoles/Ps4_slim_500_GB_54367770.htm,No,Not tagged
www.avito.ma/fr/nador/sony_oled--à_vendre,No,Not tagged
www.avito.ma/fr/nador/vélos/de_de_1000--à_vendre,No,Not tagged
www.avito.ma/fr/ouarzazate/meubles_et_décoration/Séparation_Fleurs_Sur_La_Pierre_A_Toute_La_Viille_54704589.htm,No,Not tagged
www.avito.ma/fr/ouarzazate/télévisions/pc--à_vendre,No,Not tagged
www.avito.ma/fr/oujda/plateau_bureau_en--à_vendre,No,Not tagged
www.avito.ma/fr/oujda/route_jerada/etagere--à_vendre,No,Not tagged
www.avito.ma/fr/oujda/vetements/short_de--à_vendre,No,Not tagged
www.avito.ma/fr/rabat/cameras_dahua--à_vendre,No,Not tagged
www.avito.ma/fr/rabat/lit_superposes--à_vendre,No,Not tagged
www.avito.ma/fr/rabat/motos_benelli--à_vendre,No,Not tagged
www.avito.ma/fr/rabat/point_d_acces--à_vendre,No,Not tagged
www.avito.ma/fr/rabat/radeon_hd_7000--à_vendre,No,Not tagged
www.avito.ma/fr/rabat/sur_matelas,No,Not tagged
www.avito.ma/fr/rabat/vetements/avec_bonne_prix--à_vendre,No,Not tagged
www.avito.ma/fr/ras_el_ain/electorménager_et_vaisselle-à_vendre,No,Not tagged
www.avito.ma/fr/rommani/magasins_et_commerces/telephone--à_vendre,No,Not tagged
www.avito.ma/fr/safi/trab_assini/meubles_et_décoration-à_vendre,No,Not tagged
www.avito.ma/fr/safir/voitures_d'occasion/Audi_A3_Diesel_Automatique_2018_à_Tétouan_54788376.htm,No,Not tagged
www.avito.ma/fr/saka/animaux/baraka--à_vendre,No,Not tagged
www.avito.ma/fr/saka/télévisions/carte--à_vendre,No,Not tagged
www.avito.ma/fr/sala_al-jadida/al_bassatine/magasins_et_commerces-à_vendre,No,Not tagged
www.avito.ma/fr/salé/location_de--demandes,No,Not tagged
www.avito.ma/fr/salé/massira/à_vendre,No,Not tagged
www.avito.ma/fr/settat/chaussures/kénitra--à_vendre,No,Not tagged
www.avito.ma/fr/settat/matériels_professionnels/Table_Individuelle_Très_Bon_Qualité_6635314444_54679311.htm,No,Not tagged
www.avito.ma/fr/sidi_maarouf/appartements/APPARTEMENT_AVEC_AS_GR_54764511.htm,No,Not tagged
www.avito.ma/fr/sidi_moumen/ordinateurs_de_bureau/All_in_One_PC_Dell_i5_Professionnel_Ram_8_Disc_SSD__55127370.htm,No,Not tagged
www.avito.ma/fr/sidi_rahal/locations_de_vacances/Grand_appartement_à_Ola_Blanca_vue_sur_piscine_50807571.htm,No,Not tagged
www.avito.ma/fr/tabriquet/equipements_pour_enfant_et_bébé/كونفلابل_مستعملة_للبيع_54045409.htm,No,Not tagged
www.avito.ma/fr/tamri/beausejour/jardin_et_outils_de_bricolage-à_vendre,No,Not tagged
www.avito.ma/fr/tanger/accessoires_informatique_et_gadgets/tiger--à_vendre,No,Not tagged
www.avito.ma/fr/tanger/bilan_de--à_vendre,No,Not tagged
www.avito.ma/fr/tanger/decoupe_adhesif--à_vendre,No,Not tagged
www.avito.ma/fr/tanger/fix_objectif--à_vendre,No,Not tagged
www.avito.ma/fr/tanger/jacket_burberry--à_vendre,No,Not tagged
www.avito.ma/fr/tanger/lampe_anti_moustiques--à_vendre,No,Not tagged
www.avito.ma/fr/tanger/mob--à_vendre,No,Not tagged
www.avito.ma/fr/tanger/motos/motor_sghir--à_vendre,No,Not tagged
www.avito.ma/fr/tanger/motos/moyo--à_vendre,No,Not tagged
www.avito.ma/fr/tanger/poule--à_vendre,No,Not tagged
www.avito.ma/fr/tanger/zombie--à_vendre,No,Not tagged
www.avito.ma/fr/tanger/أحدية--à_vendre,No,Not tagged
www.avito.ma/fr/taroudant/montres_et_bijoux/sport_et--à_vendre,No,Not tagged
www.avito.ma/fr/taza/accessoires_informatique_et_gadgets/telephones--à_vendre,No,Not tagged
www.avito.ma/fr/taza/camions/mercedes_vendre--à_vendre,No,Not tagged
www.avito.ma/fr/thar_essouk/autres_immobilier/...et...--à_vendre,No,Not tagged
www.avito.ma/fr/tiznit/audi_a4_2013--à_vendre,No,Not tagged
www.avito.ma/fr/touissit/canon_1100d--à_vendre,No,Not tagged
www.avito.ma/fr/بنى_ملال/الأثاثـوـالديكور/pour_les_enfants--للبيع,No,Not tagged
www.avito.ma/sp/misc/accessoires-voiture-smart,No,Not tagged
www.avito.ma/sp/misc/issue,No,Not tagged
www.avito.ma/ar/2_مارس/حقائب_وأكسسوارات/Sac_Chic_Gucci_Disponible__53660103.htm,No,Not tagged
www.avito.ma/ar/2_مارس/حيوانات_أليفة/Spitz_nain__54552455.htm,No,Not tagged
www.avito.ma/ar/2_مارس/معدات_أخرى/concentrateur_d_oxygène_Inogen_Rove_6_NEW_54496938.htm,No,Not tagged
www.avito.ma/ar/2_مارس/هواتف/iPhone_11_Pro_Max_officiel_64_94_54727263.htm,No,Not tagged
www.avito.ma/ar/2_مرجان/دار_أو_ڨيلا/maison_complète_à_deux_étages_à_Meknès__53344027.htm,No,Not tagged
www.avito.ma/ar/2_مرجان/سيارات_مستعملة/_sport__54717251.htm,No,Not tagged
www.avito.ma/ar/fès/voitures/et_golf--à_vendre,No,Not tagged
www.avito.ma/ar/أزرو/منازل_للعطلة/Bienvenue_à_azrou__53448633.htm,No,Not tagged
www.avito.ma/ar/أكدال/الأثاث/Table_salle_à_manger_53826075.htm,No,Not tagged
www.avito.ma/ar/أنفا/اكسسوارات_الكمبيوتر_والأجهزة/Pièce_de_rechange_Pour_Oppo_A7_48199466.htm,No,Not tagged
www.avito.ma/ar/اسفي/toutes_pour--ﺕﺮﻳﺩ_ﺵﺭﺍﺀ,No,Not tagged
www.avito.ma/ar/اسفي/سعيدة1_و2/برطما_شقة,No,Not tagged
www.avito.ma/ar/اسفي/طابليط/tablette_16gb--للبيع,No,Not tagged
www.avito.ma/ar/اشقار/سيارات__للكراء/Magnifique_voiture_à_louer_54767172.htm,No,Not tagged
www.avito.ma/ar/الجديدة/شاحنات/des--للبيع,No,Not tagged
www.avito.ma/ar/الحوز/مكاتب/client--للبيع,No,Not tagged
www.avito.ma/ar/الدار_البيضاء/fabrication_des--للبيع,No,Not tagged
www.avito.ma/ar/الدار_البيضاء/pour_palan--للبيع,No,Not tagged
www.avito.ma/ar/الدار_البيضاء/samsung_a70--للبيع,No,Not tagged
www.avito.ma/ar/الدار_البيضاء/حي_الحسني/أحذيية/l--للبيع,No,Not tagged
www.avito.ma/ar/الدار_البيضاء/معدات_طبية/feuille_de_plomb_radiologie_maroc__52637213.htm,No,Not tagged
www.avito.ma/ar/الرباط/199--للبيع,No,Not tagged
www.avito.ma/ar/الرباط/ix_35_boite--للبيع,No,Not tagged
www.avito.ma/ar/الرباط/renault_r11_essence--للبيع,No,Not tagged
www.avito.ma/ar/الرباط/ﻒﻧ_ﻮﺘﺤﻓ/un_d--للبيع,No,Not tagged
www.avito.ma/ar/الرحمة/آلات_تصوير_و_كاميرات/dvr_camirat__54707666.htm,No,Not tagged
www.avito.ma/ar/الرماني/عقار/500_personnes,No,Not tagged
www.avito.ma/ar/الساحل_اولاد_حريز/الأثاثـوـالديكور-للبيع,No,Not tagged
www.avito.ma/ar/الصويرة/mercedes_150--للبيع,No,Not tagged
www.avito.ma/ar/الطيران/أفلام_وكتب_ومجلات/Divers_livres_occasions__52830131.htm,No,Not tagged
www.avito.ma/ar/العرائش/كراء_مشترك/chambre__54430202.htm,No,Not tagged
www.avito.ma/ar/القنيطرة/levier_vitesse--للبيع,No,Not tagged
www.avito.ma/ar/المدينة/آلات_موسيقية_أخرى/amplificateur__54541947.htm,No,Not tagged
www.avito.ma/ar/المدينة_القديمة/سيارات_مستعملة/205_a_vendre__54744882.htm,No,Not tagged
www.avito.ma/ar/المعاريف_امتداد/شقق/5196_Appt_à_louer_à_7000DH_à_Maarif_Extension_54687638.htm,No,Not tagged
www.avito.ma/ar/المغرب/6g_ram_neuf--للبيع,No,Not tagged
www.avito.ma/ar/المغرب/camelia--للبيع,No,Not tagged
www.avito.ma/ar/المغرب/clio_essence_1--للبيع,No,Not tagged
www.avito.ma/ar/المغرب/coffret_cadeaux--للبيع,No,Not tagged
www.avito.ma/ar/المغرب/de_sécurité_tetouan--للبيع,No,Not tagged
www.avito.ma/ar/المغرب/des_chaises_et_des_tables_professionnel--للبيع,No,Not tagged
www.avito.ma/ar/المغرب/f20--للبيع,No,Not tagged
www.avito.ma/ar/المغرب/h__core--للبيع,No,Not tagged
www.avito.ma/ar/المغرب/les_terase--للبيع,No,Not tagged
www.avito.ma/ar/المغرب/machine_à_laver_arthur_martin--للبيع,No,Not tagged
www.avito.ma/ar/المغرب/mazl_n9ia--للبيع,No,Not tagged
www.avito.ma/ar/المغرب/namoussia--للبيع,No,Not tagged
www.avito.ma/ar/المغرب/samsung_300_dh--للبيع,No,Not tagged
www.avito.ma/ar/المغرب/sumsung_galaxy_plus--للبيع,No,Not tagged
www.avito.ma/ar/المغرب/voitures/led_couleur--à_vendre,No,Not tagged
www.avito.ma/ar/المغرب/أحذيية/sold--للبيع,No,Not tagged
www.avito.ma/ar/المغرب/برطما_شقة/bouznika_doha,No,Not tagged
www.avito.ma/ar/المغرب/برطما_شقة/location_commerce,No,Not tagged
www.avito.ma/ar/المغرب/تلفزيون/tv_32_40--للبيع,No,Not tagged
www.avito.ma/ar/الناظور/kadjar_diesel--للبيع,No,Not tagged
www.avito.ma/ar/الناظور/الخطابي/الأثاث_والديكور--للبيع,No,Not tagged
www.avito.ma/ar/الناظور/موسيقى_وآلات/...et...--للبيع,No,Not tagged
www.avito.ma/ar/النواصر/دكاكين،_محلات_تجارية_ومباني_صناعية/Loue_magasin___quartier_Perles_de_Nouaceur_53673150.htm,No,Not tagged
www.avito.ma/ar/الوسط/معدات_أخرى/the_aluminium_mitre_saw_54675742.htm,No,Not tagged
www.avito.ma/ar/الولفة/محلات_للكراء/محل_رياض_الولفة_53261471.htm,No,Not tagged
www.avito.ma/ar/امعاشات/شاحنات/khadma--للبيع,No,Not tagged
www.avito.ma/ar/اولاد_فارس/becane_125--للبيع,No,Not tagged
www.avito.ma/ar/ايبرية/الأثاث_والديكور/Salon_et_table_52880467.htm,No,Not tagged
www.avito.ma/ar/باب_دكالة/أحذية/أحذية_في_الصويرة_53173619.htm,No,Not tagged
www.avito.ma/ar/بلفدير/أحذية/Nike_court_legacy__54223579.htm,No,Not tagged
www.avito.ma/ar/بن_كرير/بقعـوـمزارع/marrakech_12--للبيع,No,Not tagged
www.avito.ma/ar/بن_كرير/دكاكين_محلات_تجارية/1000_m--للبيع,No,Not tagged
www.avito.ma/ar/بنى_ملال/كمبيوتر_محمول/Hp_elitebook_640_G9_53965636.htm,No,Not tagged
www.avito.ma/ar/تازة/دراجات/Trottinette_électrique__54743432.htm,No,Not tagged
www.avito.ma/ar/تاونات/سيارات/t--للبيع,No,Not tagged
www.avito.ma/ar/حي_آخر/بقع_و_مزارع/Terrains_à_vendre_de_47974_m²_à_Mohammedia_53044126.htm,No,Not tagged
www.avito.ma/ar/حي_آخر/دراجات/velo_CERVELO_S5_54738535.htm,No,Not tagged
www.avito.ma/ar/حي_آخر/شقق/شقةللكراء_قروش_54039614.htm,No,Not tagged
www.avito.ma/ar/حي_آخر/صوت_وصورة/Amplificateur_de_Signal_54980180.htm,No,Not tagged
www.avito.ma/ar/حي_آخر/فن_وتحف/Portrait_en_fusain__54581927.htm,No,Not tagged
www.avito.ma/ar/حي_الرحمة/معدات_مهنية/bétonnière_d_Europe_bonne_tres_etat_presque_neuve_54746465.htm,No,Not tagged
www.avito.ma/ar/حي_الرياض/الأثاث/سدادر_عود_و_كوان_55008066.htm,No,Not tagged
www.avito.ma/ar/حي_الرياض/ملابس/marque_H_M_53449897.htm,No,Not tagged
www.avito.ma/ar/حي_الرياض/هوايات_ورياضة/Nerf_Fortnite__51304475.htm,No,Not tagged
www.avito.ma/ar/حي_حسني/سيارات_مستعملة/Dacia_logan_54856887.htm,No,Not tagged
www.avito.ma/ar/حي_مولاي_اسماعيل/اكسسوارات_الكمبيوتر_والأجهزة/Projecteur_ipson__53689996.htm,No,Not tagged
www.avito.ma/ar/خريبكة/حيوانات_أليفة/pour_les--للبيع,No,Not tagged
www.avito.ma/ar/سلا/قطعـالغيارـلوسائلـالنقل/peugeot_206_cc--للبيع,No,Not tagged
www.avito.ma/ar/سلا_الجديدة/شقق/شقة_للبيع_قرب_مدرسة_الرشد___52580430.htm,No,Not tagged
www.avito.ma/ar/سيدي_الطيبي/y9_2019_bleu--للبيع,No,Not tagged
www.avito.ma/ar/سيدي_مومن/كمبيوتر_محمول/TOSHIBA_i3_Professionnel_Ram_8_Go_Disc_500_Go_55111538.htm,No,Not tagged
www.avito.ma/ar/سيدي_مومن/هواتف/Samsung_a53_5G_53715460.htm,No,Not tagged
www.avito.ma/ar/طريق_أوريكة/بقع_و_مزارع/Superbe_5_Hectares_Km_14_Rte_Ourika_53909737.htm,No,Not tagged
www.avito.ma/ar/طنجة/1.7--للبيع,No,Not tagged
www.avito.ma/ar/طنجة/1.9_tdi_105--للبيع,No,Not tagged
www.avito.ma/ar/طنجة/check--للبيع,No,Not tagged
www.avito.ma/ar/طنجة/honda_sghira--للبيع,No,Not tagged
www.avito.ma/ar/طنجة/prix_250_dh--للبيع,No,Not tagged
www.avito.ma/ar/طنجة/salle_de_manger--للبيع,No,Not tagged
www.avito.ma/ar/طنجة/sl3a--للبيع,No,Not tagged
www.avito.ma/ar/طنجة/ultrawide,No,Not tagged
www.avito.ma/ar/طنجة/بن_ديبان/ساعاتـوـمجوهرات-للبيع,No,Not tagged
www.avito.ma/ar/طنجة/سيارات_مستعملة/VW_Polo_à_vendre__53077689.htm,No,Not tagged
www.avito.ma/ar/طنجة/شاحنات/camion_fvr--للبيع,No,Not tagged
www.avito.ma/ar/عليا/معدات_أخرى/رفوف_السوبرماركت_47705891.htm,No,Not tagged
www.avito.ma/ar/عين_الشق/فن_وتحف/مائة_درهم_ثلاثة_الملوك_54329043.htm,No,Not tagged
www.avito.ma/ar/عين_الشق/كمبيوتر_محمول/HUAWEI_MateBook_D_15_54419965.htm,No,Not tagged
www.avito.ma/ar/فاس/mercedes_270_diesel--للبيع,No,Not tagged
www.avito.ma/ar/فاس/باطوّات_قوارب/et_en_bon--للبيع,No,Not tagged
www.avito.ma/ar/محنش/الأثاث_والديكور/طاولة_مع_ستة_كراسي_54291131.htm,No,Not tagged
www.avito.ma/ar/مراكش/tv_32_pouce--للبيع,No,Not tagged
www.avito.ma/ar/مراكش/uno_essence_en--للبيع,No,Not tagged
www.avito.ma/ar/مراكش/الأثاث/طاولة_52913015.htm,No,Not tagged
www.avito.ma/ar/مراكش/صوت_وصورة/74_de--للبيع,No,Not tagged
www.avito.ma/ar/مرتيل/شقق/Superbe_appartement_à_vendre_à_Martil_53308812.htm,No,Not tagged
www.avito.ma/ar/مرس_سلطان/شقق/Studio_meublé_65m2_à_Mers_Sultan__Terrasse_2p_Tram_54161334.htm,No,Not tagged
www.avito.ma/ar/مركز_بوسكورة/تجهيزات_للأطفال_و_الرُضَّع/Equipement_pour_Bébé_et_Enfant_à_Bouskoura_53355897.htm,No,Not tagged
www.avito.ma/ar/مكناس/concentrateur_d_oxygène--للبيع,No,Not tagged
www.avito.ma/ar/مكناس/poisson--للبيع,No,Not tagged
www.avito.ma/ar/مكناس/professeur_d_anglais--للبيع,No,Not tagged
www.avito.ma/ar/مكناس/سيارات_مستعملة/Fiat_UNO_53112191.htm,No,Not tagged
www.avito.ma/ar/ميرلفت/الأثاثـوـالديكور/tapis_pour--للبيع,No,Not tagged
www.avito.ma/ar/نرجيس/هواتف/IPhone_13_Pro_Max__53782355.htm,No,Not tagged
www.avito.ma/ar/وجدة/godi--للبيع,No,Not tagged
www.avito.ma/ar/ورزازات/سيارات_مستعملة/voiture_55137051.htm,No,Not tagged
www.avito.ma/ar/وسط_المدينة/ألعاب_الفيديو_وأجهزة_تشغيل_أو_كونصولات/Ps4_avec_abonnement_50_jeux_54744963.htm,No,Not tagged
www.avito.ma/ar/وسط_المدينة/شقق/Location_d_une_belle_appartement__54103199.htm,No,Not tagged
www.avito.ma/ar/وسط_المدينة/منازل_للعطلة/شقق_متعددة_بارقى_أحياء_54694851.htm,No,Not tagged
www.avito.ma/ar/ٱيت_ملول/آخر/Chi_haja_mazyana_fiha_lblan_ou_milkya_marhba__54204216.htm,No,Not tagged
www.avito.ma/auto/neuf/bmw/x6/,No,Not tagged
www.avito.ma/fr/2_mars/gaming/Clavier_razer_gamer__54442744.htm,No,Not tagged
www.avito.ma/fr/2_mars/local_à_louer/Local_a_Vendre___Salon___54600534.htm,No,Not tagged
www.avito.ma/fr/2_mars/stocks_et_vente_en_gros/Chaises_gamer_Haut_gamme_1_ére_qualité__54087744.htm,No,Not tagged
www.avito.ma/fr/agadir/hay_mohammadi/colocations/colocation_appartement,No,Not tagged
www.avito.ma/fr/agdal/appareils_photo_et_caméras/AGA_10_Micro_caméra_espion__55005947.htm,No,Not tagged
www.avito.ma/fr/agdal/meubles_et_décoration/lit_plus_deux_commodes_kitea_54781775.htm,No,Not tagged
www.avito.ma/fr/ain_sebaa/téléphones/Iphone_13_pro_max_54773578.htm,No,Not tagged
www.avito.ma/fr/al_boustane/locations_de_vacances/شقق_مفروشه_قريب_كارفور_250dh_54787112.htm,No,Not tagged
www.avito.ma/fr/al_kassam/matériels_professionnels/ARMOIRE_ET_AMENAGEMENT_54861382.htm,No,Not tagged
www.avito.ma/fr/al_qods/matériels_professionnels/chaise_iso_54450407.htm,No,Not tagged
www.avito.ma/fr/al_wifaq/arts_et_collections/Art_et_Collections_à_Agadir_53246443.htm,No,Not tagged
www.avito.ma/fr/allal_el_fassi/chaussures/En_vente_bottines_et_sandales__54513645.htm,No,Not tagged
www.avito.ma/fr/anfa/meubles/بلاكار_نوي_مع_ليد_54389932.htm,No,Not tagged
www.avito.ma/fr/autre_secteur/autre_matériel_professionel/casiers_métalliques_pour_un_stockage_efficace__54645132.htm,No,Not tagged
www.avito.ma/fr/autre_secteur/autre_matériel_professionel/rayonnage_de_super_marche_et_hanout_à_Tanger_53506586.htm,No,Not tagged
www.avito.ma/fr/autre_secteur/autre_matériel_professionel/rayonnage_mi_lourd_54486835.htm,No,Not tagged
www.avito.ma/fr/autre_secteur/chaussures/Emerica_shoes_54654748.htm,No,Not tagged
www.avito.ma/fr/autre_secteur/terrains_et_fermes_à_louer/ارض_الطريق_الرابط_بين_تطوان_و_الزينات_52664816.htm,No,Not tagged
www.avito.ma/fr/azemmour/vetements/de--à_vendre,No,Not tagged
www.avito.ma/fr/azrou/meubles_et_décoration/coussin--à_vendre,No,Not tagged
www.avito.ma/fr/aïn_chock/téléphones/huawei_p30_lite_54793435.htm,No,Not tagged
www.avito.ma/fr/bele_vue/matériel_de_bureau/Tableau_blanc_120x90_laqué_gamme_Classic_50643606.htm,No,Not tagged
www.avito.ma/fr/belvédère/matériels_professionnels/SOUDEUSE_PLASTIQUE_200mm__300mm_400mm__54713990.htm,No,Not tagged
www.avito.ma/fr/belvédère/matériels_professionnels/découpe_Jinka_optique_72cm_54698412.htm,No,Not tagged
www.avito.ma/fr/belvédère/ordinateurs_portables/Vente_mac_air_54551764.htm,No,Not tagged
www.avito.ma/fr/ben_dibane/vêtements/la_martina__54722170.htm,No,Not tagged
www.avito.ma/fr/ben_guerir/tapisserie--à_vendre,No,Not tagged
www.avito.ma/fr/ben_serguaou/meubles_et_décoration/Meubles_et_Décoration_à_Agadir_52856441.htm,No,Not tagged
www.avito.ma/fr/ben_souda/arts_et_collections/طبسيل_طاووس_حر_53597057.htm,No,Not tagged
www.avito.ma/fr/berkane/al_madina_al--à_vendre,No,Not tagged
www.avito.ma/fr/berkane/sacs_et_accessoires/lunettes_dior--à_vendre,No,Not tagged
www.avito.ma/fr/bouskoura_centre/appartements/Appartement_spacieux_à_bouskoura_préstigia__53739267.htm,No,Not tagged
www.avito.ma/fr/béni_mellal/marrakech--à_vendre,No,Not tagged
www.avito.ma/fr/c.i.l/accessoires_informatique_et_gadgets/Chargeur_Dell_DA130PE1_00__47124946.htm,No,Not tagged
www.avito.ma/fr/c.i.l/vêtements/Polo_Toubkal_Original__53998354.htm,No,Not tagged
www.avito.ma/fr/casabarata/matériels_professionnels/sel3a_nkiya_dyl_bara_kamla__53913798.htm,No,Not tagged
www.avito.ma/fr/casablanca/al_had--à_vendre,No,Not tagged
www.avito.ma/fr/casablanca/magasins_et_commerces/la_au_maroc--à_vendre,No,Not tagged
www.avito.ma/fr/casablanca/parc/vetements/...et...--à_vendre,No,Not tagged
www.avito.ma/fr/casablanca/pompe_380v--à_vendre,No,Not tagged
www.avito.ma/fr/casablanca/sacs_et_accessoires/Sac_Cabas_Tory_Bursh_disponible__52994747.htm,No,Not tagged
www.avito.ma/fr/casablanca/sidi_bernoussi/vendre_louer--à_vendre,No,Not tagged
www.avito.ma/fr/casablanca/table_bar_haute--à_vendre,No,Not tagged
www.avito.ma/fr/casablanca/écouteur_bluetooth_sport--à_vendre,No,Not tagged
www.avito.ma/fr/centre/voitures_d'occasion/Audi_A3_Model_2004__54857431.htm,No,Not tagged
www.avito.ma/fr/centre/voitures_d'occasion/dokker_neuf_54674345.htm,No,Not tagged
www.avito.ma/fr/centre_ville/appartements/studio_Adouha_aouama_baraka_sur_la_rue__54804578.htm,No,Not tagged
www.avito.ma/fr/centre_ville/téléphones/iPhone_XR_128gb_Bleu_54582287.htm,No,Not tagged
www.avito.ma/fr/cité_portugaise/matériels_professionnels/10_ton_press_machine_tr89_54762876.htm,No,Not tagged
www.avito.ma/fr/dakhla/sports_et_loisirs/hover_board--à_vendre,No,Not tagged
www.avito.ma/fr/debdou/animaux/1_à_vendre--à_vendre,No,Not tagged
www.avito.ma/fr/deroua/equipements_pour_enfant_et_bébé/سرير_أطفال_lit_superpose_enfant_54547445.htm,No,Not tagged
www.avito.ma/fr/el_alia/image_&_son/Haut_Parleur_sans_Fil_Bluetooth___53365635.htm,No,Not tagged
www.avito.ma/fr/el_jadida/chaussures/des_chaussures--à_vendre,No,Not tagged
www.avito.ma/fr/el_jadida/poste_ford_focus--à_vendre,No,Not tagged
www.avito.ma/fr/el_jadida/renault_kangoo_bonne--à_vendre,No,Not tagged
www.avito.ma/fr/famille_française/matériels_professionnels/Fauteuil_imporation_semi_cuir_52918891.htm,No,Not tagged
www.avito.ma/fr/fès/ben_souda/magasins_et_commerces-à_vendre,No,Not tagged
www.avito.ma/fr/gueznaia/bureaux_et_plateaux/tanger--à_vendre,No,Not tagged
www.avito.ma/fr/had_soualem/jeep_wrangler_sport--à_vendre,No,Not tagged
www.avito.ma/fr/hamria/téléphones/S23_ultra_54707368.htm,No,Not tagged
www.avito.ma/fr/hamria/voitures_d'occasion/Opel_Corsa_gsline_plus_2021__60000_au_compteur_54810732.htm,No,Not tagged
www.avito.ma/fr/hassan/art_et_collections/_uvre_d_art_en_aquarelle__54028077.htm,No,Not tagged
www.avito.ma/fr/hay_al_farah/matériels_professionnels/packaging_plastique_machine_54675713.htm,No,Not tagged
www.avito.ma/fr/hay_chmaou/jeux_vidéo_et_consoles/PlayStation_4_54344465.htm,No,Not tagged
www.avito.ma/fr/hay_el_andalous/voitures_d'occasion/Audi_Q5_2018_54843333.htm,No,Not tagged
www.avito.ma/fr/hay_essalam/vêtements/_قبعة_فيروز_شتوية_رياضية_مع_ملحقات_دافئة_54438401.htm,No,Not tagged
www.avito.ma/fr/hay_hassani/autre_immobilier_à_louer/porte_immeuble_à_vendre_53810029.htm,No,Not tagged
www.avito.ma/fr/hay_hassani/matériels_professionnels/extracteur_d_air__54400314.htm,No,Not tagged
www.avito.ma/fr/hay_rahma/pièces_et_accessoires_pour_véhicules/جوانط_الميوم_ملاح__54958762.htm,No,Not tagged
www.avito.ma/fr/hay_salam/matériel_de_bureau/مكاتب_إدارية_تعكس_مهنيتك_وتوفر_الراحة_54747442.htm,No,Not tagged
www.avito.ma/fr/hay_salam/ordinateurs_portables/Hp_i5_7eme_16_ram_256_ssd_54856049.htm,No,Not tagged
www.avito.ma/fr/hrara/à_marrakech--à_vendre,No,Not tagged
www.avito.ma/fr/inzegan/camions/baki--à_vendre,No,Not tagged
www.avito.ma/fr/inzegan/ordinateurs_portables/mini_a--à_vendre,No,Not tagged
www.avito.ma/fr/khemisset/vélos/velo_b_twin--à_vendre,No,Not tagged
www.avito.ma/fr/khouribga/mama--à_vendre,No,Not tagged
www.avito.ma/fr/la_siesta/jeux_vidéo_et_consoles/Grand_turismo_7_version_ps5_neuf_53359302.htm,No,Not tagged
www.avito.ma/fr/la_ville_haute/téléphones/Samsung_a34_53184915.htm,No,Not tagged
www.avito.ma/fr/lakhssas/dr_martens--à_vendre,No,Not tagged
www.avito.ma/fr/maarif/electroménager_et_vaisselles/MINI_HACHOIR_400W_54730891.htm,No,Not tagged
www.avito.ma/fr/marjane_2/sports_et_loisirs/واقي_الصدر_للتايكوندو___54213894.htm,No,Not tagged
www.avito.ma/fr/maroc/70_médina_de--à_vendre,No,Not tagged
www.avito.ma/fr/maroc/accessoires_informatique_et_gadgets/en_à_vendre--à_vendre,No,Not tagged
www.avito.ma/fr/maroc/ain_chkaf_fes--à_vendre,No,Not tagged
www.avito.ma/fr/maroc/appareils_photo_cameras/canon_x--à_vendre,No,Not tagged
www.avito.ma/fr/maroc/appareils_photo_cameras/sharing--à_vendre,No,Not tagged
www.avito.ma/fr/maroc/appartements/al_mohit,No,Not tagged
www.avito.ma/fr/maroc/appartements/louer_ain_diab,No,Not tagged
www.avito.ma/fr/maroc/application_gestion_spa--à_vendre,No,Not tagged
www.avito.ma/fr/maroc/c_100_moto--à_vendre,No,Not tagged
www.avito.ma/fr/maroc/camions/annee--à_vendre,No,Not tagged
www.avito.ma/fr/maroc/camions/ans--à_vendre,No,Not tagged
www.avito.ma/fr/maroc/cellules--à_vendre,No,Not tagged
www.avito.ma/fr/maroc/ceramique_maroc--à_vendre,No,Not tagged
www.avito.ma/fr/maroc/chargeur_pour_pc_hp--à_vendre,No,Not tagged
www.avito.ma/fr/maroc/dècoration--à_vendre,No,Not tagged
www.avito.ma/fr/maroc/equipements_pour_enfant/chambre_a_couche_enfant--à_vendre,No,Not tagged
www.avito.ma/fr/maroc/feux_rouge_clio_2--à_vendre,No,Not tagged
www.avito.ma/fr/maroc/garrett_detecteur_de_metaux--à_vendre,No,Not tagged
www.avito.ma/fr/maroc/i10_très_bonne--à_vendre,No,Not tagged
www.avito.ma/fr/maroc/immobilier/location_appartement_bouskoura,No,Not tagged
www.avito.ma/fr/maroc/locations_de_vacances/pour_telephone,No,Not tagged
www.avito.ma/fr/maroc/massage_du--à_vendre,No,Not tagged
www.avito.ma/fr/maroc/mat_20--à_vendre,No,Not tagged
www.avito.ma/fr/maroc/matériels_professionnels/bera--à_vendre,No,Not tagged
www.avito.ma/fr/maroc/matériels_professionnels/materiaux_pour--à_vendre,No,Not tagged
www.avito.ma/fr/maroc/matériels_professionnels/samsung_original--à_vendre,No,Not tagged
www.avito.ma/fr/maroc/metal_ultra--à_vendre,No,Not tagged
www.avito.ma/fr/maroc/motos/jdida_n9iya--à_vendre,No,Not tagged
www.avito.ma/fr/maroc/motos/toutes_peugeot--à_vendre,No,Not tagged
www.avito.ma/fr/maroc/ordinateurs_bureau/hp_650_i5--à_vendre,No,Not tagged
www.avito.ma/fr/maroc/ordinateurs_portables/supply__--à_vendre,No,Not tagged
www.avito.ma/fr/maroc/pneu_17_pouces--à_vendre,No,Not tagged
www.avito.ma/fr/maroc/produits_de_beaute/c_15.--à_vendre,No,Not tagged
www.avito.ma/fr/maroc/restaurante--à_vendre,No,Not tagged
www.avito.ma/fr/maroc/sacs_et_accessoires/pc_l--à_vendre,No,Not tagged
www.avito.ma/fr/maroc/samsung_galaxy_s6_charger--à_vendre,No,Not tagged
www.avito.ma/fr/maroc/sec_a_dos--à_vendre,No,Not tagged
www.avito.ma/fr/maroc/sports_et_loisirs/mini_a--à_vendre,No,Not tagged
www.avito.ma/fr/maroc/steam_compte--à_vendre,No,Not tagged
www.avito.ma/fr/maroc/stocks_et_vente_en_gros/vinyl_decoupe--à_vendre,No,Not tagged
www.avito.ma/fr/maroc/stocks_et_vente_en_gros/عالي--à_vendre,No,Not tagged
www.avito.ma/fr/maroc/terrains_et_fermes/dar_f--à_vendre,No,Not tagged
www.avito.ma/fr/maroc/tv_goldvision_et--à_vendre,No,Not tagged
www.avito.ma/fr/maroc/télévisions/lg_smart_tv_42--à_vendre,No,Not tagged
www.avito.ma/fr/maroc/vetements/saisons--à_vendre,No,Not tagged
www.avito.ma/fr/maroc/voitures/tdi_golf--à_vendre,No,Not tagged
www.avito.ma/fr/maroc/vélos/chimano--à_vendre,No,Not tagged
www.avito.ma/fr/maroc/vélos/gris_du--à_vendre,No,Not tagged
www.avito.ma/fr/maroc/watch_or--à_vendre,No,Not tagged
www.avito.ma/fr/maroc/zouak--à_vendre,No,Not tagged
www.avito.ma/fr/maroc/محل_الحلاقة_للكراء--à_vendre,No,Not tagged
www.avito.ma/fr/marrakech/hay_izdihar/sacs_et_accessoires/...et...--à_vendre,No,Not tagged
www.avito.ma/fr/marrakech/immobilier/villa_lotissement,No,Not tagged
www.avito.ma/fr/marrakech/inara/ipod_touch--à_vendre,No,Not tagged
www.avito.ma/fr/marrakech/mercedes_250_e--à_vendre,No,Not tagged
www.avito.ma/fr/marrakech/objectif_canon_f4--à_vendre,No,Not tagged
www.avito.ma/fr/marrakech/téléphones/Galaxy_A03__53101630.htm,No,Not tagged
www.avito.ma/fr/meknes/wislane/materiel_et_matiere_btp-à_vendre,No,Not tagged
www.avito.ma/fr/meknès/tekaya--à_vendre,No,Not tagged
www.avito.ma/fr/mohammedia/hassania_2/business_et_affaire_commerciale-à_vendre,No,Not tagged
www.avito.ma/fr/mohammedia/vêtements/Anime_t_shirt__52856101.htm,No,Not tagged
www.avito.ma/fr/moulay_abdallah/meubles_et_décoration/Lunar_Planet_Tableaux_54817325.htm,No,Not tagged
www.avito.ma/fr/moulay_bousselham/matériels_professionnels/en_bon_prix--à_vendre,No,Not tagged
www.avito.ma/fr/moulay_bousselham/terrains_et_fermes/terrain_a_vendre--à_vendre,No,Not tagged
www.avito.ma/fr/nador/golf_6_volkswagen--à_vendre,No,Not tagged
www.avito.ma/fr/narjis/autres_emplois/demande_d_emploi_54659684.htm,No,Not tagged
www.avito.ma/fr/oasis/femmes_de_ménages__nounous_et_chauffeurs/Femme_de_ménage_logée_53885214.htm,No,Not tagged
www.avito.ma/fr/oualidia/hyundai_h--à_vendre,No,Not tagged
www.avito.ma/fr/ouarzazate/بقعة_في--à_vendre,No,Not tagged
www.avito.ma/fr/oujda/equipements_pour_enfant/noires--à_vendre,No,Not tagged
www.avito.ma/fr/oulad_mrah/beausejour/meubles_et_décoration-à_vendre,No,Not tagged
www.avito.ma/fr/oulad_salah/demandes_de_emploi-demandes,No,Not tagged
www.avito.ma/fr/oulfa/appartements/شقة_مشمس_للبيع__54812358.htm,No,Not tagged
www.avito.ma/fr/rabat/206_essence_à--à_vendre,No,Not tagged
www.avito.ma/fr/rabat/colocations/ghandi,No,Not tagged
www.avito.ma/fr/rabat/equipements_pour_enfant/base_de--à_vendre,No,Not tagged
www.avito.ma/fr/rabat/hay_riad/produits_de_beaute/et_bien_être--à_vendre,No,Not tagged
www.avito.ma/fr/rabat/laptop_stand--à_vendre,No,Not tagged
www.avito.ma/fr/rabat/épagneul--à_vendre,No,Not tagged
www.avito.ma/fr/route_d'el_jadida/art_et_collections/Anciennes_serrures_أقفال_قديمة__54065976.htm,No,Not tagged
www.avito.ma/fr/route_de_sefrou/stocks_et_vente_en_gros/_SIÈGES_ERGO_HAUT_DE_GAMME_à_Fès_53066358.htm,No,Not tagged
www.avito.ma/fr/sala_el_jadida/colocations/chambre_pour_une_fille_colocataire__54756352.htm,No,Not tagged
www.avito.ma/fr/sbata/animaux/كلوبسات_للبيع_54347235.htm,No,Not tagged
www.avito.ma/fr/settat/gps_garmin_carte--à_vendre,No,Not tagged
www.avito.ma/fr/settat/pompe_à_chaleur--à_vendre,No,Not tagged
www.avito.ma/fr/sidi_abdallah_ghiat/bureaux_et_plateaux/hay_el--à_vendre,No,Not tagged
www.avito.ma/fr/sidi_yahya_zaer/sacs_et_accessoires/cartable_fille--à_vendre,No,Not tagged
www.avito.ma/fr/tamaris/magasins_et_commerces/a_louer_gérance--à_vendre,No,Not tagged
www.avito.ma/fr/tanger/al_mandar_al_jamil/sacs_et_accessoires-à_vendre,No,Not tagged
www.avito.ma/fr/tanger/appartements/appartement_meuble_sur,No,Not tagged
www.avito.ma/fr/tanger/chicco_en--à_vendre,No,Not tagged
www.avito.ma/fr/tanger/crop--à_vendre,No,Not tagged
www.avito.ma/fr/tanger/instruments_de_musique/kanbi3--à_vendre,No,Not tagged
www.avito.ma/fr/tanger/mettler--à_vendre,No,Not tagged
www.avito.ma/fr/tanger/volkswagen_sharan_2.0--à_vendre,No,Not tagged
www.avito.ma/fr/tanger/vélo_noire--à_vendre,No,Not tagged
www.avito.ma/fr/tanger/zodiak--à_vendre,No,Not tagged
www.avito.ma/fr/taza/porter--à_vendre,No,Not tagged
www.avito.ma/fr/temara/animaux/taman_monasib--à_vendre,No,Not tagged
www.avito.ma/fr/temara/magasins_et_commerces/un_d--à_vendre,No,Not tagged
www.avito.ma/fr/tilila/appartements/garçonnière_à_louer_54770432.htm,No,Not tagged
www.avito.ma/fr/val_d'anfa/meubles_et_décoration/Profilé_LED_1714_Surface_54763942.htm,No,Not tagged
www.avito.ma/fr/wifak/meubles_et_décoration/table_en_bois__54879177.htm,No,Not tagged
www.avito.ma/fr/yacoub_el_mansour/accessoires_informatique_et_gadgets/Chargeur_original_Dell_USB_C_20V_5V_6_5A_1A__130W__53260003.htm,No,Not tagged
www.avito.ma/fr/yacoub_el_mansour/matériels_professionnels/كبر_المشروع_ديالك_رفوف_سوبرماركت_لمحلاتكم_التجارية_50642744.htm,No,Not tagged
www.avito.ma/fr/youssoufia/terrain_112_à--à_vendre,No,Not tagged
www.avito.ma/fr/أكادير/assaka,No,Not tagged
www.avito.ma/sp/misc/automatique-savon,No,Not tagged
www.avito.ma/sp/misc/sixieme,No,Not tagged
www.avito.ma/ar/2_المسيرة/دار_أو_ڨيلا/Maison_et_villa_67m²_en_Vente_à_Temara_52316100.htm,No,Not tagged
www.avito.ma/ar/أكادير/acheté_de--للبيع,No,Not tagged
www.avito.ma/ar/أكدال/الأثاث_والديكور/Salle_à_manger_54846598.htm,No,Not tagged
www.avito.ma/ar/أكدال/الحديقة_و_أدوات_بريكولاج/télécommande_garage_proteco_euromatic__53816299.htm,No,Not tagged
www.avito.ma/ar/أكدال/الديكور/_Seul_Dans_le_Nuage_Tableau_54871538.htm,No,Not tagged
www.avito.ma/ar/أكدال/كمبيوتر_منزلي/HP_Compaq_6200_Pro_SFF_Desktop_54167240.htm,No,Not tagged
www.avito.ma/ar/أولاد_أوجيه/هواتف_و_هواتف_ذكية/IPhone_11_normal__54073032.htm,No,Not tagged
www.avito.ma/ar/أولاد_فتاتة/الأثاثـوـالديكور/fouteuille--للبيع,No,Not tagged
www.avito.ma/ar/اسفي/معدات_مهنية/jeux--للبيع,No,Not tagged
www.avito.ma/ar/البستان/معدات_مهنية/machine_de_glace_54853249.htm,No,Not tagged
www.avito.ma/ar/البطحة/خدمات/installation_clim_et_électricité_et_plomberie_47878048.htm,No,Not tagged
www.avito.ma/ar/الحي_الصناعي/معدات_أخرى/_rayonnage_mi_lourd__54325709.htm,No,Not tagged
www.avito.ma/ar/الخميسات/acc...--للبيع,No,Not tagged
www.avito.ma/ar/الدار_البيضاء/chefeau--للبيع,No,Not tagged
www.avito.ma/ar/الدار_البيضاء/comptoirs_vitrines--للبيع,No,Not tagged
www.avito.ma/ar/الدار_البيضاء/onduleur_hybride_solaire--للبيع,No,Not tagged
www.avito.ma/ar/الدار_البيضاء/pici--للبيع,No,Not tagged
www.avito.ma/ar/الدار_البيضاء/projet_commercial--للبيع,No,Not tagged
www.avito.ma/ar/الدار_البيضاء/voiture_toyota_corolla--للبيع,No,Not tagged
www.avito.ma/ar/الدار_البيضاء/الولفة/بقعـوـمزارع/النواصر--للبيع,No,Not tagged
www.avito.ma/ar/الدار_البيضاء/حقائب_وأكسسوارات/Sac_Panier_Prada_Bleu_disponible__52961429.htm,No,Not tagged
www.avito.ma/ar/الدار_البيضاء/خدمات/youtube--للبيع,No,Not tagged
www.avito.ma/ar/الدار_البيضاء/دكاكين_محلات_تجارية/20m_de--للبيع,No,Not tagged
www.avito.ma/ar/الدار_البيضاء/سيدي_عثمان/سيارات/mercedes--للبيع,No,Not tagged
www.avito.ma/ar/الدار_البيضاء/فونصيير/شاحنات/mercedes--للبيع,No,Not tagged
www.avito.ma/ar/الرباط/i3_500go--للبيع,No,Not tagged
www.avito.ma/ar/الرباط/peugeot_205_à--للبيع,No,Not tagged
www.avito.ma/ar/الرباط/أفلام_وكتب_ومجلات/Livre_NEUF_les_48_lois_du_pouvoir_53070852.htm,No,Not tagged
www.avito.ma/ar/الرشيدية/هواتف/Iphone_x__52825682.htm,No,Not tagged
www.avito.ma/ar/الرمال_الذهبية/شقق/Triplex_avendre_à_sable_d_ore__54830126.htm,No,Not tagged
www.avito.ma/ar/الشراط/mesurer--للبيع,No,Not tagged
www.avito.ma/ar/العوامرة/terrain_100_m2--للبيع,No,Not tagged
www.avito.ma/ar/الفردوس/سيارات_مستعملة/Volkswagen_Jetta_Diesel_Automatique_2019_à_Temara_54794398.htm,No,Not tagged
www.avito.ma/ar/الفقيه_بن_صالح/معدات_مهنية/bomba--للبيع,No,Not tagged
www.avito.ma/ar/القصبة/الأجهزة_المنزلية_الكبيرة/Four_à_gaz_53444714.htm,No,Not tagged
www.avito.ma/ar/القنيطرة/أحذيية-ﺕﺮﻳﺩ_ﺵﺭﺍﺀ,No,Not tagged
www.avito.ma/ar/القنيطرة/أنفورـماتيكـوـميلتيـميديا/power_bank_samsung--للبيع,No,Not tagged
www.avito.ma/ar/المحاميد/هواتف/s_24_ultra_12_go_ram_1_tera_54740400.htm,No,Not tagged
www.avito.ma/ar/المرس_2/تجهيزات_للأطفال_و_الرُضَّع/جهاز_تعلم_القراءة_واللغة_الانجليزية_للاطفال__53807721.htm,No,Not tagged
www.avito.ma/ar/المسيرة_1/سيارات_مستعملة/Hyundai_i10__54853079.htm,No,Not tagged
www.avito.ma/ar/المغرب/380_d--للبيع,No,Not tagged
www.avito.ma/ar/المغرب/catégorie_b--للبيع,No,Not tagged
www.avito.ma/ar/المغرب/dashboard--للبيع,No,Not tagged
www.avito.ma/ar/المغرب/de_215m2,No,Not tagged
www.avito.ma/ar/المغرب/fadissa--للبيع,No,Not tagged
www.avito.ma/ar/المغرب/les_tabl--للبيع,No,Not tagged
www.avito.ma/ar/المغرب/m26a--للبيع,No,Not tagged
www.avito.ma/ar/المغرب/micro_dynamic--للبيع,No,Not tagged
www.avito.ma/ar/المغرب/mise_à_jour--للبيع,No,Not tagged
www.avito.ma/ar/المغرب/motor_103_ninja--للبيع,No,Not tagged
www.avito.ma/ar/المغرب/motor_xx--للبيع,No,Not tagged
www.avito.ma/ar/المغرب/objectif_canon_500mm--للبيع,No,Not tagged
www.avito.ma/ar/المغرب/photoshop_cc--للبيع,No,Not tagged
www.avito.ma/ar/المغرب/puma_chaussures--à_vendre,No,Not tagged
www.avito.ma/ar/المغرب/sachets_à--للبيع,No,Not tagged
www.avito.ma/ar/المغرب/sumsung_galaxy--للبيع,No,Not tagged
www.avito.ma/ar/المغرب/terrain_ain_cheggag--للبيع,No,Not tagged
www.avito.ma/ar/المغرب/toujours_au_garage--للبيع,No,Not tagged
www.avito.ma/ar/المغرب/wordpress--للبيع,No,Not tagged
www.avito.ma/ar/المغرب/تلفزيون/samsung_curved_tv--للبيع,No,Not tagged
www.avito.ma/ar/المغرب/حيوانات_أليفة/canari_agate--للبيع,No,Not tagged
www.avito.ma/ar/المغرب/دراجات_نارية/mt_09--للبيع,No,Not tagged
www.avito.ma/ar/المغرب/كمبيوترـمحمول/hp_beats--للبيع,No,Not tagged
www.avito.ma/ar/المغرب/هواياتـوـرياضة/fuji--للبيع,No,Not tagged
www.avito.ma/ar/الناظور/اكسسوارات_الكمبيوتر_والأجهزة/carte_mère_d_ordinateur_bureau_53077919.htm,No,Not tagged
www.avito.ma/ar/الهرهورة/التنزه/Poussette_belecoo__54485694.htm,No,Not tagged
www.avito.ma/ar/الولفة/قطع_الغيار_لوسائل_النقل/Phare_neuf_Mitsubishi_Lancer_2002_à_2008_50039552.htm,No,Not tagged
www.avito.ma/ar/بئر_طم_طم/kamiyo--للبيع,No,Not tagged
www.avito.ma/ar/بلفدير/آلات_تصوير_و_كاميرات/Support_en_L_Vertical_Horizontal_Camera__54340653.htm,No,Not tagged
www.avito.ma/ar/بن_مسيك/مهن_أخرى/ابحث_عن_عمل_53883324.htm,No,Not tagged
www.avito.ma/ar/بنى_ملال/دكاكين،_محلات_تجارية_ومباني_صناعية/MAGASIN_TITRE_A_VENDRE_A_BENI_MELLAL__46148101.htm,No,Not tagged
www.avito.ma/ar/تازة/maisons_ou--للبيع,No,Not tagged
www.avito.ma/ar/تازة/هواتف/Smartphone_et_Téléphone_à_Taza_53495521.htm,No,Not tagged
www.avito.ma/ar/تتيلة/كمبيوتر_منزلي/Ordinateurs_de_bureau_à_Agadir__53089389.htm,No,Not tagged
www.avito.ma/ar/تدرت_أنزا/أحذية/برودكال__54350822.htm,No,Not tagged
www.avito.ma/ar/تطوان/الانارة/وسائل_النقل_آخر-للبيع,No,Not tagged
www.avito.ma/ar/تطوان/البلاد/ساعاتـوـمجوهرات-للبيع,No,Not tagged
www.avito.ma/ar/تنغير/بقع_و_مزارع_للكراء/بقعة_أرضية_فيها_2400متر_و_فيها_دار_90متر_53558473.htm,No,Not tagged
www.avito.ma/ar/حسان/سفر_و_تذاكر/2_billetes_mawazine_najwa_karam_55146860.htm,No,Not tagged
www.avito.ma/ar/حسان/كمبيوتر_منزلي/MSI_MAG_112R_4fans_RGB_avec_GTX_1650_4GB_53825660.htm,No,Not tagged
www.avito.ma/ar/حي_آخر/الديكور/SÉPARASSIONS_MANDALA_SHADOW_II_A__55118757.htm,No,Not tagged
www.avito.ma/ar/حي_آخر/بقع_و_مزارع_للكراء/ارض_مساحة_500_متر__عدلية__53684626.htm,No,Not tagged
www.avito.ma/ar/حي_آخر/معدات_أخرى/Rayonnage__métallique_prix_d_usine_GG__54897978.htm,No,Not tagged
www.avito.ma/ar/حي_آخر/معدات_أخرى/rayonnage_de_stockage_ab_54733271.htm,No,Not tagged
www.avito.ma/ar/حي_آخر/هواتف/Iphone_13_pro_max__54281014.htm,No,Not tagged
www.avito.ma/ar/حي_آخر/هواتف/Vivo_y12_64gb__55111152.htm,No,Not tagged
www.avito.ma/ar/حي_الأطر__سانية_المراقيب/معدات_أخرى/block_machine_54713790.htm,No,Not tagged
www.avito.ma/ar/حي_الرياض/معدات_رياضية/Vélo__skateboard__53720110.htm,No,Not tagged
www.avito.ma/ar/حي_السلامة/صوت_وصورة/Aides_auditives__54317494.htm,No,Not tagged
www.avito.ma/ar/حي_المحيط/هواتف/Smartphone_et_Téléphone_à_Rabat_53261881.htm,No,Not tagged
www.avito.ma/ar/حي_واد_الذهب/الأثاث_والديكور/بيع_خامية_كومبلي_طويلا__54022702.htm,No,Not tagged
www.avito.ma/ar/زاوية_الشيخ/سيارات_مستعملة/Dacia_Logan_Diesel_Manuelle_2021_à_Zaouïat_Cheikh_54758379.htm,No,Not tagged
www.avito.ma/ar/سباتة/فن_وتحف/ملعقة_السنبلة__53048550.htm,No,Not tagged
www.avito.ma/ar/سيال/عقار_آخر_للكراء/Lit_pour_enfant_54091280.htm,No,Not tagged
www.avito.ma/ar/سيدي_برنوصي/هوايات_ورياضة/VÉLO_D_APPARTEMENT_ESSENTIEL_EB_120_54921185.htm,No,Not tagged
www.avito.ma/ar/سيدي_سليمان/cummins--للبيع,No,Not tagged
www.avito.ma/ar/سيدي_عبد_الله/ملابس_للأطفال_و_الرُضَّع/العيايدة_سيدي_عبد_الله_53127857.htm,No,Not tagged
www.avito.ma/ar/سيدي_عثمان/الأثاث_والديكور/Vitrine_en_bois_53597744.htm,No,Not tagged
www.avito.ma/ar/سيدي_معروف/طابليط_و_الكتاب_الاليكتروني/tablette_A9plus_8_Ram_128_go_et_cover_54425261.htm,No,Not tagged
www.avito.ma/ar/سيدي_مومن/ملابس/Vêtements_à_Casablanca_53277369.htm,No,Not tagged
www.avito.ma/ar/شفشاون/عقار/places_de--للبيع,No,Not tagged
www.avito.ma/ar/صفرو/أحذيية,No,Not tagged
www.avito.ma/ar/طنجة/bed--للبيع,No,Not tagged
www.avito.ma/ar/طنجة/des_rayons--للبيع,No,Not tagged
www.avito.ma/ar/طنجة/faac--للبيع,No,Not tagged
www.avito.ma/ar/طنجة/gps_tomtom_xxl--للبيع,No,Not tagged
www.avito.ma/ar/طنجة/pukup--للبيع,No,Not tagged
www.avito.ma/ar/طنجة/récepteur_numérique_hd--للبيع,No,Not tagged
www.avito.ma/ar/طنجة/الدريسية/أحذية--للبيع,No,Not tagged
www.avito.ma/ar/طنجة/شاحنات/jcb_3cx--للبيع,No,Not tagged
www.avito.ma/ar/طنجة/ملابسـللأطفالـوـالرٌدع/في_حالة_جيدة--للبيع,No,Not tagged
www.avito.ma/ar/طنجة/هواياتـوـرياضة/chi--للبيع,No,Not tagged
www.avito.ma/ar/عين_الشق/سيارات_مستعملة/Mercedes_Benz_Classe_CLA_AMG_2020_55136038.htm,No,Not tagged
www.avito.ma/ar/عين_دياب/هوايات_ورياضة/velo_spinning_home_54775605.htm,No,Not tagged
www.avito.ma/ar/قلعة_السراغنة/nissan_sunny_essence--للبيع,No,Not tagged
www.avito.ma/ar/كليز/سيارات__للكراء/Location_Mercedes___Audi___RangeRover___Porsch_Bmw_53022304.htm,No,Not tagged
www.avito.ma/ar/لاجيروند/شقق/Appartement_108_m²_à_Casablanca_54813411.htm,No,Not tagged
www.avito.ma/ar/مراكش/macbook_pro_i5--للبيع,No,Not tagged
www.avito.ma/ar/مراكش/دراجات_نارية/la_d--للبيع,No,Not tagged
www.avito.ma/ar/مرجان/كمبيوتر_محمول/Dell_latitude_E5250_i5_Gén_5_Ram_8GB_SSD_128GB_41170826.htm,No,Not tagged
www.avito.ma/ar/مركز_بوسكورة/سيارات_مستعملة/Hyundai_santafe_54964694.htm,No,Not tagged
www.avito.ma/ar/مكناس/بقعـوـمزارع/بقعة_سكنية_للبيع--للبيع,No,Not tagged
www.avito.ma/ar/مولاي_يوسف/هواتف/iPhone_53283914.htm,No,Not tagged
www.avito.ma/ar/ميدلت/four_itimat--للبيع,No,Not tagged
www.avito.ma/ar/واد_لاو/سيارات_مستعملة/Opel_Corsa_Essence_Manuelle_2007_à_Oued_Laou_53586858.htm,No,Not tagged
www.avito.ma/ar/وجدة/i_الحكمة/أجهزةـالإلكترومناجيـوـالأواني-للبيع,No,Not tagged
www.avito.ma/ar/وسط_المدينة/اكسسوارات_الكمبيوتر_والأجهزة/IMPRIMANTE_MATRICIEL_EPSON_LQ_2180_POUR_SOCIETE__54481236.htm,No,Not tagged
www.avito.ma/ar/وسط_المدينة/حيوانات_أليفة/Chien__54650778.htm,No,Not tagged
www.avito.ma/ar/وسط_المدينة/هواتف/sony_ericsson_vintage_53874751.htm,No,Not tagged
www.avito.ma/ar/يعقوب_المنصور/اكسسوارات__إلكترونية/45W_Asus_AC_Adaptateur_Chargeur_Original__53275124.htm,No,Not tagged
www.avito.ma/auto/neuf/hino/3t5/fourgon-long-105/,No,Not tagged
www.avito.ma/auto/neuf/honda/cr-v/,No,Not tagged
www.avito.ma/auto/neuf/peugeot/206-+/1.4-hdi-urban-clim-b&s/,No,Not tagged
www.avito.ma/fr/2_mars/appareils_photo_et_caméras/KIZAVOR_09_Power_bank_caméra_FHD_1080P_espion_54380414.htm,No,Not tagged
www.avito.ma/fr/2_mars/matériels_professionnels/CODEUR_HOHNER_19_15519_360_54243388.htm,No,Not tagged
www.avito.ma/fr/2_mars/matériels_professionnels/machine_de_souder_bujoux_à_main_53983379.htm,No,Not tagged
www.avito.ma/fr/abdelmoumen/restauration_et_hôtellerie/des_chaises_55122255.htm,No,Not tagged
www.avito.ma/fr/achakar/décoration/ديكورات__خشب__55057964.htm,No,Not tagged
www.avito.ma/fr/achennad/matériels_professionnels/materieal_de_manutention_54360866.htm,No,Not tagged
www.avito.ma/fr/administratif/ordinateurs_portables/hp_probook_i3_11ème_g_54748169.htm,No,Not tagged
www.avito.ma/fr/agadir/boutchakat/véhicules-à_vendre,No,Not tagged
www.avito.ma/fr/agdal/bureaux_et_plateaux/Bureau_à_louer_مكتب_للكراء_54758451.htm,No,Not tagged
www.avito.ma/fr/agdal/jeux_vidéo_et_consoles/Ps5_55125813.htm,No,Not tagged
www.avito.ma/fr/ahammar/meubles_et_décoration/TABLE_DE_REUNION__54270290.htm,No,Not tagged
www.avito.ma/fr/ahammar/sports_et_loisirs/مسابقة_على_معدات_رياضية_54088649.htm,No,Not tagged
www.avito.ma/fr/ahammar/stocks_et_vente_en_gros/Rayonnage_REF8888_46642665.htm,No,Not tagged
www.avito.ma/fr/ain_sebaa/chaussures/Loro_piana__53098944.htm,No,Not tagged
www.avito.ma/fr/ain_sebaa/matériels_professionnels/marguerite_en_promo_prix_revendeur_54580021.htm,No,Not tagged
www.avito.ma/fr/ain_sebaa/téléphones/iPhone_15_Pro_max_natural_titanium_neuf_europe_54160706.htm,No,Not tagged
www.avito.ma/fr/ain_sebaa/voitures_d'occasion/Peugeot_208_54897505.htm,No,Not tagged
www.avito.ma/fr/al_boustane/electroménager_et_vaisselles/tapis_royal__54114669.htm,No,Not tagged
www.avito.ma/fr/al_wifaq/matériel_de_bureau/bureaux_et_fauteuils_YM_54840178.htm,No,Not tagged
www.avito.ma/fr/allal_el_fassi/matériels_professionnels/Walkie_Talkie_54736632.htm,No,Not tagged
www.avito.ma/fr/amskroud/bmw_serie--à_vendre,No,Not tagged
www.avito.ma/fr/aouama_gharbia/matériel_de_bureau/pack_fauteuil_haute_gammes_en_simili_cuir__53776339.htm,No,Not tagged
www.avito.ma/fr/autre_secteur/chauffeur__déménagement__transport_de_marchandise/مطلوب_ساءق_رخصة_السياقة_B_54893389.htm,No,Not tagged
www.avito.ma/fr/autre_secteur/image_&_son/air_pods_53631451.htm,No,Not tagged
www.avito.ma/fr/autre_secteur/matériels_professionnels/table_décharge_mm_à_marrakech_54720902.htm,No,Not tagged
www.avito.ma/fr/autre_secteur/meubles_et_décoration/placard_neuf__54752122.htm,No,Not tagged
www.avito.ma/fr/autre_secteur/ordinateurs_portables/pavillion_hp_core_i3_HP_professionnel_GAMMER_54757784.htm,No,Not tagged
www.avito.ma/fr/autre_secteur/voitures_d'occasion/RangeRover_Sport_autobiographique_Automatique_54485094.htm,No,Not tagged
www.avito.ma/fr/aïn_chock/image_&_son/Nagra_6_54237571.htm,No,Not tagged
www.avito.ma/fr/aïn_chock/local_à_louer/BEAU_LOCAL_COMMERCIAL_À_VENDRE_À_BD_ALQODS_54097110.htm,No,Not tagged
www.avito.ma/fr/aïn_chock/matériel_de_bureau/Liquidation_des_chaises_iso_en_tissu_Réf_U8__54232829.htm,No,Not tagged
www.avito.ma/fr/aïn_diab/accessoires_informatique_et_gadgets/Souris_Razer_Basilik_Ultimate_sans_fil__55130030.htm,No,Not tagged
www.avito.ma/fr/bab_fès/ordinateurs_portables/hp_8470_i5_3eme_8g_ram_300_hdd___53838818.htm,No,Not tagged
www.avito.ma/fr/bejaad/meubles_et_décoration/60_m_à--à_vendre,No,Not tagged
www.avito.ma/fr/belvédère/matériels_professionnels/MACHINE_SERIGRAPHIE_4_COULEURS___4_STATIONS_54364548.htm,No,Not tagged
www.avito.ma/fr/ben_ahmed/téléphones/samsung_s21_5G_54665791.htm,No,Not tagged
www.avito.ma/fr/ben_guerir/matériels_professionnels/Fabrication_de_mobilier_de_bureau_en_bois_54719735.htm,No,Not tagged
www.avito.ma/fr/berkane/layali--à_vendre,No,Not tagged
www.avito.ma/fr/boujdour/chaussures/حذاء_ذو_جودة_عالية_53686366.htm,No,Not tagged
www.avito.ma/fr/bouznika/autre_secteur/terrains_et_fermes/للبيع_متر_مربع--à_vendre,No,Not tagged
www.avito.ma/fr/béni_mellal/locations_de_vacances/شقة_للعائلة_فقط_تواصل_معنا__53129058.htm,No,Not tagged
www.avito.ma/fr/casablanca/al_fida/chaussures/plaque_pour--à_vendre,No,Not tagged
www.avito.ma/fr/casablanca/appareils_photo_et_caméras/حي_الفضل_الدار_البيضاء_53383718.htm,No,Not tagged
www.avito.ma/fr/casablanca/appartements/immeubles,No,Not tagged
www.avito.ma/fr/casablanca/arous--à_vendre,No,Not tagged
www.avito.ma/fr/casablanca/gto--à_vendre,No,Not tagged
www.avito.ma/fr/casablanca/meubles_et_décoration/pour_salon_tlamet--à_vendre,No,Not tagged
www.avito.ma/fr/casablanca/sidi_bernoussi/velo_cube--à_vendre,No,Not tagged
www.avito.ma/fr/casablanca/télévisions/marhba--à_vendre,No,Not tagged
www.avito.ma/fr/casablanca/vetements/noir_et_rouge--à_vendre,No,Not tagged
www.avito.ma/fr/casablanca/voitures/motor--à_vendre,No,Not tagged
www.avito.ma/fr/casablanca/منزل_للبيع_في--à_vendre,No,Not tagged
www.avito.ma/fr/centre/matériels_professionnels/Chaise_de_bureau_en_MeSH_Président__KP0__54276516.htm,No,Not tagged
www.avito.ma/fr/centre/matériels_professionnels/يجمع_هذا_المكتب_بين_التصميم_الراقي_والأداء_الممتاز_54376533.htm,No,Not tagged
www.avito.ma/fr/centre/téléphones/iphone_13_pro_54358246.htm,No,Not tagged
www.avito.ma/fr/centre_ville/art_et_collections/Téléphone_fixe_antique_en_bois__54717440.htm,No,Not tagged
www.avito.ma/fr/centre_ville/locations_de_vacances/شقة_فسيحة_جد_ا_لفترة_طويلة_54711898.htm,No,Not tagged
www.avito.ma/fr/centre_ville/locations_de_vacances/شقق_مفروشة_للعطلة_أو_العمل_وسط_مدينة_54739152.htm,No,Not tagged
www.avito.ma/fr/centre_ville/matériels_professionnels/frigo_importation_turc_bonne_qualité_53825359.htm,No,Not tagged
www.avito.ma/fr/centre_ville/motos/AEROX_2012_STANDAR_N9IYA_kolchy_khedam_feeha__54718097.htm,No,Not tagged
www.avito.ma/fr/cité_adrar/image_&_son/AirPods_pro_2_53796375.htm,No,Not tagged
www.avito.ma/fr/cité_des_cadres___saniat_al_mourakib/matériels_professionnels/the_fiber_cnc_laser_with_1000wat_generateur_54654100.htm,No,Not tagged
www.avito.ma/fr/dar_assalam/terrains_et_fermes_à_louer/Terrains_54659218.htm,No,Not tagged
www.avito.ma/fr/dar_bouazza/meubles_et_décoration/LOT_PLUSIEURS_ARTICLES_POUR_LA_MAISON__54727251.htm,No,Not tagged
www.avito.ma/fr/dar_chaffai/véhicules/tracteur_agricole--à_vendre,No,Not tagged
www.avito.ma/fr/deroua/art_et_collections/de_en_argent--à_vendre,No,Not tagged
www.avito.ma/fr/deroua/voiture_bonne_occasion--à_vendre,No,Not tagged
www.avito.ma/fr/el_firdaws/autre_matériel_professionel/carte_controle_de_co2_laser_54871602.htm,No,Not tagged
www.avito.ma/fr/el_gara/télévisions/un--à_vendre,No,Not tagged
www.avito.ma/fr/el_jadida/autre_secteur/pour_café_et,No,Not tagged
www.avito.ma/fr/el_maader_el_kabir/femme_de_menage_nounou_chauffeurs-à_vendre,No,Not tagged
www.avito.ma/fr/errahma/sports_et_loisirs/Tenues_paris_saint_german_53381840.htm,No,Not tagged
www.avito.ma/fr/essaouira/terrains_et_fermes/بقعة_ارضية_و--à_vendre,No,Not tagged
www.avito.ma/fr/figuig/jeux_vidéo_et_consoles/ticket--à_vendre,No,Not tagged
www.avito.ma/fr/guéliz/animaux/chat_très_active__54227146.htm,No,Not tagged
www.avito.ma/fr/guéliz/voitures_d'occasion/2ème_main_chevrolet_spark_2011_54847730.htm,No,Not tagged
www.avito.ma/fr/haut_agdal/montres_et_bijoux/Calvin_Klein__54730867.htm,No,Not tagged
www.avito.ma/fr/hay_el_hikma/vêtements/Ljaded_kif_l3ada__53283712.htm,No,Not tagged
www.avito.ma/fr/hay_hassani/accessoires_informatique_et_gadgets/steal_paly_PS5_Dual_charging_stand_53203416.htm,No,Not tagged
www.avito.ma/fr/hay_hassani/instruments_de_musique/Carte_Son_Antelope_Audio_Discrète_4_53095779.htm,No,Not tagged
www.avito.ma/fr/hay_izdihar/meubles_et_décoration/Commode_blanche_neuve__54703158.htm,No,Not tagged
www.avito.ma/fr/hay_riad/voyages_et_billetterie/Macaron_Mawazine__55123042.htm,No,Not tagged
www.avito.ma/fr/hay_saada/autre_matériel_professionel/Séchoir_Bon_état_2000w__54186246.htm,No,Not tagged
www.avito.ma/fr/hay_salam/appartements/Appartement_à_louer_à_Salam_Agadir_54766453.htm,No,Not tagged
www.avito.ma/fr/hay_salam/matériels_professionnels/Table_De_Réunion__A_Hhay_Salam_54833335.htm,No,Not tagged
www.avito.ma/fr/khemisset/maison_de_route--à_vendre,No,Not tagged
www.avito.ma/fr/khemisset/voitures_d'occasion/Renault_Clio_Diesel_Manuelle_2017_à_Khemisset_55128044.htm,No,Not tagged
www.avito.ma/fr/khouribga/autre_matériel_professionel/chaises_iso_avec_table_en_promo_54962199.htm,No,Not tagged
www.avito.ma/fr/la_hacienda/autre_matériel_professionel/رفوف_سوبر_ماركت_48894079.htm,No,Not tagged
www.avito.ma/fr/laattaouia/véhicules_professionnels--à_vendre,No,Not tagged
www.avito.ma/fr/laayoune/tilila/centre_appels-à_vendre,No,Not tagged
www.avito.ma/fr/larache/téléphones/canon--à_vendre,No,Not tagged
www.avito.ma/fr/maroc/142_à_oujda--à_vendre,No,Not tagged
www.avito.ma/fr/maroc/9560--à_vendre,No,Not tagged
www.avito.ma/fr/maroc/accessoires_informatique_et_gadgets/graphique_nvidia_gtx--à_vendre,No,Not tagged
www.avito.ma/fr/maroc/accessoires_informatique_et_gadgets/routeur_sagem_maroc_telecom--à_vendre,No,Not tagged
www.avito.ma/fr/maroc/accessoires_informatique_et_gadgets/sacs--à_vendre,No,Not tagged
www.avito.ma/fr/maroc/activa--à_vendre,No,Not tagged
www.avito.ma/fr/maroc/appartements/a_cgi,No,Not tagged
www.avito.ma/fr/maroc/appartements/a_diour,No,Not tagged
www.avito.ma/fr/maroc/appartements/ansi,No,Not tagged
www.avito.ma/fr/maroc/appartements/garage_martil,No,Not tagged
www.avito.ma/fr/maroc/bras_pour_micro--à_vendre,No,Not tagged
www.avito.ma/fr/maroc/cherche_le--à_vendre,No,Not tagged
www.avito.ma/fr/maroc/cle_4--à_vendre,No,Not tagged
www.avito.ma/fr/maroc/cle_usb_voiture--à_vendre,No,Not tagged
www.avito.ma/fr/maroc/equipements_pour_enfant/rah*--à_vendre,No,Not tagged
www.avito.ma/fr/maroc/façade_boustane--à_vendre,No,Not tagged
www.avito.ma/fr/maroc/femme_de_menage_nounou_chauffeurs/ménage_et_nounou--à_vendre,No,Not tagged
www.avito.ma/fr/maroc/fournisseur_materiel--à_vendre,No,Not tagged
www.avito.ma/fr/maroc/i30_poste--à_vendre,No,Not tagged
www.avito.ma/fr/maroc/image_et_son/en_o--à_vendre,No,Not tagged
www.avito.ma/fr/maroc/image_et_son/jeu_mac--à_vendre,No,Not tagged
www.avito.ma/fr/maroc/image_et_son/العالي--à_vendre,No,Not tagged
www.avito.ma/fr/maroc/immobilier/lotissement_route_sefrou--à_vendre,No,Not tagged
www.avito.ma/fr/maroc/iphone_avec_tout--à_vendre,No,Not tagged
www.avito.ma/fr/maroc/j_2000--à_vendre,No,Not tagged
www.avito.ma/fr/maroc/jeux_vidéo_et_consoles/4k_tv--à_vendre,No,Not tagged
www.avito.ma/fr/maroc/jeux_vidéo_et_consoles/microsoft_surface_tablette--à_vendre,No,Not tagged
www.avito.ma/fr/maroc/la_nage--à_vendre,No,Not tagged
www.avito.ma/fr/maroc/laver_électronique--à_vendre,No,Not tagged
www.avito.ma/fr/maroc/lot_settat--à_vendre,No,Not tagged
www.avito.ma/fr/maroc/maison_200_fès--à_vendre,No,Not tagged
www.avito.ma/fr/maroc/matériels_professionnels/a_essence--à_vendre,No,Not tagged
www.avito.ma/fr/maroc/meubles_et_décoration/f_dar--à_vendre,No,Not tagged
www.avito.ma/fr/maroc/moteur_dti_renault--à_vendre,No,Not tagged
www.avito.ma/fr/maroc/ordinateurs_bureau/processor_core_i5--à_vendre,No,Not tagged
www.avito.ma/fr/maroc/ordinateurs_portables/adobe--à_vendre,No,Not tagged
www.avito.ma/fr/maroc/ordinateurs_portables/n.b--à_vendre,No,Not tagged
www.avito.ma/fr/maroc/ordinateurs_portables/o_en--à_vendre,No,Not tagged
www.avito.ma/fr/maroc/pc_lg_flatron_l1750sq--à_vendre,No,Not tagged
www.avito.ma/fr/maroc/pci_hd--à_vendre,No,Not tagged
www.avito.ma/fr/maroc/piqueuse_et--à_vendre,No,Not tagged
www.avito.ma/fr/maroc/pièces_et_accessoires_véhicules/moteur_pas_a--à_vendre,No,Not tagged
www.avito.ma/fr/maroc/placard_al--à_vendre,No,Not tagged
www.avito.ma/fr/maroc/produits_de_beaute/vente_un_de--à_vendre,No,Not tagged
www.avito.ma/fr/maroc/r19_coupé--à_vendre,No,Not tagged
www.avito.ma/fr/maroc/recherche_début--à_vendre,No,Not tagged
www.avito.ma/fr/maroc/red_epic--à_vendre,No,Not tagged
www.avito.ma/fr/maroc/renault_express_diesel__,No,Not tagged
www.avito.ma/fr/maroc/roman_de--à_vendre,No,Not tagged
www.avito.ma/fr/maroc/sans_actifry--à_vendre,No,Not tagged
www.avito.ma/fr/maroc/tablettes/tablette_15--à_vendre,No,Not tagged
www.avito.ma/fr/maroc/ticket_80_mm--à_vendre,No,Not tagged
www.avito.ma/fr/maroc/téléphones/3g_--à_vendre,No,Not tagged
www.avito.ma/fr/maroc/télévisions/benq_3d--à_vendre,No,Not tagged
www.avito.ma/fr/maroc/vetements/b_o--à_vendre,No,Not tagged
www.avito.ma/fr/maroc/vetements/cuir_pour_femmes--à_vendre,No,Not tagged
www.avito.ma/fr/maroc/vetements/jackets--à_vendre,No,Not tagged
www.avito.ma/fr/maroc/voitures/et_autres--à_vendre,No,Not tagged
www.avito.ma/fr/maroc/ملابس_اطفال_بالجملة--à_vendre,No,Not tagged
www.avito.ma/fr/marrakech/appartements/petit_Immeuble_,No,Not tagged
www.avito.ma/fr/marrakech/besoin_des_chauffeurs--à_vendre,No,Not tagged
www.avito.ma/fr/marrakech/bouaakkaz/vehicules--à_vendre,No,Not tagged
www.avito.ma/fr/marrakech/honda_lead--à_vendre,No,Not tagged
www.avito.ma/fr/marrakech/mecedes--à_vendre,No,Not tagged
www.avito.ma/fr/marrakech/montres_et_bijoux/lunettes_de_soleil--à_vendre,No,Not tagged
www.avito.ma/fr/marrakech/voyage_et_billetterie/mets_vente_un--à_vendre,No,Not tagged
www.avito.ma/fr/marrakech/النقرة--à_vendre,No,Not tagged
www.avito.ma/fr/martil/matériels_professionnels/_كراسي_المكتب_الاستيرادية_54436546.htm,No,Not tagged
www.avito.ma/fr/martil/matériels_professionnels/laver_à--à_vendre,No,Not tagged
www.avito.ma/fr/meknès/voitures_d'occasion/Fiat_Palio_diesel_elx_54984442.htm,No,Not tagged
www.avito.ma/fr/midelt/diwana_diesel--à_vendre,No,Not tagged
www.avito.ma/fr/mimosas/matériels_professionnels/CHAISE_PRESIDENT_ZÜCO_EN_CUIR_NOIR_54173144.htm,No,Not tagged
www.avito.ma/fr/missour/terrains_et_fermes/600m2--à_vendre,No,Not tagged
www.avito.ma/fr/mohammedia/derb_rbat/electorménager_et_vaisselle-à_vendre,No,Not tagged
www.avito.ma/fr/médina_de_rabat/matériels_professionnels/Rayonnage_Supermarché__54255619.htm,No,Not tagged
www.avito.ma/fr/nador/skita--à_vendre,No,Not tagged
www.avito.ma/fr/oualidia/montres_et_bijoux/montre_pour_homme--à_vendre,No,Not tagged
www.avito.ma/fr/ouazzane/art_et_collections/المغربية--à_vendre,No,Not tagged
www.avito.ma/fr/oujda/canon_appareil_photo--à_vendre,No,Not tagged
www.avito.ma/fr/oujda/maison_hay_al,No,Not tagged
www.avito.ma/fr/oujda/pick_up_d--à_vendre,No,Not tagged
www.avito.ma/fr/oujda/pour_casque_moto--à_vendre,No,Not tagged
www.avito.ma/fr/oujda/ridal--à_vendre,No,Not tagged
www.avito.ma/fr/oujda/route_jerada/307_tout--à_vendre,No,Not tagged
www.avito.ma/fr/oujda/voiture_mercedes_e220--à_vendre,No,Not tagged
www.avito.ma/fr/oulad_zidane/meubles_et_décoration-à_vendre,No,Not tagged
www.avito.ma/fr/quartier_de_l'océan/motos/Motos_à_Rabat_53338178.htm,No,Not tagged
www.avito.ma/fr/quartier_de_l'océan/stocks_et_vente_en_gros/Rouleau_de_toile_vierge_professionnel_2m__53742121.htm,No,Not tagged
www.avito.ma/fr/rabat/e200--à_vendre,No,Not tagged
www.avito.ma/fr/rabat/hay_arrachad/animaux-à_vendre,No,Not tagged
www.avito.ma/fr/rabat/robes_pour--à_vendre,No,Not tagged
www.avito.ma/fr/route_de_marrakech/locations_de_vacances/villa_de_charme_vc_piscine_privée__54382082.htm,No,Not tagged
www.avito.ma/fr/sabaa_aiyoun/modil_2016--à_vendre,No,Not tagged
www.avito.ma/fr/safi/télévisions/a--à_vendre,No,Not tagged
www.avito.ma/fr/sala_el_jadida/terrains_et_fermes_à_louer/terrain_villa_à_Sala_Al_jadida_48493789.htm,No,Not tagged
www.avito.ma/fr/sala_el_jadida/voitures_d'occasion/Kia_Sorento_Diesel_Automatique_2007__54719529.htm,No,Not tagged
www.avito.ma/fr/settat/chat_siamois--à_vendre,No,Not tagged
www.avito.ma/fr/sidi_abdallah_ghiat/autre_immobilier_à_louer/chambre_double_53302992.htm,No,Not tagged
www.avito.ma/fr/sidi_maarouf/jeux_vidéo_et_consoles/pokémon_2_10_54141516.htm,No,Not tagged
www.avito.ma/fr/sidi_maarouf/magasins__commerces_et_locaux_industriels/magasin_commercial__54716827.htm,No,Not tagged
www.avito.ma/fr/sidi_rahal/jeux_vidéo_et_consoles/Compte_pes_50907358.htm,No,Not tagged
www.avito.ma/fr/souk_el_arbaa/autre_matériel_professionel/ثلاجة_كونطوار_54848161.htm,No,Not tagged
www.avito.ma/fr/souk_el_arbaa/vélos/a_oulfa--à_vendre,No,Not tagged
www.avito.ma/fr/tanger/15_4--à_vendre,No,Not tagged
www.avito.ma/fr/tanger/appareils_photo_cameras/s_normal--à_vendre,No,Not tagged
www.avito.ma/fr/tanger/appartement_wifi_côté--à_vendre,No,Not tagged
www.avito.ma/fr/tanger/cap_spartel/chaussures-à_vendre,No,Not tagged
www.avito.ma/fr/tanger/coon--à_vendre,No,Not tagged
www.avito.ma/fr/tanger/de_3_facades--à_vendre,No,Not tagged
www.avito.ma/fr/tanger/rolant--à_vendre,No,Not tagged
www.avito.ma/fr/tanger/souda--à_vendre,No,Not tagged
www.avito.ma/fr/tanger/spongebob--à_vendre,No,Not tagged
www.avito.ma/fr/tanger/t_pull_bear--à_vendre,No,Not tagged
www.avito.ma/fr/tanger/vignette_land_rover--à_vendre,No,Not tagged
www.avito.ma/fr/taza/trax--à_vendre,No,Not tagged
www.avito.ma/fr/taza/véhicules/renault_19_storia--à_vendre,No,Not tagged
www.avito.ma/fr/temara/firdaouss/matériels_professionnels-à_vendre,No,Not tagged
www.avito.ma/fr/temara/vetements_pour_enfant/pyjamas--à_vendre,No,Not tagged
www.avito.ma/fr/touabel/téléphones/Google_pixel_8_pro_128gb_54787833.htm,No,Not tagged
www.avito.ma/fr/tétouan/safir/bateaux-à_vendre,No,Not tagged
www.avito.ma/fr/wislane/meubles_et_décoration/SÉPARATION_PARAVENT_DJ_DEADMAU5_MEKNÈS_MEKNÈS_54843913.htm,No,Not tagged
www.avito.ma/fr/youssoufia/appareils_photo_et_caméras/Caméras_de_surveillance_sans_fil_53602033.htm,No,Not tagged
www.avito.ma/fr/youssoufia/terrains_et_fermes/terrain_de_et--à_vendre,No,Not tagged
www.avito.ma/fr/zone_industrielle_mghogha/autre_matériel_professionel/rayonnage_de_stock__54270291.htm,No,Not tagged
www.avito.ma/sp/misc/zoom-canon-eos,No,Not tagged
www.avito.ma/ar/2_مارس/معدات_أخرى/ETAGER_ET_vestiaire_ET_armoire_PROMOTION_50458425.htm,No,Not tagged
www.avito.ma/ar/2_مرجان/هواتف/iPhone_13_pro___13p_m___14_normal___14_p_m__54677101.htm,No,Not tagged
www.avito.ma/ar/أزيلال/car--للبيع,No,Not tagged
www.avito.ma/ar/أكادير/سيارات_مستعملة/Toyota_Yaris__53075288.htm,No,Not tagged
www.avito.ma/ar/أكادير/وسط_المدينة/باطوّات_قوارب-للبيع,No,Not tagged
www.avito.ma/ar/أكدال/دراجات/vélo_ORBEA_très_bon_état__54300009.htm,No,Not tagged
www.avito.ma/ar/أكدال/مخزونات_وبيع_بالجملة/Vestiaire_ou_casier_métallique_2__3_et_4_portes_51968628.htm,No,Not tagged
www.avito.ma/ar/أكدال/معدات_أخرى/Échographe_sonoscape_S11plus__54841850.htm,No,Not tagged
www.avito.ma/ar/أكدال/مكاتب_للكراء/A_vendre_immeuble_a_lAgdal_plateau_bureau_54562661.htm,No,Not tagged
www.avito.ma/ar/اسفي/درجات_نارية/103_52957111.htm,No,Not tagged
www.avito.ma/ar/اسفي/سفرـوـتذاكر/2_à_marrakech--للبيع,No,Not tagged
www.avito.ma/ar/اقصري/appartement_de_160m2--للبيع,No,Not tagged
www.avito.ma/ar/الأميرات/الغرفة/Lit_bebe_Aida_la_chambre_des_petits_55034266.htm,No,Not tagged
www.avito.ma/ar/الحاجب/حيوانات_أليفة/une_très--للبيع,No,Not tagged
www.avito.ma/ar/الحي_الصناعي/معدات_أخرى/barrière_métallique__51124396.htm,No,Not tagged
www.avito.ma/ar/الدار_البيضاء/192--للبيع,No,Not tagged
www.avito.ma/ar/الدار_البيضاء/by_samsung--للبيع,No,Not tagged
www.avito.ma/ar/الدار_البيضاء/diour_jamaa/أجهزةـالإلكترومناجيـوـالأواني-للبيع,No,Not tagged
www.avito.ma/ar/الدار_البيضاء/logan_2008_diesel--للبيع,No,Not tagged
www.avito.ma/ar/الدار_البيضاء/tables_de_nuit--للبيع,No,Not tagged
www.avito.ma/ar/الدار_البيضاء/yz_85--للبيع,No,Not tagged
www.avito.ma/ar/الدار_البيضاء/الحسن--للبيع,No,Not tagged
www.avito.ma/ar/الدار_البيضاء/برطما_شقة/derb,No,Not tagged
www.avito.ma/ar/الدار_البيضاء/حقائب_وأكسسوارات/Lunette_Solaire_Fendi_Chic_avec_boite__53148518.htm,No,Not tagged
www.avito.ma/ar/الدار_البيضاء/سباتة/دراجات_نارية/deux_moto--للبيع,No,Not tagged
www.avito.ma/ar/الدار_الحمراء/حيوانات_أليفة/Séparation_des_chiens_chats_GRILLE__54224093.htm,No,Not tagged
www.avito.ma/ar/الرباط/1_tera--للبيع,No,Not tagged
www.avito.ma/ar/الرباط/60_متر_مربع--للبيع,No,Not tagged
www.avito.ma/ar/الرباط/citroen_c4_2006--للبيع,No,Not tagged
www.avito.ma/ar/الرباط/dacia_dekker--للبيع,No,Not tagged
www.avito.ma/ar/الرباط/pour_musculation--للبيع,No,Not tagged
www.avito.ma/ar/الرباط/rass--للبيع,No,Not tagged
www.avito.ma/ar/الرباط/دكاكين_محلات_تجارية/salon--للبيع,No,Not tagged
www.avito.ma/ar/الرباط/معدات_مهنية/2007--للبيع,No,Not tagged
www.avito.ma/ar/الصويرة/bmw_120d_coupé--للبيع,No,Not tagged
www.avito.ma/ar/القنيطرة/des_pc_hp--للبيع,No,Not tagged
www.avito.ma/ar/القنيطرة/ronde--للبيع,No,Not tagged
www.avito.ma/ar/المحاميد/ألعاب_الفيديو_وأجهزة_تشغيل_أو_كونصولات/chargeur_3DS_53675829.htm,No,Not tagged
www.avito.ma/ar/المحمدية/apple_iphone_gold--للبيع,No,Not tagged
www.avito.ma/ar/المغرب/2_triyat--للبيع,No,Not tagged
www.avito.ma/ar/المغرب/arz_le--للبيع,No,Not tagged
www.avito.ma/ar/المغرب/chambre_coucher_pour--ﺕﺮﻳﺩ_ﺵﺭﺍﺀ,No,Not tagged
www.avito.ma/ar/المغرب/dans_résidence_islane--للبيع,No,Not tagged
www.avito.ma/ar/المغرب/l200_2008--للبيع,No,Not tagged
www.avito.ma/ar/المغرب/machine_tour_à--للبيع,No,Not tagged
www.avito.ma/ar/المغرب/old--للبيع,No,Not tagged
www.avito.ma/ar/المغرب/pockit--للبيع,No,Not tagged
www.avito.ma/ar/المغرب/pompe_a_beton--للبيع,No,Not tagged
www.avito.ma/ar/المغرب/pro_wax_100--للبيع,No,Not tagged
www.avito.ma/ar/المغرب/psn_store--للبيع,No,Not tagged
www.avito.ma/ar/المغرب/ronge_rover_sport--للبيع,No,Not tagged
www.avito.ma/ar/المغرب/برطما_شقة/bain_des_pieds,No,Not tagged
www.avito.ma/ar/المغرب/برطما_شقة/habillage,No,Not tagged
www.avito.ma/ar/المغرب/برطما_شقة/laayayda_sale,No,Not tagged
www.avito.ma/ar/المغرب/بقعـوـمزارع/porte_de_fer--للبيع,No,Not tagged
www.avito.ma/ar/المغرب/دراجات_نارية/classic_a--للبيع,No,Not tagged
www.avito.ma/ar/المغرب/دراجات_نارية/cyclo--للبيع,No,Not tagged
www.avito.ma/ar/المغرب/دراجات_نارية/la_machine_la--للبيع,No,Not tagged
www.avito.ma/ar/المغرب/طلب_عمل/عمل_كمربية_في--ﺕﺮﻳﺩ_ﺵﺭﺍﺀ,No,Not tagged
www.avito.ma/ar/المغرب/مكناس_2_مرجان--للبيع,No,Not tagged
www.avito.ma/ar/المغرب/ملابسـصحةـوـجمال/psg--للبيع,No,Not tagged
www.avito.ma/ar/المغرب/وسائل_النقل/golf_zebra--للبيع,No,Not tagged
www.avito.ma/ar/الناظور/p_10--للبيع,No,Not tagged
www.avito.ma/ar/الوطية/بقع_و_مزارع--للبيع,No,Not tagged
www.avito.ma/ar/الوفاء/الديكور/Tableau_Andreas_Haggkvist_A_A_Wafa_54752604.htm,No,Not tagged
www.avito.ma/ar/الولفة/الأثاث/مكتب_للبيع__52630818.htm,No,Not tagged
www.avito.ma/ar/برشيد/سيارات_مستعملة/Dacia_Sandero_streetway_neuf__54675416.htm,No,Not tagged
www.avito.ma/ar/بنى_ملال/منازل_للعطلة/شقة_مفروشة__53186794.htm,No,Not tagged
www.avito.ma/ar/بوجدور/سيارات/voiture_boîte_automatique--للبيع,No,Not tagged
www.avito.ma/ar/بوسكورة/أحذيية-ﺕﺮﻳﺩ_ﺵﺭﺍﺀ,No,Not tagged
www.avito.ma/ar/بولنوار/قطعـالغيارـلوسائلـالنقل/hyundai--للبيع,No,Not tagged
www.avito.ma/ar/تتيلة/الأثاث/bureau_en_bois__54339995.htm,No,Not tagged
www.avito.ma/ar/تزنيت/magasin_de_et--للبيع,No,Not tagged
www.avito.ma/ar/تزنيت/peugeot_301_1.6--للبيع,No,Not tagged
www.avito.ma/ar/تزنيت/سيارات_مستعملة/رونو_سنيك_ديزل_يدوي_2006_في_تزنيت_53718830.htm,No,Not tagged
www.avito.ma/ar/تطوان/المدينة/ألعاب_الفيديو_وأجهزة_تشغيل_أو_كونصولات/bluetooth--للبيع,No,Not tagged
www.avito.ma/ar/حمرية/هواتف/Xiaomi_14_Ultra_512g_16g_55133304.htm,No,Not tagged
www.avito.ma/ar/حي_آخر/اكسسوارات__إلكترونية/TKSGF_Traceur_GPS_pour_Enfants_TKSGF22_54893528.htm,No,Not tagged
www.avito.ma/ar/حي_آخر/خدمات_أخرى/IPTV_SERVICE_EN_4K_QUALITE_55116202.htm,No,Not tagged
www.avito.ma/ar/حي_آخر/سيارات_مستعملة/Peugeot_508_54854620.htm,No,Not tagged
www.avito.ma/ar/حي_آخر/كراء_مشترك/شقة_للكراء_للطالبات_53438028.htm,No,Not tagged
www.avito.ma/ar/حي_آخر/كمبيوتر_منزلي/Dell_Optiplex_3020_SFF_55061477.htm,No,Not tagged
www.avito.ma/ar/حي_آخر/هواتف/iPhone_X_64gb__54791463.htm,No,Not tagged
www.avito.ma/ar/حي_الأمل/أحذية/Puma_softride_sandale_original_35_55039133.htm,No,Not tagged
www.avito.ma/ar/حي_الحسني/اكسسوارات_الكمبيوتر_والأجهزة/Écouteur_Bluetooth_Sans_Fil_Lenovo_LP40_Plus_54613631.htm,No,Not tagged
www.avito.ma/ar/حي_الحسني/معدات_المطاعم_والفنادق/présentoir_a_gastro_positif__54964278.htm,No,Not tagged
www.avito.ma/ar/حي_الحسني/معدات_المطاعم_والفنادق/sous_comptoir_importe__54913602.htm,No,Not tagged
www.avito.ma/ar/حي_القدس/الأثاث_والديكور/Meubles_et_Décoration_à_Oujda_52792231.htm,No,Not tagged
www.avito.ma/ar/حي_المحمدي/بقع_و_مزارع/بقعة_سكنية_ممتازة_بألحي_المحمدي__55054249.htm,No,Not tagged
www.avito.ma/ar/حي_المحمدي/منازل_للعطلة/Beau_Appartement_Meublé_Av_Wi_Fi_SMARTV_et_Piscine_54871616.htm,No,Not tagged
www.avito.ma/ar/حي_داخلة/فيلات___رياض/Villa_R_plus_1_à_louer_vide_à_DAKHLA_Agadir__54917463.htm,No,Not tagged
www.avito.ma/ar/خريبكة/ألعاب_الفيديو_وأجهزة_تشغيل_أو_كونصولات/Xbox_series_S_neuf__54795943.htm,No,Not tagged
www.avito.ma/ar/خريبكة/خدمات/IPTV_ABONNEMENT_PREMIUM_STABLE_QUALITÉ_4K_FHD_HD___54459432.htm,No,Not tagged
www.avito.ma/ar/خريبكة/صوت_وصورة/Bluetooth_Mini_Speaker_54362592.htm,No,Not tagged
www.avito.ma/ar/خنيفرة/بقع_و_مزارع/أرض_للبيع_بثمن_مغري_52941358.htm,No,Not tagged
www.avito.ma/ar/زمامرة/بقع_و_مزارع_للكراء/Maison_de_campagne_à_vendre__54124356.htm,No,Not tagged
www.avito.ma/ar/سطات/miftah_el_kheir/بقعـوـمزارع-للبيع,No,Not tagged
www.avito.ma/ar/سطات/بقعـوـمزارع/arsat--للبيع,No,Not tagged
www.avito.ma/ar/سعيد_حجي/دكاكين،_محلات_تجارية_ومباني_صناعية/Local_à_vendre_à_Salé_said_hajji_Residence_RIM__53359867.htm,No,Not tagged
www.avito.ma/ar/سفير/ملابس/Robe__54839971.htm,No,Not tagged
www.avito.ma/ar/سيال/دار_أو_ڨيلا/belle_villa_en_location_CIL_53944402.htm,No,Not tagged
www.avito.ma/ar/سيال/هواتف/Oppo_reno_2f_53829184.htm,No,Not tagged
www.avito.ma/ar/سيدي_إفني/أجهزةـالإلكترومناجيـوـالأواني-للبيع,No,Not tagged
www.avito.ma/ar/سيدي_عثمان/كمبيوتر_منزلي/DELL_Precision_T7810_55079762.htm,No,Not tagged
www.avito.ma/ar/سيدي_معروف/هواتف_و_هواتف_ذكية/Iphone_14_pro_max_256_53423682.htm,No,Not tagged
www.avito.ma/ar/سيدي_موسى/دكاكين،_محلات_تجارية_ومباني_صناعية/garage_en_tres_bon_etat_a_vendre_a_sidi_moussa__53778208.htm,No,Not tagged
www.avito.ma/ar/شاطئ_السهب_الذهبي/دار_أو_ڨيلا/Maisons_et_Villas_à_vendre_à_Val_d_or___Harhoura_53189824.htm,No,Not tagged
www.avito.ma/ar/شفشاون/chauffeur_livreur--ﺕﺮﻳﺩ_ﺵﺭﺍﺀ,No,Not tagged
www.avito.ma/ar/طريق_جرادة/الأجهزة_المنزلية_الصغيرة/robinet_52823569.htm,No,Not tagged
www.avito.ma/ar/طنجة/cougar--للبيع,No,Not tagged
www.avito.ma/ar/طنجة/lcd_monitor--للبيع,No,Not tagged
www.avito.ma/ar/طنجة/villa_khouribga_village_ocp--للبيع,No,Not tagged
www.avito.ma/ar/عايدة/اكسسوارات_الكمبيوتر_والأجهزة/Xtrike_me_sk_402_2_0_channel_stereo_rgb_55038348.htm,No,Not tagged
www.avito.ma/ar/عرصة_ابن_الشبلي/معدات_مهنية/rayonnage_leger_importation__53593655.htm,No,Not tagged
www.avito.ma/ar/عرصة_مولاي_بوعزة/منازل_للعطلة/parfait_Appart_De_Louer__54725676.htm,No,Not tagged
www.avito.ma/ar/عزيب_الدرعي/سيارات_مستعملة/opel__zafira_54757448.htm,No,Not tagged
www.avito.ma/ar/عوينات_الحجاج/ساعات_و_مجوهرات/سنسلة_لنساء_جميلة__54077754.htm,No,Not tagged
www.avito.ma/ar/عين_دياب/سيارات_مستعملة/Mercedes_S350__54865549.htm,No,Not tagged
www.avito.ma/ar/عين_عودة/شاحنات/prix_voiture--للبيع,No,Not tagged
www.avito.ma/ar/عين_مزوار/معدات_مهنية/Matériels_Professionnels_à_Marrakech_53049076.htm,No,Not tagged
www.avito.ma/ar/غفساي/إصلاحات_منزلية--للبيع,No,Not tagged
www.avito.ma/ar/فاس/facial--للبيع,No,Not tagged
www.avito.ma/ar/فاس/matériels_snack_et--للبيع,No,Not tagged
www.avito.ma/ar/فاس/salon_à_vendre--ﺕﺮﻳﺩ_ﺵﺭﺍﺀ,No,Not tagged
www.avito.ma/ar/فونتي_العالي/شقق/Appartement_à_vendre_80_m²_à_Agadir_54797769.htm,No,Not tagged
www.avito.ma/ar/قلعة_السراغنة/ملابس/abaya_basic_noir_à_vendre__53163272.htm,No,Not tagged
www.avito.ma/ar/كليز/اكسسوارات_الكمبيوتر_والأجهزة/Caisse_enregistreuse__53630971.htm,No,Not tagged
www.avito.ma/ar/كليز/ساعات_و_مجوهرات/Montre_Calvin_Klein_52882702.htm,No,Not tagged
www.avito.ma/ar/مراكش/206_2012--للبيع,No,Not tagged
www.avito.ma/ar/مراكش/chiens_berger--للبيع,No,Not tagged
www.avito.ma/ar/مراكش/gear_s3--للبيع,No,Not tagged
www.avito.ma/ar/مرتيل/شقق/منزل_للبيع__54209628.htm,No,Not tagged
www.avito.ma/ar/مركز_بوسكورة/بقع_و_مزارع_للكراء/terrain_1400m2_industrielle_à_bouskoura__55134969.htm,No,Not tagged
www.avito.ma/ar/مكناس/2_مرجان/lampes--للبيع,No,Not tagged
www.avito.ma/ar/مكناس/amande--للبيع,No,Not tagged
www.avito.ma/ar/مكناس/de_massage--للبيع,No,Not tagged
www.avito.ma/ar/مكناس/toshiba_satellite_c850--للبيع,No,Not tagged
www.avito.ma/ar/مكناس/اكسسواراتـالكمبيوترـوـالأجهزة/4g_avec_accessoires--للبيع,No,Not tagged
www.avito.ma/ar/مكناس/سيارات_مستعملة/NISSAN_QASHQAI_À_VENDRE__52952428.htm,No,Not tagged
www.avito.ma/ar/مكناس/طنجة_البالية/هواياتـوـرياضة-للبيع,No,Not tagged
www.avito.ma/ar/واد_زم/موسيقى_وآلات/yamaha--للبيع,No,Not tagged
www.avito.ma/ar/وجدة/jetta_sport--للبيع,No,Not tagged
www.avito.ma/ar/وجدة/المقطوراتـوـالكرفانات/m--للبيع,No,Not tagged
www.avito.ma/ar/وسط_المدينة/الأثاث/port_clé_mural_53907735.htm,No,Not tagged
www.avito.ma/ar/وسط_المدينة/تجارة_وأعمال_تجارية/acheté_des_sociétés_en_deficulte_53249959.htm,No,Not tagged
www.avito.ma/ar/وسط_المدينة/ملابس/Tenue_de_KACM_55056588.htm,No,Not tagged
www.avito.ma/ar/وسط_المدينة/هواتف/samsung_s21_plus_256g_8g_ram_5G_53759453.htm,No,Not tagged
www.avito.ma/ar/ٱيت_ملول/xbox_360_flache--للبيع,No,Not tagged
www.avito.ma/ar/ٱيت_ملول/دراجات/دراجة_هوائية_53359877.htm,No,Not tagged
www.avito.ma/auto/neuf/abarth/500/,No,Not tagged
www.avito.ma/auto/neuf/hyundai/grand-i10/1.0-66-ch-lounge/,No,Not tagged
www.avito.ma/fr/2_mars/appareils_photo_et_caméras/Mini_caméra_d_horloge_secrète_WiFi_HD_54793473.htm,No,Not tagged
www.avito.ma/fr/abattoirs/téléphones/IPhone_11_Pro_64go__54723946.htm,No,Not tagged
www.avito.ma/fr/achakar/vêtements/Pantalon_120_dh_54773546.htm,No,Not tagged
www.avito.ma/fr/agadir/hay_dakhla/vehicules--à_vendre,No,Not tagged
www.avito.ma/fr/agadir/stage_bureau--à_vendre,No,Not tagged
www.avito.ma/fr/agadir/سدادر_الخشب--à_vendre,No,Not tagged
www.avito.ma/fr/agadir_oufella/voitures_d'occasion/stipwayi_modil_2018_Fink_kilométrage__52938387.htm,No,Not tagged
www.avito.ma/fr/ahlane/téléphones/I_phone_xs_new_54771048.htm,No,Not tagged
www.avito.ma/fr/ain_aouda/moto_benelli_vlx--à_vendre,No,Not tagged
www.avito.ma/fr/ain_bida/meubles_et_décoration-à_vendre,No,Not tagged
www.avito.ma/fr/ain_bida/remorques_et_caravans-à_vendre,No,Not tagged
www.avito.ma/fr/ain_sebaa/art_et_collections/tableau_peinture__54749076.htm,No,Not tagged
www.avito.ma/fr/ain_taoujdate/line_6--à_vendre,No,Not tagged
www.avito.ma/fr/ait_belkacem/de_ensoleillé--demandes,No,Not tagged
www.avito.ma/fr/ait_sidi_daoud/appart_haut_meublé--à_vendre,No,Not tagged
www.avito.ma/fr/almaz/ordinateurs_de_bureau/Pc_gamer__54711708.htm,No,Not tagged
www.avito.ma/fr/anfa/matériel_de_bureau/RAYONNAGE_MURAL_54682000.htm,No,Not tagged
www.avito.ma/fr/anfeg/racine/meubles_et_décoration-à_vendre,No,Not tagged
www.avito.ma/fr/aourir/chausure--à_vendre,No,Not tagged
www.avito.ma/fr/assam/ordinateurs_de_bureau/promethean_ActivConnect_MINI_PCPRM_ACON1_01__54733039.htm,No,Not tagged
www.avito.ma/fr/autre_secteur/accessoires_informatique_et_gadgets/Samsung_RAM_DDR4_16_GB_2133P_ECC_54835445.htm,No,Not tagged
www.avito.ma/fr/autre_secteur/autre_matériel_professionel/Rayonnage_lourd___tajirat_neuf__54873374.htm,No,Not tagged
www.avito.ma/fr/autre_secteur/autre_matériel_professionel/Table_de_réunion_carrée_en_promo_Réf_6PA_54397213.htm,No,Not tagged
www.avito.ma/fr/autre_secteur/décoration/Paravent_Loin_de_la_ville_54762670.htm,No,Not tagged
www.avito.ma/fr/autre_secteur/matériels_professionnels/Casier_Vestiaire_3_Porte_Ll188_Rabat_54631560.htm,No,Not tagged
www.avito.ma/fr/autre_secteur/matériels_professionnels/mobilier_de_bureau__bureau_en_bois__54421182.htm,No,Not tagged
www.avito.ma/fr/azilal/meubles_et_décoration/tableau_sur_toile_Yahya_Art_38_54684704.htm,No,Not tagged
www.avito.ma/fr/azrou/ble--à_vendre,No,Not tagged
www.avito.ma/fr/aïn_borja/matériels_professionnels/tabouret_scolaire___54632720.htm,No,Not tagged
www.avito.ma/fr/aïn_chock/appartements/Appart__1èr_étage_92_m2__Mandarona_près_Bd_Al_qods_54793724.htm,No,Not tagged
www.avito.ma/fr/aïn_chock/audio_et_hi_fi/Microphone_Superlux_USB_Condenser_Neuf_53327756.htm,No,Not tagged
www.avito.ma/fr/aïn_chock/voitures_d'occasion/Dacia_logne__54884842.htm,No,Not tagged
www.avito.ma/fr/aïn_chock/voitures_d'occasion/Renault_Clio_Diesel_Manuelle_2018_à_Casablanca_54690325.htm,No,Not tagged
www.avito.ma/fr/beauséjour/ordinateurs_de_bureau/Riser_Carte_mere_HP_Z6_G4_2eme_CPU_54751065.htm,No,Not tagged
www.avito.ma/fr/belvédère/matériels_professionnels/press_TEXTIL_40_60_en_promo__54287641.htm,No,Not tagged
www.avito.ma/fr/ben_debbab/téléphones/Iphone_x_baypass_54137614.htm,No,Not tagged
www.avito.ma/fr/berkane/clio_2000--à_vendre,No,Not tagged
www.avito.ma/fr/biyada/matériels_professionnels/rayonnage__berajlin__54507841.htm,No,Not tagged
www.avito.ma/fr/bizdad/meubles_et_décoration-à_vendre,No,Not tagged
www.avito.ma/fr/boujdour/commerces_et--à_vendre,No,Not tagged
www.avito.ma/fr/boustane/matériels_professionnels/ميزان_ديال_بنايا_جديد__54819550.htm,No,Not tagged
www.avito.ma/fr/boutique/maroc_matériel,No,Not tagged
www.avito.ma/fr/bouznika/maison_à_saidia--à_vendre,No,Not tagged
www.avito.ma/fr/casablanca/art_et_collections/tableaux_de_peinture--à_vendre,No,Not tagged
www.avito.ma/fr/casablanca/belvedere/tablette_pc--à_vendre,No,Not tagged
www.avito.ma/fr/casablanca/chaussures/UGG_high_authentique_Femme_52088078.htm,No,Not tagged
www.avito.ma/fr/casablanca/god_of_war--à_vendre,No,Not tagged
www.avito.ma/fr/casablanca/ima,No,Not tagged
www.avito.ma/fr/casablanca/immobilier/partma_lbi3,No,Not tagged
www.avito.ma/fr/casablanca/meubles_et_décoration/des_beaux--à_vendre,No,Not tagged
www.avito.ma/fr/casablanca/sidi_bernoussi/produits_de_beaute/pour_la_maison--à_vendre,No,Not tagged
www.avito.ma/fr/casablanca/sidi_othmane/vu_plus_zero--à_vendre,No,Not tagged
www.avito.ma/fr/casablanca/terrains_et_fermes/vue--à_vendre,No,Not tagged
www.avito.ma/fr/casablanca/visser--à_vendre,No,Not tagged
www.avito.ma/fr/casablanca/voitures_d'occasion/santa_fée_novembre_2015_52876606.htm,No,Not tagged
www.avito.ma/fr/centre/appartements/Appartement_avenue_Mohammed_5_55127142.htm,No,Not tagged
www.avito.ma/fr/centre_ville/accessoires_informatique_et_gadgets/1_capteur_freestyle_libre_55102070.htm,No,Not tagged
www.avito.ma/fr/centre_ville/animaux/malinois_charbon_noir__53674361.htm,No,Not tagged
www.avito.ma/fr/centre_ville/autre_matériel_professionel/Fraiseuse_Universelle_HURON_54509944.htm,No,Not tagged
www.avito.ma/fr/centre_ville/electroménager_et_vaisselles/presse_fruits_professionnel_عصارة_الليمون_54818730.htm,No,Not tagged
www.avito.ma/fr/centre_ville/jeux_vidéo_et_consoles/compte_pes_54489907.htm,No,Not tagged
www.avito.ma/fr/centre_ville/téléphones/iphone_13_pro_max_128_54889531.htm,No,Not tagged
www.avito.ma/fr/centre_ville/voitures_d'occasion/Dacia_Logan_Essence_Manuelle_2017_à_Agadir_54971801.htm,No,Not tagged
www.avito.ma/fr/derb_omar/meubles_et_décoration/paravent_5_volets_pont_du_bosphore_ii_casablanca_54704854.htm,No,Not tagged
www.avito.ma/fr/el_borouj/animaux_domestique/نعجة_صردية_مليحة__54676556.htm,No,Not tagged
www.avito.ma/fr/el_jadida/autre_secteur/cuisinières__serveur__barman,No,Not tagged
www.avito.ma/fr/el_jadida/avec_cafe--à_vendre,No,Not tagged
www.avito.ma/fr/errachidia/audio_et_hi_fi/airpods_pro_2end_53804520.htm,No,Not tagged
www.avito.ma/fr/errachidia/meubles_et_décoration/de--à_vendre,No,Not tagged
www.avito.ma/fr/girari/voitures_d'occasion/Opel_corsa_54727471.htm,No,Not tagged
www.avito.ma/fr/guelmim/vélos/Vélos_à_Guelmim_53102797.htm,No,Not tagged
www.avito.ma/fr/guéliz/sacs_et_accessoires/Versace_Lunettes_de_soleil_Medusa___Authentique___54691177.htm,No,Not tagged
www.avito.ma/fr/had_soualem/local_à_louer/مكازة_للكراء_حد_السوالم_شارع_لالة_أسماء_54571449.htm,No,Not tagged
www.avito.ma/fr/had_soualem/meubles_et_décoration/Salon_de_cuir_italien_haut_de_gamme_54578206.htm,No,Not tagged
www.avito.ma/fr/hay_hassani/matériels_professionnels/machine_a_cafe_au_choix__54729580.htm,No,Not tagged
www.avito.ma/fr/hay_nahda/pièces_et_accessoires_pour_véhicules/Fuel_pump_pressure_bosch_audi_53475777.htm,No,Not tagged
www.avito.ma/fr/hay_palestine/demandes_d'emploi/Haute_efficacité_marocaine_54295248.htm,No,Not tagged
www.avito.ma/fr/hay_saada/décoration/séparation_magic_monochrome_à_fès_54941185.htm,No,Not tagged
www.avito.ma/fr/hay_salam/téléphones/Iphone_11_64Gb_54019982.htm,No,Not tagged
www.avito.ma/fr/imarat/meubles_et_décoration/Tableau_JM_23_54314319.htm,No,Not tagged
www.avito.ma/fr/inzegan/magasins_et_commerces/30000_dh--à_vendre,No,Not tagged
www.avito.ma/fr/jrada/colocations/meknes,No,Not tagged
www.avito.ma/fr/khemisset_chaouia/khabazat/electorménager_et_vaisselle-à_vendre,No,Not tagged
www.avito.ma/fr/khouribga/مرجان/habillement_et_bien_etre-à_vendre,No,Not tagged
www.avito.ma/fr/laayoune/à_allal--à_vendre,No,Not tagged
www.avito.ma/fr/larache/animaux/sac_et--à_vendre,No,Not tagged
www.avito.ma/fr/larache/terrains_et_fermes/à_lotissement--à_vendre,No,Not tagged
www.avito.ma/fr/larache/voiture_pas--à_vendre,No,Not tagged
www.avito.ma/fr/marjane_2/matériels_professionnels/Le_Disque_De_Lamme_JjK82_54042551.htm,No,Not tagged
www.avito.ma/fr/maroc/115_m2_rabat--à_vendre,No,Not tagged
www.avito.ma/fr/maroc/15_duo--à_vendre,No,Not tagged
www.avito.ma/fr/maroc/555--à_vendre,No,Not tagged
www.avito.ma/fr/maroc/a3_presse--à_vendre,No,Not tagged
www.avito.ma/fr/maroc/accessoires_informatique_et_gadgets/eli--à_vendre,No,Not tagged
www.avito.ma/fr/maroc/accessoires_informatique_et_gadgets/technicolor_td5130--à_vendre,No,Not tagged
www.avito.ma/fr/maroc/afficheur_huawei_ascend--à_vendre,No,Not tagged
www.avito.ma/fr/maroc/appareils_photo_cameras/installation_informatique--à_vendre,No,Not tagged
www.avito.ma/fr/maroc/appartements/cave_de,No,Not tagged
www.avito.ma/fr/maroc/appartements/luxe_pour_femmes,No,Not tagged
www.avito.ma/fr/maroc/appartements/un_apprt,No,Not tagged
www.avito.ma/fr/maroc/bureaux_et_plateaux/standing_ascenseur--à_vendre,No,Not tagged
www.avito.ma/fr/maroc/canon_rabat--à_vendre,No,Not tagged
www.avito.ma/fr/maroc/coté_macdonald--à_vendre,No,Not tagged
www.avito.ma/fr/maroc/equipements_pour_enfant/equipe--à_vendre,No,Not tagged
www.avito.ma/fr/maroc/formation_design--à_vendre,No,Not tagged
www.avito.ma/fr/maroc/g3_2_puce--à_vendre,No,Not tagged
www.avito.ma/fr/maroc/hay_clinique--à_vendre,No,Not tagged
www.avito.ma/fr/maroc/image_et_son/1000_m--à_vendre,No,Not tagged
www.avito.ma/fr/maroc/infinix_pro_4g--à_vendre,No,Not tagged
www.avito.ma/fr/maroc/instruments_de_musique/table_2--à_vendre,No,Not tagged
www.avito.ma/fr/maroc/kia_bleu--à_vendre,No,Not tagged
www.avito.ma/fr/maroc/matériels_professionnels/decoupe_plasma--à_vendre,No,Not tagged
www.avito.ma/fr/maroc/meubles_et_décoration/inezgane--à_vendre,No,Not tagged
www.avito.ma/fr/maroc/meubles_et_décoration/polissage_marbre--à_vendre,No,Not tagged
www.avito.ma/fr/maroc/montres_caméra--à_vendre,No,Not tagged
www.avito.ma/fr/maroc/motif_en_bois--à_vendre,No,Not tagged
www.avito.ma/fr/maroc/motos/moteur_cylindre--à_vendre,No,Not tagged
www.avito.ma/fr/maroc/pièces_et_accessoires_véhicules/accoudoir_dacia--à_vendre,No,Not tagged
www.avito.ma/fr/maroc/pièces_et_accessoires_véhicules/monasib--à_vendre,No,Not tagged
www.avito.ma/fr/maroc/pièces_et_accessoires_véhicules/tâches--à_vendre,No,Not tagged
www.avito.ma/fr/maroc/programmeur_de_de--à_vendre,No,Not tagged
www.avito.ma/fr/maroc/renault_symbol_essence_7cv--à_vendre,No,Not tagged
www.avito.ma/fr/maroc/sacs_et_accessoires/ثمن--à_vendre,No,Not tagged
www.avito.ma/fr/maroc/sacs_et_accessoires/ثمن_مناسب--à_vendre,No,Not tagged
www.avito.ma/fr/maroc/sec_pc--à_vendre,No,Not tagged
www.avito.ma/fr/maroc/sports_et_loisirs/bghiti--à_vendre,No,Not tagged
www.avito.ma/fr/maroc/t1_plus--à_vendre,No,Not tagged
www.avito.ma/fr/maroc/tablettes/32_memoire--à_vendre,No,Not tagged
www.avito.ma/fr/maroc/terrains_et_fermes/45000_m2--à_vendre,No,Not tagged
www.avito.ma/fr/maroc/tops--à_vendre,No,Not tagged
www.avito.ma/fr/maroc/télévisions/samsung_n--à_vendre,No,Not tagged
www.avito.ma/fr/maroc/vetements/kayen--à_vendre,No,Not tagged
www.avito.ma/fr/maroc/véhicules/golf_cc--à_vendre,No,Not tagged
www.avito.ma/fr/maroc/véhicules/yamaha_r6_2005--à_vendre,No,Not tagged
www.avito.ma/fr/maroc/الشريفة--à_vendre,No,Not tagged
www.avito.ma/fr/maroc/جويجا--à_vendre,No,Not tagged
www.avito.ma/fr/marrakech/2012_2016--à_vendre,No,Not tagged
www.avito.ma/fr/marrakech/akioud/appartements/2_chambres_salon,No,Not tagged
www.avito.ma/fr/marrakech/appartements/appartement_meublé_saada,No,Not tagged
www.avito.ma/fr/marrakech/hay_charaf/chaussures/ملابس--à_vendre,No,Not tagged
www.avito.ma/fr/marrakech/meubles_et_décoration/machine_de_de--à_vendre,No,Not tagged
www.avito.ma/fr/marrakech/montres_et_bijoux/s3--à_vendre,No,Not tagged
www.avito.ma/fr/massira/voitures_d'occasion/Nissan_Qashqai_Diesel_Manuelle_2015_à_Marrakech_51594586.htm,No,Not tagged
www.avito.ma/fr/mesnana/meubles_et_décoration/Table_à_vendre_54868010.htm,No,Not tagged
www.avito.ma/fr/médina_de_rabat/accessoires_informatique_et_gadgets/ipad_pencil_1st_generation__54377227.htm,No,Not tagged
www.avito.ma/fr/nador/garage--demandes,No,Not tagged
www.avito.ma/fr/nador/stocks_et_vente_en_gros/125--à_vendre,No,Not tagged
www.avito.ma/fr/nassim/appartements/Appart_à_Mohammedia_Nassim_Riad_Lhouda_54689436.htm,No,Not tagged
www.avito.ma/fr/ouaouizeght/terrains_et_fermes/bien_situè_à--à_vendre,No,Not tagged
www.avito.ma/fr/oujda/matériels_professionnels/un_travail--à_vendre,No,Not tagged
www.avito.ma/fr/oulfa/autre_matériel_professionel/SPOTS_ET_RAIL_MAGNETIQUE__54323581.htm,No,Not tagged
www.avito.ma/fr/rabat/hay_el_fath/emploi_et--à_vendre,No,Not tagged
www.avito.ma/fr/rabat/hay_nahda/terrains_à_vendre--à_vendre,No,Not tagged
www.avito.ma/fr/rabat/stocks_et_vente_en_gros/pour_plus_de--à_vendre,No,Not tagged
www.avito.ma/fr/rabat/tablettes/noir_de--à_vendre,No,Not tagged
www.avito.ma/fr/rabat/à_hay_maarif--à_vendre,No,Not tagged
www.avito.ma/fr/route_ain_chkaf/petit_electroménager/friteuse_lbi3__54065856.htm,No,Not tagged
www.avito.ma/fr/route_de_meknes/animaux/___malinois__54784061.htm,No,Not tagged
www.avito.ma/fr/sakani/téléphones/هاتف_للبيع_في_حالة_جيدة_مع_غطاء_54785548.htm,No,Not tagged
www.avito.ma/fr/sale/hay_karima/bien_etre_et_sport-à_vendre,No,Not tagged
www.avito.ma/fr/salé/equipements_pour_enfant_et_bébé/كونة_للأطفال__53460618.htm,No,Not tagged
www.avito.ma/fr/settat/colocations/dari,No,Not tagged
www.avito.ma/fr/settat/hay_salam/vehicules--à_vendre,No,Not tagged
www.avito.ma/fr/sidi_bernoussi/appartements/دار_بدون_فراش_54848576.htm,No,Not tagged
www.avito.ma/fr/sidi_bernoussi/ordinateurs_portables/HP_Elitebook_G4__53333580.htm,No,Not tagged
www.avito.ma/fr/sidi_maarouf/jeux_vidéo_et_consoles/_one_piece_sur_ps5_52709430.htm,No,Not tagged
www.avito.ma/fr/sidi_maarouf/promenade/Poussette_3_Pcs_de_Lux_MON_BEBE__55129650.htm,No,Not tagged
www.avito.ma/fr/sidi_slimane/samsung_note_4--à_vendre,No,Not tagged
www.avito.ma/fr/tamesna/stocks_et_vente_en_gros/dalakit--à_vendre,No,Not tagged
www.avito.ma/fr/tan_tan/téléphones/XIAOMI_REDMI_9A_54494330.htm,No,Not tagged
www.avito.ma/fr/tanger/chèvres--à_vendre,No,Not tagged
www.avito.ma/fr/tanger/hitachi_150--à_vendre,No,Not tagged
www.avito.ma/fr/tanger/louis_pour--à_vendre,No,Not tagged
www.avito.ma/fr/tanger/motos/motor_50--à_vendre,No,Not tagged
www.avito.ma/fr/tanger/moulin_café_électrique--à_vendre,No,Not tagged
www.avito.ma/fr/tanger/riad_à_palmeraie--à_vendre,No,Not tagged
www.avito.ma/fr/tanger/steelseries_qck_heavy--à_vendre,No,Not tagged
www.avito.ma/fr/tanger/toure--à_vendre,No,Not tagged
www.avito.ma/fr/tanger/voitures_a_reprise--à_vendre,No,Not tagged
www.avito.ma/fr/tanger/zkteco_k14--à_vendre,No,Not tagged
www.avito.ma/fr/taqaddoum/magasins__commerces_et_locaux_industriels/محل_تجاري_للبيع_ساروت_53009327.htm,No,Not tagged
www.avito.ma/fr/taza/golf_6_gti,No,Not tagged
www.avito.ma/fr/taza/pièces_et_accessoires_pour_véhicules/Prise_alume_cigare__55045567.htm,No,Not tagged
www.avito.ma/fr/temara/khalota/instruments_de_musique-à_vendre,No,Not tagged
www.avito.ma/fr/tiznit/meubles_et_décoration/lit_d_une_personne_en_bois_massif__53323831.htm,No,Not tagged
www.avito.ma/fr/zawiyat_sidi_wassel/autre_matériel_professionel/des_cnc_plasma_consomables_54936836.htm,No,Not tagged
www.avito.ma/fr/ziatene/colocations/appartement²_54787247.htm,No,Not tagged
www.avito.ma/fr/فاس/بيت_النعاس_للبيع--للبيع,No,Not tagged
www.avito.ma/sp/misc/voiture-opel,No,Not tagged
www.avito.ma/ar/2_مارس/معدات_مهنية/Explorez_notre_collection_de_tabourets_54202055.htm,No,Not tagged
www.avito.ma/ar/azrou/golf=c,No,Not tagged
www.avito.ma/ar/casablanca/عين_دياب/أحذية,No,Not tagged
www.avito.ma/ar/أساكا/سيارات_مستعملة/dacia_54892512.htm,No,Not tagged
www.avito.ma/ar/أكادير_أوفلا/معدات_أخرى/souding_machine_KL2_54355701.htm,No,Not tagged
www.avito.ma/ar/أكدال/سيارات_مستعملة/Seat_Leon_Diesel_Manuelle_tout_option_54702371.htm,No,Not tagged
www.avito.ma/ar/أنفا/سيارات_مستعملة/Land_Rover_Velar_Diesel_Automatique_Décembre_2017_54683277.htm,No,Not tagged
www.avito.ma/ar/اسفي/حيوانات_أليفة/sport--للبيع,No,Not tagged
www.avito.ma/ar/اسفي/معدات_مهنية/de_puis--للبيع,No,Not tagged
www.avito.ma/ar/اكدز/bmw_x6--للبيع,No,Not tagged
www.avito.ma/ar/الجبل_الكبير/حقائب_وأكسسوارات/lunettes_à_vendre__54178324.htm,No,Not tagged
www.avito.ma/ar/الجديدة/peugeot_308_mod--للبيع,No,Not tagged
www.avito.ma/ar/الحسيمة/أفلام_وكتب_ومجلات/...et...--للبيع,No,Not tagged
www.avito.ma/ar/الخميسات/de_mois--ﺕﺮﻳﺩ_ﺵﺭﺍﺀ,No,Not tagged
www.avito.ma/ar/الخيايطا/maintenance_informatique--للبيع,No,Not tagged
www.avito.ma/ar/الدار_البيضاء/opel_kadett--للبيع,No,Not tagged
www.avito.ma/ar/الدار_البيضاء/rôtisserie--للبيع,No,Not tagged
www.avito.ma/ar/الدار_البيضاء/sony_35--للبيع,No,Not tagged
www.avito.ma/ar/الدار_البيضاء/tlaja_a--للبيع,No,Not tagged
www.avito.ma/ar/الدار_البيضاء/بارك/حيوانات_أليفة/...et...--للبيع,No,Not tagged
www.avito.ma/ar/الدار_البيضاء/دراجات_نارية/tmax_500--للبيع,No,Not tagged
www.avito.ma/ar/الرباط/اكسسواراتـالكمبيوترـوـالأجهزة/kite--للبيع,No,Not tagged
www.avito.ma/ar/الرباط/حي_الرياض/منتجاتـالتجميل/et_bien_être--للبيع,No,Not tagged
www.avito.ma/ar/الرباط/ملبس/pour_enfant_et--للبيع,No,Not tagged
www.avito.ma/ar/الرماني/bmw_530i--للبيع,No,Not tagged
www.avito.ma/ar/السعيدية/شقق/شقة_للبيع_في_سعيدية_مجهزة__54574134.htm,No,Not tagged
www.avito.ma/ar/الصخور_السوداء/الأثاث_والديكور/Armoire_maison_et_bureau_53165511.htm,No,Not tagged
www.avito.ma/ar/العزيب/معدات_أخرى/______CNC_plastifieuse___54433263.htm,No,Not tagged
www.avito.ma/ar/المحاميد/الديكور/طاولة_نحاس_للبيع__55134884.htm,No,Not tagged
www.avito.ma/ar/المحمدية/عقار/appartement_rahn,No,Not tagged
www.avito.ma/ar/المسيرة_1/دراجات/vélo_neuvau__54550501.htm,No,Not tagged
www.avito.ma/ar/المغرب/4k_i7_16g--للبيع,No,Not tagged
www.avito.ma/ar/المغرب/a_café_gaggia--للبيع,No,Not tagged
www.avito.ma/ar/المغرب/chams_madina--للبيع,No,Not tagged
www.avito.ma/ar/المغرب/chirurgien_dentiste--للبيع,No,Not tagged
www.avito.ma/ar/المغرب/galaxy_g7--للبيع,No,Not tagged
www.avito.ma/ar/المغرب/pes_2016--للبيع,No,Not tagged
www.avito.ma/ar/المغرب/pneu_165--للبيع,No,Not tagged
www.avito.ma/ar/المغرب/toyota_prado_bonne--للبيع,No,Not tagged
www.avito.ma/ar/المغرب/اكسسواراتـالكمبيوترـوـالأجهزة/casque_bluetooth_neuf--للبيع,No,Not tagged
www.avito.ma/ar/المغرب/الأثاثـوـالديكور/salon_manger--للبيع,No,Not tagged
www.avito.ma/ar/المغرب/برطما_شقة/b_3__,No,Not tagged
www.avito.ma/ar/المغرب/دراجات_نارية/au_a--للبيع,No,Not tagged
www.avito.ma/ar/المغرب/ساعاتـوـمجوهرات/h¦--للبيع,No,Not tagged
www.avito.ma/ar/المغرب/شاحنات/jadid--للبيع,No,Not tagged
www.avito.ma/ar/المغرب/كمبيوترـمحمول/خدمة--للبيع,No,Not tagged
www.avito.ma/ar/المغرب/معدات_مهنية/pour_lavage--للبيع,No,Not tagged
www.avito.ma/ar/المغرب/ملبس/les_maison--للبيع,No,Not tagged
www.avito.ma/ar/المغرب/وسائل_النقل/kia_optima_essence--للبيع,No,Not tagged
www.avito.ma/ar/النسيم/شقق/Studio_meublé_à_louer_à_Nassim__50518626.htm,No,Not tagged
www.avito.ma/ar/النيف/أجهزةـالإلكترومناجيـوـالأواني-للبيع,No,Not tagged
www.avito.ma/ar/الوطية/سيارات/modele_2017--للبيع,No,Not tagged
www.avito.ma/ar/الولفة/آلات_تصوير_و_كاميرات/Gear_VR_Samsung__54789907.htm,No,Not tagged
www.avito.ma/ar/الولفة/سيارات_مستعملة/Honda_Accord_Essence_Automatique_2006_à_Casablanca_54428949.htm,No,Not tagged
www.avito.ma/ar/اولاد_دليم/sony_xperia_xz3--للبيع,No,Not tagged
www.avito.ma/ar/بلفدير/هوايات_ورياضة/gants_de_boxe_outshock_53640871.htm,No,Not tagged
www.avito.ma/ar/بني_درار/السيارات_الجديدة--للبيع,No,Not tagged
www.avito.ma/ar/تازة/بقع_و_مزارع/Terrains_à_vendre_à_Taza_53416090.htm,No,Not tagged
www.avito.ma/ar/تازة/سفرـوـتذاكر/je_mets_vente--للبيع,No,Not tagged
www.avito.ma/ar/تاوريرت/بقعـوـمزارع/ferme_et_terrain--للبيع,No,Not tagged
www.avito.ma/ar/تاونات/كمبيوتر_محمول/laptop_Acer_gaming_i7_7ème__54139275.htm,No,Not tagged
www.avito.ma/ar/تتيلة/بقع_و_مزارع/أرض_تجارية_ب_حي_تيليلا__54758283.htm,No,Not tagged
www.avito.ma/ar/تزنيت/هواتف/téléphone_53637889.htm,No,Not tagged
www.avito.ma/ar/تطوان/درسة/ملبس/pour--للبيع,No,Not tagged
www.avito.ma/ar/تنانت/الأثاثـوـالديكور-للبيع,No,Not tagged
www.avito.ma/ar/حد_السوالم/مخزوناتـوـبيعـبالجملة/mais--للبيع,No,Not tagged
www.avito.ma/ar/حي_آخر/درجات_نارية/درجات_نارية_في_القنيطرة_53251752.htm,No,Not tagged
www.avito.ma/ar/حي_آخر/دكاكين،_محلات_تجارية_ومباني_صناعية/مخبزة_مجهزة_للبيع_54884856.htm,No,Not tagged
www.avito.ma/ar/حي_آخر/معدات_المكتب/chaise_iso_en_tissu_ou_simili_cuir_sans_coque__à__54703512.htm,No,Not tagged
www.avito.ma/ar/حي_آخر/هواتف/Iphone_15_pro_max_54302688.htm,No,Not tagged
www.avito.ma/ar/حي_الأمل/أحذية/sandale_femme_pointure_37__55035123.htm,No,Not tagged
www.avito.ma/ar/حي_الرياض/ألعاب_الفيديو_وأجهزة_تشغيل_أو_كونصولات/Gran_Turismo_53619976.htm,No,Not tagged
www.avito.ma/ar/حي_الرياض/سفر_و_تذاكر/Une_carte_gold_mawazine_à_vendre__55130117.htm,No,Not tagged
www.avito.ma/ar/خريبكة/vitrine_snack--للبيع,No,Not tagged
www.avito.ma/ar/درب_غلف/ألعاب_الفيديو_وأجهزة_تشغيل_أو_كونصولات/Playstation_VR_2_Ps5_53729398.htm,No,Not tagged
www.avito.ma/ar/دزوز/حيوانات_أليفة/lah--للبيع,No,Not tagged
www.avito.ma/ar/سباتة/اكسسوارات_الكمبيوتر_والأجهزة/HP_laserjet_136A_Réf_W1360A__53721488.htm,No,Not tagged
www.avito.ma/ar/سطات/دكاكين،_محلات_تجارية_ومباني_صناعية/محل_تجاري_للبيع__53444970.htm,No,Not tagged
www.avito.ma/ar/سعادة/kompli--للبيع,No,Not tagged
www.avito.ma/ar/سلا_الجديدة/أحذية/Adidas_samba_54515565.htm,No,Not tagged
www.avito.ma/ar/سيدي_برنوصي/الأثاث_والديكور/table_à_manger_54334050.htm,No,Not tagged
www.avito.ma/ar/سيدي_بوزيد/ﻒﻧ_ﻮﺘﺤﻓ/pour--للبيع,No,Not tagged
www.avito.ma/ar/سيدي_عبد_الله/قطع_الغيار_لوسائل_النقل/jacket_moto_53436681.htm,No,Not tagged
www.avito.ma/ar/سيدي_معروف/سيارات_مستعملة/Chevrolet_aveo__54802284.htm,No,Not tagged
www.avito.ma/ar/سيدي_معروف/مكاتب_للكراء/bureau_au_centre_ville_de_82_m²_pour_location__54884076.htm,No,Not tagged
www.avito.ma/ar/صفرو/بقع_و_مزارع/بقعة_محفظة_53242057.htm,No,Not tagged
www.avito.ma/ar/صفرو/راحة_المنزل/chauffage__52876933.htm,No,Not tagged
www.avito.ma/ar/طريق_فاس/أحذية/Jordan_4__54647584.htm,No,Not tagged
www.avito.ma/ar/طنجة/14_سنة--للبيع,No,Not tagged
www.avito.ma/ar/طنجة/حومة_الدراوة/أجهزةـالإلكترومناجيـوـالأواني-للبيع,No,Not tagged
www.avito.ma/ar/طنجة/سعر--للبيع,No,Not tagged
www.avito.ma/ar/طنجة/معدات_مهنية/vente_four--للبيع,No,Not tagged
www.avito.ma/ar/عوينات_الحجاج/معدات_أخرى/rayonnage_para_pharmacie_54934842.htm,No,Not tagged
www.avito.ma/ar/عين_الشق/كمبيوتر_منزلي/Dell_optiplex_i5_4th_tour_54289686.htm,No,Not tagged
www.avito.ma/ar/عين_دياب/هوايات_ورياضة/Everlast_12_oz__blanches_54414983.htm,No,Not tagged
www.avito.ma/ar/فيكيك/appartement_résidence_jawharat--للبيع,No,Not tagged
www.avito.ma/ar/كالفورنيا/سيارات_مستعملة/Nissan_Juke_Essence_Automatique_2022_à_Casablanca_54743302.htm,No,Not tagged
www.avito.ma/ar/مراكش/squad--للبيع,No,Not tagged
www.avito.ma/ar/مراكش/ازلي/حقائبـوـأكسسوارات/l--للبيع,No,Not tagged
www.avito.ma/ar/مراكش/المسيرة/ﻒﻧ_ﻮﺘﺤﻓ/à--للبيع,No,Not tagged
www.avito.ma/ar/مراكش/بحيرة_تاكركوست/دراجات_نارية-للبيع,No,Not tagged
www.avito.ma/ar/مراكش/سيدي_غانم/موسيقى_وآلات-للبيع,No,Not tagged
www.avito.ma/ar/ميدلت/دكاكين_محلات_تجارية/appele--للبيع,No,Not tagged
www.avito.ma/ar/وجدة/maison_de_400--للبيع,No,Not tagged
www.avito.ma/ar/ورزازات/هوايات_ورياضة/sport_53351573.htm,No,Not tagged
www.avito.ma/ar/وسط_المدينة/الأجهزة_المنزلية_الصغيرة/Ferran_dyal_dow_kbiir_53606311.htm,No,Not tagged
www.avito.ma/ar/وسط_المدينة/مخزونات_وبيع_بالجملة/parfums_authentiques_54821605.htm,No,Not tagged
www.avito.ma/ar/وسط_المدينة/هواتف_و_هواتف_ذكية/Li_bgha_xi_haja_f_sl3a_merha_jomla_53429872.htm,No,Not tagged
www.avito.ma/auto/neuf/mini/paceman/,No,Not tagged
www.avito.ma/fr/2_mars/matériels_professionnels/sortie_caisse____54836801.htm,No,Not tagged
www.avito.ma/fr/2_mars/photo_video/AFLAFAL_65_Lunette_Caméra_Espion_HD_720P_54818282.htm,No,Not tagged
www.avito.ma/fr/aarab_sebbah_ziz/voitures_d'occasion/سيارة_دوكير_للبيع__54672815.htm,No,Not tagged
www.avito.ma/fr/agadir/animaux/de_2ans--à_vendre,No,Not tagged
www.avito.ma/fr/agadir/botte_de--à_vendre,No,Not tagged
www.avito.ma/fr/agdal/ordinateurs_portables/Corsair_4000D_RGB_Airflow__Noir__54746723.htm,No,Not tagged
www.avito.ma/fr/ahfir/arkhas--à_vendre,No,Not tagged
www.avito.ma/fr/ain_el_hayani/gaming/ps4_slim_online_baki_jdid_500_GB_manete_original_54551405.htm,No,Not tagged
www.avito.ma/fr/ain_sebaa/appartements/apparemment_54860435.htm,No,Not tagged
www.avito.ma/fr/al_ghoufrane/matériel_de_bureau/Chaise_iso_avec_et_sans_couque_en_prix_revendeur___55068164.htm,No,Not tagged
www.avito.ma/fr/al_hociema/terrains_et_fermes/de_école--à_vendre,No,Not tagged
www.avito.ma/fr/al_kasaba/meubles_et_décoration/Tableau_Tourbillon_De_Roses_Tanger_Jsvip_54726179.htm,No,Not tagged
www.avito.ma/fr/al_maghrib_al_arabi/appartements/APPART_85_M2_POUR_CELEBATIRES_COTE_CHATEAU__53297198.htm,No,Not tagged
www.avito.ma/fr/al_qods/ordinateurs_de_bureau/HP_Pro_290_G9_MT_12th_AVEC_ECRAN_HP_P22V_G5_53188456.htm,No,Not tagged
www.avito.ma/fr/al_qods/services/SERVEUR_IPTV_PREMIUM_4K_STABLE__54255259.htm,No,Not tagged
www.avito.ma/fr/ancienne_médina/arts_et_collections/عملة_دهبية_القديمة_53499988.htm,No,Not tagged
www.avito.ma/fr/ancienne_médina/autres_services/ABONNEMENT_IPTV_PENDANT_12_MOIS_54279292.htm,No,Not tagged
www.avito.ma/fr/anfa/ordinateurs_de_bureau/PC_gamer_i9_14th_Gen_GTX_4070_12_Go_54955533.htm,No,Not tagged
www.avito.ma/fr/anza/meubles_et_décoration/2_Tekayat_dyal_bhar_oula_lmassjid_54886539.htm,No,Not tagged
www.avito.ma/fr/aourir/gazela--à_vendre,No,Not tagged
www.avito.ma/fr/assahrij/meubles_et_décoration-à_vendre,No,Not tagged
www.avito.ma/fr/autre_secteur/accessoires_informatique_et_gadgets/AMD_Radeon_HD_7470__1_Go_GDDR5_54990928.htm,No,Not tagged
www.avito.ma/fr/autre_secteur/autre_matériel_professionel/Tajirat_supermarche___rayonnage_super_march_54885364.htm,No,Not tagged
www.avito.ma/fr/autre_secteur/matériel_de_bureau/مقاعد_لغرفة_الاستقبال_54597992.htm,No,Not tagged
www.avito.ma/fr/autre_secteur/ordinateurs_portables/ordinateur_Dell_core_i5_INTEL_HD_graphique_GAMMER_53279896.htm,No,Not tagged
www.avito.ma/fr/autre_secteur/voitures_d'occasion/Skoda_Octavia_Diesel_Automatique_2018_à_Kénitra_54889543.htm,No,Not tagged
www.avito.ma/fr/azilal/port/sports_et_loisirs-à_vendre,No,Not tagged
www.avito.ma/fr/azli/téléphones/C2_jdida_32GB_54772457.htm,No,Not tagged
www.avito.ma/fr/aïn_chock/image_&_son/Bose_solo15__54030519.htm,No,Not tagged
www.avito.ma/fr/aïn_chock/matériels_professionnels/les_rayonnages_de_super_marché__OU_54382642.htm,No,Not tagged
www.avito.ma/fr/beauséjour/image_&_son/raze_kraken_v2_pro_53686389.htm,No,Not tagged
www.avito.ma/fr/belvédère/meubles_et_décoration/Cuisine_dressing_habillage_murale__54397830.htm,No,Not tagged
www.avito.ma/fr/berkane/motos/raptor_350_yamaha--à_vendre,No,Not tagged
www.avito.ma/fr/berkane/terrains_et_fermes/assure--à_vendre,No,Not tagged
www.avito.ma/fr/berkane/téléphones/iphone_13__128G_54700203.htm,No,Not tagged
www.avito.ma/fr/berrechid/stocks_et_vente_en_gros/chaise_mobile--à_vendre,No,Not tagged
www.avito.ma/fr/bettana/animaux_domestique/magnifique_chat_maine_coon_avec_pedigree_54688290.htm,No,Not tagged
www.avito.ma/fr/bin_lkchali/arts_et_collections/__belle_photo_54878693.htm,No,Not tagged
www.avito.ma/fr/bir_rami_est/voyages_et_billetterie/Carte_Mawazine_à_louer__55130707.htm,No,Not tagged
www.avito.ma/fr/borj/locations_de_vacances/شقة_للايجار_عائلية_قريبة_من_الشاطئ__54677151.htm,No,Not tagged
www.avito.ma/fr/bouargane/matériels_professionnels/_Bench_Semi_Matallique__De_Agadir_54704717.htm,No,Not tagged
www.avito.ma/fr/bouarourou/ordinateurs_de_bureau/Dell_Optiplex_7060_Mini_i5_8Th_8Go_256Go__54718732.htm,No,Not tagged
www.avito.ma/fr/bourgogne/matériels_professionnels/Testeur_Circuit_Traceur_de_Fils__Tonalité__etc_54734898.htm,No,Not tagged
www.avito.ma/fr/bournazil/voitures_d'occasion/Renault_Megan__54834031.htm,No,Not tagged
www.avito.ma/fr/bouznika/course--à_vendre,No,Not tagged
www.avito.ma/fr/bouznika/villa_sidi_rahal--à_vendre,No,Not tagged
www.avito.ma/fr/béni_mellal/locations_de_vacances/شقة_جديد_للكراء_اليومي_بدون_واسط__54495167.htm,No,Not tagged
www.avito.ma/fr/casablanca/3g_ram_32g--à_vendre,No,Not tagged
www.avito.ma/fr/casablanca/appartements/lot_salam,No,Not tagged
www.avito.ma/fr/casablanca/autres_immobilier/de_m2_quartier--à_vendre,No,Not tagged
www.avito.ma/fr/casablanca/bd_chefchaouni--à_vendre,No,Not tagged
www.avito.ma/fr/casablanca/chaussures/chi_haja--à_vendre,No,Not tagged
www.avito.ma/fr/casablanca/chegag--à_vendre,No,Not tagged
www.avito.ma/fr/casablanca/cincher--à_vendre,No,Not tagged
www.avito.ma/fr/casablanca/cuisinier_chef--à_vendre,No,Not tagged
www.avito.ma/fr/casablanca/effet_3d--à_vendre,No,Not tagged
www.avito.ma/fr/casablanca/franck--à_vendre,No,Not tagged
www.avito.ma/fr/casablanca/magasins_et_commerces/m2_grand_boulevard--à_vendre,No,Not tagged
www.avito.ma/fr/casablanca/moto_libero_mbk--à_vendre,No,Not tagged
www.avito.ma/fr/casablanca/motos/40000--à_vendre,No,Not tagged
www.avito.ma/fr/casablanca/motos/moto_c90_état--à_vendre,No,Not tagged
www.avito.ma/fr/casablanca/ordinateurs_bureau/dell_optiplex_i5--à_vendre,No,Not tagged
www.avito.ma/fr/casablanca/oulfa/appartements/appartement_au_3ème,No,Not tagged
www.avito.ma/fr/casablanca/pompe_electrique--à_vendre,No,Not tagged
www.avito.ma/fr/casablanca/q7_2010--à_vendre,No,Not tagged
www.avito.ma/fr/casablanca/sidi_bernoussi/art_et_collections-à_vendre,No,Not tagged
www.avito.ma/fr/casablanca/sidi_moumen/autres_evenements,No,Not tagged
www.avito.ma/fr/casablanca/technicien_en--à_vendre,No,Not tagged
www.avito.ma/fr/casablanca/télescope_zoom--à_vendre,No,Not tagged
www.avito.ma/fr/centre_ville/appartements/Appartement_90_m²_à_wifak__49871778.htm,No,Not tagged
www.avito.ma/fr/centre_ville/bureaux_et_plateaux/Salle_de_Formation_Réunion_à_louer_53147769.htm,No,Not tagged
www.avito.ma/fr/chichaoua/terrains_et_fermes/terrain_de_2_hectare--à_vendre,No,Not tagged
www.avito.ma/fr/cité_impériale/jeux_vidéo_et_consoles/CORSAIR_VENGANCE_RGB_RS_16_Go_3200Mhz_C16_54751320.htm,No,Not tagged
www.avito.ma/fr/dar_bouazza/centre_d'appels/Chauffeur_motorisé___نبحث_عن_سائق_سيارة_خاصة_54730254.htm,No,Not tagged
www.avito.ma/fr/dar_bouazza/sony_xperia_xz3--à_vendre,No,Not tagged
www.avito.ma/fr/derb_askar/autre_matériel_professionel/cnc___rail_et_patin____53617127.htm,No,Not tagged
www.avito.ma/fr/el_ismailia/jeux_vidéo_et_consoles/XBOX_ONE_S_PRIX_FIX_54070186.htm,No,Not tagged
www.avito.ma/fr/el_marsa/matériels_professionnels/de_salon_coiffure--à_vendre,No,Not tagged
www.avito.ma/fr/errachidia/autre_matériel_professionel/تجزئة_الواحة_55005843.htm,No,Not tagged
www.avito.ma/fr/errahma/sports_et_loisirs/boxing_sport_53361409.htm,No,Not tagged
www.avito.ma/fr/fes/narjis/chauffeur_demenagement_transport_de_marchandise,No,Not tagged
www.avito.ma/fr/guéliz/locations_de_vacances/appart_bien_organiser__54673607.htm,No,Not tagged
www.avito.ma/fr/hassan/matériels_professionnels/meuble_télévision__54301649.htm,No,Not tagged
www.avito.ma/fr/haut_agdal/voyages_et_billetterie/cart_goldmawazin2024_55127099.htm,No,Not tagged
www.avito.ma/fr/hay_essaâda/voitures_d'occasion/dacia_dokker_54726258.htm,No,Not tagged
www.avito.ma/fr/hay_karima/téléphones/Samsung_A23_Neuf_emballage_fermé_54713839.htm,No,Not tagged
www.avito.ma/fr/hay_salam/autre_matériel_professionel/RAYONNAGE__53065163.htm,No,Not tagged
www.avito.ma/fr/hay_salam/ordinateurs_de_bureau/i7_7éme_generation_53415663.htm,No,Not tagged
www.avito.ma/fr/issil/accessoires_informatique_et_gadgets/Pochette_pour_AirPods_3_54428501.htm,No,Not tagged
www.avito.ma/fr/khouribga/magasins_et_commerces/offre--à_vendre,No,Not tagged
www.avito.ma/fr/ksar_es-seghir/volkswagen_passat_1.6--à_vendre,No,Not tagged
www.avito.ma/fr/laattaouia/fort_avec_une--demandes,No,Not tagged
www.avito.ma/fr/les_cretes/voitures_d'occasion/BMW_Série_5_Diesel_Automatique_2017_à_Casablanca_54412018.htm,No,Not tagged
www.avito.ma/fr/lkheng/panasonic_p2--à_vendre,No,Not tagged
www.avito.ma/fr/m'hamid/jardin_et_outils_de_bricolage/brosse_nettoyage_vitre__54275795.htm,No,Not tagged
www.avito.ma/fr/maarif/ordinateurs_de_bureau/HP_Z440_Xeon_E5_1620_V3__16Go__SSD__K620__2Go_54556545.htm,No,Not tagged
www.avito.ma/fr/marina/décoration/Tableau_Cuadros_Al_Leo_Percy_De_Agadir_54914632.htm,No,Not tagged
www.avito.ma/fr/maroc/5_model_1990--à_vendre,No,Not tagged
www.avito.ma/fr/maroc/accessoires_informatique_et_gadgets/uc--à_vendre,No,Not tagged
www.avito.ma/fr/maroc/blackberry_neuf--à_vendre,No,Not tagged
www.avito.ma/fr/maroc/de_30m--à_vendre,No,Not tagged
www.avito.ma/fr/maroc/de_dior--à_vendre,No,Not tagged
www.avito.ma/fr/maroc/dell_790_core--à_vendre,No,Not tagged
www.avito.ma/fr/maroc/dolce_cafe--à_vendre,No,Not tagged
www.avito.ma/fr/maroc/dsc_rx100_iii--à_vendre,No,Not tagged
www.avito.ma/fr/maroc/en_fonte_de--à_vendre,No,Not tagged
www.avito.ma/fr/maroc/g5_15_5587--à_vendre,No,Not tagged
www.avito.ma/fr/maroc/immobilier/almaghrib,No,Not tagged
www.avito.ma/fr/maroc/iphone_neuf_sous--à_vendre,No,Not tagged
www.avito.ma/fr/maroc/m2_hay_azhar--à_vendre,No,Not tagged
www.avito.ma/fr/maroc/m2_à_mn--à_vendre,No,Not tagged
www.avito.ma/fr/maroc/mercedes_240_coupé--à_vendre,No,Not tagged
www.avito.ma/fr/maroc/mercedes_c_avandgarde--à_vendre,No,Not tagged
www.avito.ma/fr/maroc/meubles_et_décoration/le_a--à_vendre,No,Not tagged
www.avito.ma/fr/maroc/meubles_et_décoration/m2_m2_à--à_vendre,No,Not tagged
www.avito.ma/fr/maroc/motor_110,No,Not tagged
www.avito.ma/fr/maroc/motos/2017_jamais--à_vendre,No,Not tagged
www.avito.ma/fr/maroc/motos/a_yamaha_aerox--à_vendre,No,Not tagged
www.avito.ma/fr/maroc/motos/de_7000--à_vendre,No,Not tagged
www.avito.ma/fr/maroc/nikon_d5200_plus--à_vendre,No,Not tagged
www.avito.ma/fr/maroc/num_61--à_vendre,No,Not tagged
www.avito.ma/fr/maroc/oasis_gare--à_vendre,No,Not tagged
www.avito.ma/fr/maroc/passat_c6--à_vendre,No,Not tagged
www.avito.ma/fr/maroc/peugeot_top--à_vendre,No,Not tagged
www.avito.ma/fr/maroc/photocopie_les--à_vendre,No,Not tagged
www.avito.ma/fr/maroc/proffesionel--à_vendre,No,Not tagged
www.avito.ma/fr/maroc/ps4_jdida--à_vendre,No,Not tagged
www.avito.ma/fr/maroc/serie_116d--à_vendre,No,Not tagged
www.avito.ma/fr/maroc/shirts_and--à_vendre,No,Not tagged
www.avito.ma/fr/maroc/sports_et_loisirs/une_maison--à_vendre,No,Not tagged
www.avito.ma/fr/maroc/tablettes/en_dessin_de--à_vendre,No,Not tagged
www.avito.ma/fr/maroc/tablettes/gps--à_vendre,No,Not tagged
www.avito.ma/fr/maroc/taille_l_27.5--à_vendre,No,Not tagged
www.avito.ma/fr/maroc/terrains_et_fermes/ce_v--à_vendre,No,Not tagged
www.avito.ma/fr/maroc/terrains_et_fermes/de_m2_oulad--à_vendre,No,Not tagged
www.avito.ma/fr/maroc/toyota_canter--à_vendre,No,Not tagged
www.avito.ma/fr/maroc/téléphones/6_neuf--à_vendre,No,Not tagged
www.avito.ma/fr/maroc/télévisions/lg_smart_32--à_vendre,No,Not tagged
www.avito.ma/fr/maroc/vetements/جملة_ملابس--à_vendre,No,Not tagged
www.avito.ma/fr/marrakech/art_et_collections/en_pour_les--à_vendre,No,Not tagged
www.avito.ma/fr/marrakech/es_saada/msaman--à_vendre,No,Not tagged
www.avito.ma/fr/marrakech/gueliz/terrains_et_fermes/lots_des--à_vendre,No,Not tagged
www.avito.ma/fr/marrakech/magasins_et_commerces/avendre_ou--à_vendre,No,Not tagged
www.avito.ma/fr/marrakech/sidi_abbad/pièces_et_accessoires_pour_véhicules,No,Not tagged
www.avito.ma/fr/martil/locations_de_vacances/شقة_مجهزة_مشمشة_قرب_البحر_55133753.htm,No,Not tagged
www.avito.ma/fr/midelt/iphone_6s_64gb--à_vendre,No,Not tagged
www.avito.ma/fr/mohammedia/al_qods/magasins_et_commerces/mohammedia--à_vendre,No,Not tagged
www.avito.ma/fr/mohammedia/lits_avec_matelas--à_vendre,No,Not tagged
www.avito.ma/fr/mont_fleuri_2/sports_et_loisirs/biycyclette_À_domicile_53886800.htm,No,Not tagged
www.avito.ma/fr/mrirt/jardin_et_outils_de_bricolage-à_vendre,No,Not tagged
www.avito.ma/fr/médina_de_rabat/photo_video/Profoto_Universal_Trigger_Remote_Control_53796027.htm,No,Not tagged
www.avito.ma/fr/nkhila/pmx--à_vendre,No,Not tagged
www.avito.ma/fr/ouaklim/electorménager_et_vaisselle-à_vendre,No,Not tagged
www.avito.ma/fr/ouarzazate/voitures_d'occasion/hyundai_i10_2012_54961054.htm,No,Not tagged
www.avito.ma/fr/ouazzane/matériels_professionnels/chariot--à_vendre,No,Not tagged
www.avito.ma/fr/oulfa/matériels_professionnels/Fardeleuse_automatique__54192831.htm,No,Not tagged
www.avito.ma/fr/parc/voitures_d'occasion/Toyota_Corolla_s_54956500.htm,No,Not tagged
www.avito.ma/fr/quartier_de_l'océan/meubles_et_décoration/Tapis_190cm_sur_135cm_54847282.htm,No,Not tagged
www.avito.ma/fr/rabat/a_kitea--à_vendre,No,Not tagged
www.avito.ma/fr/rabat/chambre_à_couché--à_vendre,No,Not tagged
www.avito.ma/fr/rabat/de_mariage_a--à_vendre,No,Not tagged
www.avito.ma/fr/rabat/fram,No,Not tagged
www.avito.ma/fr/rabat/magasins_et_commerces/face--à_vendre,No,Not tagged
www.avito.ma/fr/route_d'ourika/terrains_et_fermes_à_louer/ب_قعة_داير_بيها_سياج_54839590.htm,No,Not tagged
www.avito.ma/fr/sale/al_mouahidine/engins_btp,No,Not tagged
www.avito.ma/fr/settat/matériel_de_bureau/BUREAU_DE_DIRECTION_AVEC_CHAISE_Ù___Ù_Ù______Ù_Ù___54731632.htm,No,Not tagged
www.avito.ma/fr/settat/matériels_professionnels/machin--à_vendre,No,Not tagged
www.avito.ma/fr/sidi_allal_el_bahraoui/terrains_et_fermes_à_louer/Terrains_a_vendre__53833088.htm,No,Not tagged
www.avito.ma/fr/sidi_bernoussi/sacs_et_accessoires/Chaussette_anti_slip_grip_socks_54660971.htm,No,Not tagged
www.avito.ma/fr/sidi_boaal/paint--à_vendre,No,Not tagged
www.avito.ma/fr/sidi_hajjaj_oued_hassar/creuse--à_vendre,No,Not tagged
www.avito.ma/fr/sidi_slimane/voitures/volvo_s60--à_vendre,No,Not tagged
www.avito.ma/fr/tanger/a_café_delonghi--à_vendre,No,Not tagged
www.avito.ma/fr/tanger/a_salam--demandes,No,Not tagged
www.avito.ma/fr/tanger/al_warda/travaux_de_maison--à_vendre,No,Not tagged
www.avito.ma/fr/tanger/appartement_moyen_standing_ain_sebaa--à_vendre,No,Not tagged
www.avito.ma/fr/tanger/art_et_collections/ancienne--à_vendre,No,Not tagged
www.avito.ma/fr/tanger/equipements_pour_enfant/dream--à_vendre,No,Not tagged
www.avito.ma/fr/tanger/mae--à_vendre,No,Not tagged
www.avito.ma/fr/tanger/pop_filter--à_vendre,No,Not tagged
www.avito.ma/fr/tanger/rh--à_vendre,No,Not tagged
www.avito.ma/fr/tanger/rono_kangoo--à_vendre,No,Not tagged
www.avito.ma/fr/tanger/sports_et_loisirs/mega--à_vendre,No,Not tagged
www.avito.ma/fr/tarfaya/jeux_vidéo_et_consoles/Setup_games__53538246.htm,No,Not tagged
www.avito.ma/fr/taza/m2_a_marrakech--à_vendre,No,Not tagged
www.avito.ma/fr/touissit/pièces_et_accessoires_véhicules/citroen--à_vendre,No,Not tagged
www.avito.ma/fr/tétouan/de,No,Not tagged
www.avito.ma/fr/tétouan/touilaa_foqia/camions-à_vendre,No,Not tagged
www.avito.ma/fr/tétouan/touilaa_foqia/jeux_vidéo_et_consoles-à_vendre,No,Not tagged
www.avito.ma/fr/val_fleuri/electroménager_et_vaisselles/Friteuse__54233770.htm,No,Not tagged
www.avito.ma/fr/wislane/electroménager_et_vaisselles/طبسيل_الطوس_الحر__53479502.htm,No,Not tagged
www.avito.ma/fr/zaida/electorménager_et_vaisselle-à_vendre,No,Not tagged
www.avito.ma/fr/zone_industrielle/matériels_professionnels/gerbeur_semi_Electrique_53536945.htm,No,Not tagged
www.avito.ma/fr/الدار_البيضاء/rahma/الأثاثـوـالديكور-للبيع,No,Not tagged
www.avito.ma/ar/2_مرجان/معدات_أخرى/Machine_a_café__54407739.htm,No,Not tagged
www.avito.ma/ar/أزرو/سيارات_مستعملة/Hyundai__i_20_53364424.htm,No,Not tagged
www.avito.ma/ar/أصيلة/مرجان/للبيع,No,Not tagged
www.avito.ma/ar/أكادير/حي_فاس--للبيع,No,Not tagged
www.avito.ma/ar/أكدال/آلات_تصوير_و_كاميرات/Stylo_avec_caméra_espion_Wifi_et_P2P_Full_HD__54759416.htm,No,Not tagged
www.avito.ma/ar/أنفا/قطع_الغيار_لوسائل_النقل/_Porsche_Macan_pour_lèvre_de_pare_chocs_avant_53968847.htm,No,Not tagged
www.avito.ma/ar/ابواب_مراكش/فيلات___رياض/VENTE_RIAD_RÉNOVÉ_TITRÉ_A__AZBEZT_MARRAKECH__54716117.htm,No,Not tagged
www.avito.ma/ar/ارزان/مخزونات_وبيع_بالجملة/materiel_berautique_mz__54345858.htm,No,Not tagged
www.avito.ma/ar/اسفي/bel_appartement_98--للبيع,No,Not tagged
www.avito.ma/ar/الجديدة/ملبس/un_d--للبيع,No,Not tagged
www.avito.ma/ar/الحسيمة/de_marketing--للبيع,No,Not tagged
www.avito.ma/ar/الحي_الحسني/إصلاحات_منزلية/مرا_معقولة_تخدم_فمحلبة__54503177.htm,No,Not tagged
www.avito.ma/ar/الدار_البيضاء/crack--للبيع,No,Not tagged
www.avito.ma/ar/الدار_البيضاء/deja--للبيع,No,Not tagged
www.avito.ma/ar/الدار_البيضاء/megan_classic--للبيع,No,Not tagged
www.avito.ma/ar/الدار_البيضاء/مكاتب/à_avec_piscine--للبيع,No,Not tagged
www.avito.ma/ar/الدار_البيضاء/موسيقى_وآلات/et_clavier--للبيع,No,Not tagged
www.avito.ma/ar/الدار_البيضاء/هواتف/téléphone_54223978.htm,No,Not tagged
www.avito.ma/ar/الدروة/سيارات_مستعملة/Voitures_d_occasion_à_Berrechid_53390323.htm,No,Not tagged
www.avito.ma/ar/الدروة/قطع_الغيار_لوسائل_النقل/serrure_antivol__قفل_ضد_السرقة_54933387.htm,No,Not tagged
www.avito.ma/ar/الرباط/la_belle_vue/الأثاثـوـالديكور-للبيع,No,Not tagged
www.avito.ma/ar/الرباط/حي_الرياض/كمبيوترـمنزلي/dell_avec--للبيع,No,Not tagged
www.avito.ma/ar/الرباط/وسائل_النقل/bmw_x3_2.0--للبيع,No,Not tagged
www.avito.ma/ar/السعيدية/لوازم_الحيوانات/Harnais_de_Bride_de_tête_de_Cheval_et_sa_longe__55122426.htm,No,Not tagged
www.avito.ma/ar/السويهلة/العيد--ﺕﺮﻳﺩ_ﺵﺭﺍﺀ,No,Not tagged
www.avito.ma/ar/العرائش/معدات_مهنية/je_mets_des_bureaux_haute_qualité__54454354.htm,No,Not tagged
www.avito.ma/ar/القدس/دكاكين،_محلات_تجارية_ومباني_صناعية/Salon_coiffures_et_esthétique__54267539.htm,No,Not tagged
www.avito.ma/ar/المحمدية/حقائب_وأكسسوارات/Sac_Burberry__53128905.htm,No,Not tagged
www.avito.ma/ar/المستقبل/معدات_أخرى/مرحبا_بك_عند_ياسين_امجهدي__مستوردة_ثمن_جد_مناسب_53844222.htm,No,Not tagged
www.avito.ma/ar/المسيرة/حيوانات_أليفة/DEUX_chiens_mâle_et_femelle_de_Race_DALMATIEN__53669736.htm,No,Not tagged
www.avito.ma/ar/المسيرة/هواتف/IPHONE_XR_52880895.htm,No,Not tagged
www.avito.ma/ar/المعاريف/اكسسوارات_الكمبيوتر_والأجهزة/Chargeur_Dell_Small_Tip__Slim__130W_53864450.htm,No,Not tagged
www.avito.ma/ar/المغرب/2_mars_louer--للبيع,No,Not tagged
www.avito.ma/ar/المغرب/50kg--للبيع,No,Not tagged
www.avito.ma/ar/المغرب/clima_megane--للبيع,No,Not tagged
www.avito.ma/ar/المغرب/des_parfums_homme--للبيع,No,Not tagged
www.avito.ma/ar/المغرب/engagement--للبيع,No,Not tagged
www.avito.ma/ar/المغرب/engins_agricole/fergusson--à_vendre,No,Not tagged
www.avito.ma/ar/المغرب/porte_en--ﺕﺮﻳﺩ_ﺵﺭﺍﺀ,No,Not tagged
www.avito.ma/ar/المغرب/ps4_bonne_occasion--للبيع,No,Not tagged
www.avito.ma/ar/المغرب/ألعاب_الفيديو_وأجهزة_تشغيل_أو_كونصولات/en_prix--للبيع,No,Not tagged
www.avito.ma/ar/المغرب/الأثاثـوـالديكور/tapis--للبيع,No,Not tagged
www.avito.ma/ar/المغرب/برطما_شقة/112_m2_2,No,Not tagged
www.avito.ma/ar/المغرب/دراجات_نارية/men--للبيع,No,Not tagged
www.avito.ma/ar/المغرب/دراجات_نارية/moto_racer--للبيع,No,Not tagged
www.avito.ma/ar/المغرب/ساعاتـوـمجوهرات/مرحبا_بكم--للبيع,No,Not tagged
www.avito.ma/ar/المغرب/شاحنات/mois_et--للبيع,No,Not tagged
www.avito.ma/ar/المغرب/طابليط/tres_bon_état--للبيع,No,Not tagged
www.avito.ma/ar/المغرب/قطعـالغيارـلوسائلـالنقل/vtt--للبيع,No,Not tagged
www.avito.ma/ar/المغرب/منتجاتـالتجميل/ranger--للبيع,No,Not tagged
www.avito.ma/ar/المغربي_العربي/معدات_مهنية/Les_vestiaire_Métallique_ou_les_casiers_en_promo_49227654.htm,No,Not tagged
www.avito.ma/ar/بركان/val_fleuri/تجارةـوـأعمالـتجارية-للبيع,No,Not tagged
www.avito.ma/ar/بركان/معدات_مهنية/en_trés_bon--للبيع,No,Not tagged
www.avito.ma/ar/بنى_ملال/شاحنات/de_chauffeur--للبيع,No,Not tagged
www.avito.ma/ar/بوخالف/بقعـوـمزارع/maison_de_55--للبيع,No,Not tagged
www.avito.ma/ar/بوركون/اكسسوارات_الكمبيوتر_والأجهزة/IMPRIMANTE_HP_2050_54466868.htm,No,Not tagged
www.avito.ma/ar/تاركة/بقع_و_مزارع/Terrain_commercial_à_vendre_sur_Targa_53450749.htm,No,Not tagged
www.avito.ma/ar/تازة/مخزوناتـوـبيعـبالجملة/oujda--للبيع,No,Not tagged
www.avito.ma/ar/تطوان/البلاد/موسيقى_وآلات-للبيع,No,Not tagged
www.avito.ma/ar/تطوان/برطما_شقة/oued_laou,No,Not tagged
www.avito.ma/ar/تطوان/بقعـوـمزارع/pour_et_enfant--للبيع,No,Not tagged
www.avito.ma/ar/تمارة/العبادي/ملابس,No,Not tagged
www.avito.ma/ar/تمارة/دراجات/racer--للبيع,No,Not tagged
www.avito.ma/ar/تيسة/mousse--للبيع,No,Not tagged
www.avito.ma/ar/حمرية/شقق/Très_belle_appartement_au_c_ur_de_hamria__53494189.htm,No,Not tagged
www.avito.ma/ar/حي_آخر/آلات_تصوير_و_كاميرات/Selfie_Ring_Pro_Multicolor___Universale_Neuf_54690846.htm,No,Not tagged
www.avito.ma/ar/حي_آخر/شقق/شقة_الضحى_للبيع_54181053.htm,No,Not tagged
www.avito.ma/ar/حي_آخر/عاملة_نظافة،_مربية_أو_سائق/cuisine_ménage_nounou_53631074.htm,No,Not tagged
www.avito.ma/ar/حي_آخر/معدات_أخرى/KIT_RAYONNAGE_LEGER_54241219.htm,No,Not tagged
www.avito.ma/ar/حي_آخر/هواتف/Samsung_M20_32g_4Ram_54349208.htm,No,Not tagged
www.avito.ma/ar/حي_البطوار/سيارات_مستعملة/Volkswagen_Jetta_53293306.htm,No,Not tagged
www.avito.ma/ar/حي_الحسني/معدات_أخرى/table_pizza_gastro_positif__54757007.htm,No,Not tagged
www.avito.ma/ar/حي_السلام/معدات_مهنية/Douilles_et_embouts_neuf_54811318.htm,No,Not tagged
www.avito.ma/ar/حي_السلام/معدات_مهنية/matériel_pour_professionnels_de_gynécologie__54371408.htm,No,Not tagged
www.avito.ma/ar/حي_المحمدي/بقع_و_مزارع_للكراء/TERRAIN_VILLA_VUE_MER_A_VENDRE_HAY_MOHAMADI_54901074.htm,No,Not tagged
www.avito.ma/ar/حي_المحمدي/سيارات_مستعملة/Ford_kuga_53572198.htm,No,Not tagged
www.avito.ma/ar/دار_بوعزة/صوت_وصورة/bouchon--للبيع,No,Not tagged
www.avito.ma/ar/سلا/ساعاتـوـمجوهرات/complet--للبيع,No,Not tagged
www.avito.ma/ar/سلا/هواتف/iPhone_13_mini_Nouveau_128_GB_55111002.htm,No,Not tagged
www.avito.ma/ar/سيدي_برنوصي/إصلاحات_منزلية/box_douche_verre10_trempé_pièces_inox304_53019379.htm,No,Not tagged
www.avito.ma/ar/سيدي_برنوصي/هواتف/Iphone_11_pro_max_256go_55123491.htm,No,Not tagged
www.avito.ma/ar/سيدي_معروف/طابليط/tablette_Galaxy_tap_3_للبيع_53234775.htm,No,Not tagged
www.avito.ma/ar/شارع_الجيش_الملكي/حقائب_وأكسسوارات/Sac_en_cuir_végétal__53147152.htm,No,Not tagged
www.avito.ma/ar/صفرو/محلات_للكراء/كراج_محفظ_للبيع_مدينة_صفرو_حي_الرفيف_تجزيئة_اشمشام__55014145.htm,No,Not tagged
www.avito.ma/ar/طنجة/1252--للبيع,No,Not tagged
www.avito.ma/ar/طنجة/bois_thuya--للبيع,No,Not tagged
www.avito.ma/ar/طنجة/fourche_vtt--للبيع,No,Not tagged
www.avito.ma/ar/طنجة/تجارةـوـأعمالـتجارية/travaux--للبيع,No,Not tagged
www.avito.ma/ar/طنجة/خدمات/خدمة--للبيع,No,Not tagged
www.avito.ma/ar/علال_الفاسي/ساعات_و_مجوهرات/montres_fossil_femmes_54797646.htm,No,Not tagged
www.avito.ma/ar/عين_السبع/سفر_و_تذاكر/_1_Ticket_secret_évent_invite_Adriatique__55118468.htm,No,Not tagged
www.avito.ma/ar/عين_الشق/تجهيزات_للأطفال_و_الرُضَّع/Tapis_Mousse_Alphabets_et_Chiffres_54735255.htm,No,Not tagged
www.avito.ma/ar/عين_الشق/سيارات_مستعملة/Mercedes_Benz_Classe_A_Diesel_Automatique_2017_54789151.htm,No,Not tagged
www.avito.ma/ar/عين_برجة/معدات_مهنية/fabrication_de_mobilier_de_bureau_de_bonne_qualité_54820945.htm,No,Not tagged
www.avito.ma/ar/عين_عتيق/ﻒﻧ_ﻮﺘﺤﻓ-للبيع,No,Not tagged
www.avito.ma/ar/فاس/brisa--للبيع,No,Not tagged
www.avito.ma/ar/فاس/renault_mégane_3--للبيع,No,Not tagged
www.avito.ma/ar/فاس/voiture_commercial--للبيع,No,Not tagged
www.avito.ma/ar/فزنا/caravan--للبيع,No,Not tagged
www.avito.ma/ar/كالفورنيا/ألعاب_الفيديو/EXOPRIMAL_PS5_54759572.htm,No,Not tagged
www.avito.ma/ar/كسباراطا/مخزونات_وبيع_بالجملة/mobilier__scolaire___53967147.htm,No,Not tagged
www.avito.ma/ar/مديونة/دكاكين_محلات_تجارية/à--للبيع,No,Not tagged
www.avito.ma/ar/مراكش/punto_tout_options--للبيع,No,Not tagged
www.avito.ma/ar/مراكش/أكدال/وسائل_النقل-للبيع,No,Not tagged
www.avito.ma/ar/مراكش/إنارة/دكاكين_محلات_تجارية-للبيع,No,Not tagged
www.avito.ma/ar/مراكش/كليز/مكاتب/appartement_chambre_salon--للبيع,No,Not tagged
www.avito.ma/ar/مراكش/ﻒﻧ_ﻮﺘﺤﻓ/de_poterie--للبيع,No,Not tagged
www.avito.ma/ar/مسنانة/هوايات_ورياضة/gants_box_bon_54097574.htm,No,Not tagged
www.avito.ma/ar/مولاي_يعقوب/ملبس/pour--للبيع,No,Not tagged
www.avito.ma/ar/ميدلت/diwana_2014--للبيع,No,Not tagged
www.avito.ma/ar/ٱيت_ملول/سيارات_مستعملة/Fiat_palio_52946843.htm,No,Not tagged
www.avito.ma/fr/2_mars/instruments_de_musique/Deux_Guitares_Électriques_Eldorado_Furia_Swiss__54753333.htm,No,Not tagged
www.avito.ma/fr/2_mars/téléphones/iPhone_11_Pro_Max_officiel_64_l_état_93_54778272.htm,No,Not tagged
www.avito.ma/fr/2_mars/voitures_d'occasion/Clio_4_manuel_tt_options_en_parfait_état__54907482.htm,No,Not tagged
www.avito.ma/fr/agadir/gopro_hero5--à_vendre,No,Not tagged
www.avito.ma/fr/agadir/hay_mohammadi/matériels_professionnels/mercedes--à_vendre,No,Not tagged
www.avito.ma/fr/agadir/immobilier/garages_et_2,No,Not tagged
www.avito.ma/fr/agadir/kia_picanto_en_bon--à_vendre,No,Not tagged
www.avito.ma/fr/agadir/terrain_taourirt--à_vendre,No,Not tagged
www.avito.ma/fr/agadir/tilila/engins_btp/a--à_vendre,No,Not tagged
www.avito.ma/fr/agdal/art_et_collections/tableaux_à_vendre__53400234.htm,No,Not tagged
www.avito.ma/fr/agdal/audio_et_hi_fi/Ecran_de_Projection_Electrique_3x3_m_UHD__51164268.htm,No,Not tagged
www.avito.ma/fr/agdal/matériels_professionnels/dvr_hikvision_et_5cam_54675562.htm,No,Not tagged
www.avito.ma/fr/ain_amiyer/matériels_professionnels/_______Chaise_visiteur____de_marque____54841556.htm,No,Not tagged
www.avito.ma/fr/ain_sebaa/appartements/Daris_standing_Couple_ou_3Filles_Célibataires__54440822.htm,No,Not tagged
www.avito.ma/fr/ain_sebaa/ordinateurs_portables/HP_PROBOOK_430_G4___I5_en_très_bon_état__53790752.htm,No,Not tagged
www.avito.ma/fr/al_hoceima/voitures_d'occasion/touran_7_blays_modil_2016_diwana_2021_54724107.htm,No,Not tagged
www.avito.ma/fr/anfa/appareils_photo_et_caméras/carte_son_A4_53536959.htm,No,Not tagged
www.avito.ma/fr/anfa/téléphones/Cache_Batterie_pour_Xiaomi_Redmi_Note_5_49646253.htm,No,Not tagged
www.avito.ma/fr/anfeg/ordinateurs_portables/memoir--à_vendre,No,Not tagged
www.avito.ma/fr/arbaoua/tablettes/ipad_mini--à_vendre,No,Not tagged
www.avito.ma/fr/autre_secteur/appartements/Appartement_Cosy_110m²___54701354.htm,No,Not tagged
www.avito.ma/fr/autre_secteur/autre_matériel_professionel/_frigo_à_Fès_53541434.htm,No,Not tagged
www.avito.ma/fr/autre_secteur/autre_matériel_professionel/des_banquette_54763701.htm,No,Not tagged
www.avito.ma/fr/autre_secteur/matériel_de_bureau/_Bureau_angle_Haworth_140x140cm_54573044.htm,No,Not tagged
www.avito.ma/fr/autre_secteur/matériels_professionnels/Portail_électrique_clôture_pergola_thermolaquage__54115414.htm,No,Not tagged
www.avito.ma/fr/autre_secteur/matériels_professionnels/mobilier_métalique_54099208.htm,No,Not tagged
www.avito.ma/fr/autre_secteur/ordinateurs_de_bureau/Lenovo_ThinkStation_S20_55028154.htm,No,Not tagged
www.avito.ma/fr/autre_secteur/terrains_et_fermes/22854_Vente_Terrain_à_Marrakech_Palmeraie_de_8____54712354.htm,No,Not tagged
www.avito.ma/fr/autre_secteur/voitures_d'occasion/Volkswagen_Golf_6_Diesel_Automatique_2009_à_Nador_54854346.htm,No,Not tagged
www.avito.ma/fr/autre_secteur/vélos/كاميليا_إنبعاث_2_53794693.htm,No,Not tagged
www.avito.ma/fr/aviation___mabella/vélos/Selle_Full_Carbone_Vélo_Route_Superlogic_54031511.htm,No,Not tagged
www.avito.ma/fr/azemmour/art_et_collections/services..--à_vendre,No,Not tagged
www.avito.ma/fr/aïn_borja/téléphones/Iphone_14_Pro_Max_128g_54744118.htm,No,Not tagged
www.avito.ma/fr/aïn_chock/autre_immobilier_à_louer/Table_en_bois_53468848.htm,No,Not tagged
www.avito.ma/fr/aïn_chock/meubles_et_décoration/grand_lavabo_54717218.htm,No,Not tagged
www.avito.ma/fr/bad_boujloud/matériels_professionnels/rayonnage_mi_lourd_2024_54840488.htm,No,Not tagged
www.avito.ma/fr/ben_guerir/location_appartement_a,No,Not tagged
www.avito.ma/fr/ben_m'sick/smartphone_et_téléphone/Iphone_14_53266222.htm,No,Not tagged
www.avito.ma/fr/ben_m'sick/voitures_d'occasion/Dacia_Duster_Diesel_Manuelle_2015_à_Casablanca_54783225.htm,No,Not tagged
www.avito.ma/fr/berrechid/accessoires_informatique_et_gadgets/adaptateur_type_C__53980040.htm,No,Not tagged
www.avito.ma/fr/bir_tam_tam/vetements/beldi--à_vendre,No,Not tagged
www.avito.ma/fr/bled_eljed/décoration/Tableau_déco_vend5_54250282.htm,No,Not tagged
www.avito.ma/fr/bournazil/téléphones/iPod_touche_5ème_génération_64GB_54477166.htm,No,Not tagged
www.avito.ma/fr/béni_mellal/terrains_et_fermes_à_louer/بقعة_للبيع_ب_أولاد_اعيش__54332045.htm,No,Not tagged
www.avito.ma/fr/californie/appartements/Ouled_Taleb_Appartement_vide_ou_meublé_a_louer_54715421.htm,No,Not tagged
www.avito.ma/fr/casablanca/25kg--à_vendre,No,Not tagged
www.avito.ma/fr/casablanca/ain_sebaa/autres_véhicules--à_vendre,No,Not tagged
www.avito.ma/fr/casablanca/appartements/bord_de_mer,No,Not tagged
www.avito.ma/fr/casablanca/appartements/intérieur,No,Not tagged
www.avito.ma/fr/casablanca/appartements/pour_sol,No,Not tagged
www.avito.ma/fr/casablanca/appartements/taman,No,Not tagged
www.avito.ma/fr/casablanca/cartouche_couleur_hp--à_vendre,No,Not tagged
www.avito.ma/fr/casablanca/commode_kitea,No,Not tagged
www.avito.ma/fr/casablanca/derb_ghallef/films_livres_magazines/neuf_des--à_vendre,No,Not tagged
www.avito.ma/fr/casablanca/faux_cadre--à_vendre,No,Not tagged
www.avito.ma/fr/casablanca/hay_hassani/cours_et_formations/utilitaires--à_vendre,No,Not tagged
www.avito.ma/fr/casablanca/instruments_de_musique/800--à_vendre,No,Not tagged
www.avito.ma/fr/casablanca/kadima--à_vendre,No,Not tagged
www.avito.ma/fr/casablanca/mercedes_benz_cabriolet--à_vendre,No,Not tagged
www.avito.ma/fr/casablanca/moto_400cc--à_vendre,No,Not tagged
www.avito.ma/fr/casablanca/sacs_et_accessoires/ajustable_de--à_vendre,No,Not tagged
www.avito.ma/fr/casablanca/sports_et_loisirs/boules_de_pétanque--à_vendre,No,Not tagged
www.avito.ma/fr/casablanca/tapis/الولفة__52835175.htm,No,Not tagged
www.avito.ma/fr/casablanca/terrains_et_fermes/terrain_3--à_vendre,No,Not tagged
www.avito.ma/fr/casablanca/télévisions/samsung_tv_serie--à_vendre,No,Not tagged
www.avito.ma/fr/casablanca/ultra_extreme--à_vendre,No,Not tagged
www.avito.ma/fr/casablanca/velo_fat_bike--à_vendre,No,Not tagged
www.avito.ma/fr/casablanca/villa_350_m2--à_vendre,No,Not tagged
www.avito.ma/fr/casablanca/véhicules/peugeot_boxer_fourgon--à_vendre,No,Not tagged
www.avito.ma/fr/casablanca/à_trik--à_vendre,No,Not tagged
www.avito.ma/fr/casablanca/فرن_مخبزة--à_vendre,No,Not tagged
www.avito.ma/fr/centre/electroménager_et_vaisselles/osmoseur_domestique_5_stage_usa_usa_casablanca_53654259.htm,No,Not tagged
www.avito.ma/fr/centre/voitures_d'occasion/Audi_Q3_Diesel_Automatique_2016_à_Fès_54966624.htm,No,Not tagged
www.avito.ma/fr/centre_ville/accessoires_informatique_et_gadgets/Flash_Drive_32GB_USB_2_0_54780511.htm,No,Not tagged
www.avito.ma/fr/centre_ville/appartements/Appartement_à_vendre_78_m²_à_Tanger_54763036.htm,No,Not tagged
www.avito.ma/fr/centre_ville/locations_de_vacances/appartement_de_vacances__54706104.htm,No,Not tagged
www.avito.ma/fr/centre_ville/locations_de_vacances/magnifique_appartement_en_location_à_tanger_54873972.htm,No,Not tagged
www.avito.ma/fr/centre_ville/matériels_professionnels/FOUR_PIZZA_PRO_ITALFORNI_54716204.htm,No,Not tagged
www.avito.ma/fr/derd_bennaceur/image_&_son/سماعات_بلوتوث__54728096.htm,No,Not tagged
www.avito.ma/fr/diour_jamaa/décoration/Paravent_5_Voletsrà_ve_D_automne_Ii_Zebyd_54904484.htm,No,Not tagged
www.avito.ma/fr/el_alia/appartements/شقة_مفروشة_للكراء_54798190.htm,No,Not tagged
www.avito.ma/fr/el_jadida/art_et_collections/bonne--à_vendre,No,Not tagged
www.avito.ma/fr/el_jadida/image_et_son/miroir_en--à_vendre,No,Not tagged
www.avito.ma/fr/el_jadida/montres_et_bijoux/bracelet_or--à_vendre,No,Not tagged
www.avito.ma/fr/el_jadida/salama/montres_et_bijoux-à_vendre,No,Not tagged
www.avito.ma/fr/el_majd/local_à_louer/__magasin__commercial_28_m2___souda14m2_محل_تجاري_54640698.htm,No,Not tagged
www.avito.ma/fr/essaouira/voitures/app--à_vendre,No,Not tagged
www.avito.ma/fr/fnideq/sacs_et_accessoires/je_mets_en--à_vendre,No,Not tagged
www.avito.ma/fr/ghrablia/animaux_domestique/بابيون_للبيع_54111025.htm,No,Not tagged
www.avito.ma/fr/guéliz/smartphone_et_téléphone/iphone_53890130.htm,No,Not tagged
www.avito.ma/fr/hay_hassani/matériels_professionnels/fontaine_cafe_au_choix__54753046.htm,No,Not tagged
www.avito.ma/fr/hay_hassani/matériels_professionnels/présentoir_slim_boisson__54794783.htm,No,Not tagged
www.avito.ma/fr/hay_hassani/matériels_professionnels/table_en_inox__54799379.htm,No,Not tagged
www.avito.ma/fr/hay_salam/ordinateurs_portables/Dell_XPS_17_9710_i7_11th__54574797.htm,No,Not tagged
www.avito.ma/fr/kattara/camions/moteur_de--à_vendre,No,Not tagged
www.avito.ma/fr/khemisset/meubles_et_décoration/salle_manger_en--à_vendre,No,Not tagged
www.avito.ma/fr/khemisset/usb_pour_pic--à_vendre,No,Not tagged
www.avito.ma/fr/khmis_ksiba/bateaux/model_10--à_vendre,No,Not tagged
www.avito.ma/fr/khouribga/matériels_professionnels/cabine_peinture--à_vendre,No,Not tagged
www.avito.ma/fr/kénitra/motos/moto_sp_103--à_vendre,No,Not tagged
www.avito.ma/fr/larache/terrains_et_fermes/cabo_negro--à_vendre,No,Not tagged
www.avito.ma/fr/laâyoune/accessoires_informatique_et_gadgets/BIZHUB_C224e_Multifonction_bonne_état_53832601.htm,No,Not tagged
www.avito.ma/fr/mabrouka/jeux_vidéo_et_consoles/Xbox_One_Original__55127193.htm,No,Not tagged
www.avito.ma/fr/marina/sports_et_loisirs/trottinette_électrique_smart_gyro_neuf__55125394.htm,No,Not tagged
www.avito.ma/fr/maroc/385_m2_à--à_vendre,No,Not tagged
www.avito.ma/fr/maroc/70_f_2.8--à_vendre,No,Not tagged
www.avito.ma/fr/maroc/accessoires_informatique_et_gadgets/tactile_pour_restaurant--à_vendre,No,Not tagged
www.avito.ma/fr/maroc/aluminum_mercedes--à_vendre,No,Not tagged
www.avito.ma/fr/maroc/appartements/90m2_à,No,Not tagged
www.avito.ma/fr/maroc/asus_cor--à_vendre,No,Not tagged
www.avito.ma/fr/maroc/benchrif,No,Not tagged
www.avito.ma/fr/maroc/bureaux_et_plateaux/pc_2--à_vendre,No,Not tagged
www.avito.ma/fr/maroc/camions/honda.__--à_vendre,No,Not tagged
www.avito.ma/fr/maroc/cartes_gps--demandes,No,Not tagged
www.avito.ma/fr/maroc/chaussures/3_model--à_vendre,No,Not tagged
www.avito.ma/fr/maroc/clio_l--à_vendre,No,Not tagged
www.avito.ma/fr/maroc/couvre_matelas--à_vendre,No,Not tagged
www.avito.ma/fr/maroc/de_franc--à_vendre,No,Not tagged
www.avito.ma/fr/maroc/detecteur_feu--à_vendre,No,Not tagged
www.avito.ma/fr/maroc/electorménager_et_vaisselle/promotion*--à_vendre,No,Not tagged
www.avito.ma/fr/maroc/fenétre--à_vendre,No,Not tagged
www.avito.ma/fr/maroc/focus_3_2015--à_vendre,No,Not tagged
www.avito.ma/fr/maroc/four_gaz_10,No,Not tagged
www.avito.ma/fr/maroc/hivers--à_vendre,No,Not tagged
www.avito.ma/fr/maroc/hp_elitebook_8570w_i7--à_vendre,No,Not tagged
www.avito.ma/fr/maroc/hp_folio_g2--à_vendre,No,Not tagged
www.avito.ma/fr/maroc/image_et_son/205--à_vendre,No,Not tagged
www.avito.ma/fr/maroc/image_et_son/pop_bon--à_vendre,No,Not tagged
www.avito.ma/fr/maroc/jeux_vidéo_et_consoles/marche_bien--à_vendre,No,Not tagged
www.avito.ma/fr/maroc/jeux_vidéo_et_consoles/pneu_pour--à_vendre,No,Not tagged
www.avito.ma/fr/maroc/matériels_professionnels/machine_plus--à_vendre,No,Not tagged
www.avito.ma/fr/maroc/matériels_professionnels/oxygene_concentrateur--à_vendre,No,Not tagged
www.avito.ma/fr/maroc/moderne_platre--à_vendre,No,Not tagged
www.avito.ma/fr/maroc/motos/bari--à_vendre,No,Not tagged
www.avito.ma/fr/maroc/motos/cross_f--à_vendre,No,Not tagged
www.avito.ma/fr/maroc/motos/de_entre--à_vendre,No,Not tagged
www.avito.ma/fr/maroc/motos/moto_mbc--à_vendre,No,Not tagged
www.avito.ma/fr/maroc/nvidia_5500--à_vendre,No,Not tagged
www.avito.ma/fr/maroc/passat_automatique_diwana--à_vendre,No,Not tagged
www.avito.ma/fr/maroc/poids_3_kg--à_vendre,No,Not tagged
www.avito.ma/fr/maroc/produits_de_beaute/3_made--à_vendre,No,Not tagged
www.avito.ma/fr/maroc/regulateur_y--à_vendre,No,Not tagged
www.avito.ma/fr/maroc/savon_vaisselle--à_vendre,No,Not tagged
www.avito.ma/fr/maroc/services/apple_tv--à_vendre,No,Not tagged
www.avito.ma/fr/maroc/travaille_pour--à_vendre,No,Not tagged
www.avito.ma/fr/maroc/téléphones/4400--à_vendre,No,Not tagged
www.avito.ma/fr/maroc/z_1000_2015--à_vendre,No,Not tagged
www.avito.ma/fr/maroc/حلوف--à_vendre,No,Not tagged
www.avito.ma/fr/maroc/هونضة--à_vendre,No,Not tagged
www.avito.ma/fr/marrakech/afficheur_iphone_5c--à_vendre,No,Not tagged
www.avito.ma/fr/marrakech/animaux/de_50_avec--à_vendre,No,Not tagged
www.avito.ma/fr/marrakech/appareils_photo_cameras/bon_état_a--à_vendre,No,Not tagged
www.avito.ma/fr/marrakech/appartement_2_façades--demandes,No,Not tagged
www.avito.ma/fr/marrakech/hay_charaf/entreprises-à_vendre,No,Not tagged
www.avito.ma/fr/marrakech/majorelle/appartements/Appartement_de_standing_,No,Not tagged
www.avito.ma/fr/marrakech/services/plâtre--à_vendre,No,Not tagged
www.avito.ma/fr/martil/vans_original--à_vendre,No,Not tagged
www.avito.ma/fr/merzouga/camions/camion_mitsubishi--à_vendre,No,Not tagged
www.avito.ma/fr/mimosas/appartements/Appartement_meublé_à_louer_à_MIMOSAS__Kénitra_54637600.htm,No,Not tagged
www.avito.ma/fr/mimosas/jeux_vidéo_et_consoles/Nintendo_Switch_Comme_Neuf_Plein_De_Jeux_55124153.htm,No,Not tagged
www.avito.ma/fr/mohammedia/nassim/pour_la_maison_et_jardin--à_vendre,No,Not tagged
www.avito.ma/fr/oasis/equipements_pour_enfant_et_bébé/Lit_bébé_60x120cm_53182804.htm,No,Not tagged
www.avito.ma/fr/ouarzazate/essence_palio--à_vendre,No,Not tagged
www.avito.ma/fr/oujda/hay_el_qods/immobilier/louer_a_oujda,No,Not tagged
www.avito.ma/fr/oujda/ordinateurs_bureau/d_link--à_vendre,No,Not tagged
www.avito.ma/fr/oujda/park/locations_de_vacances/o_1,No,Not tagged
www.avito.ma/fr/oujda/samsung_pro--à_vendre,No,Not tagged
www.avito.ma/fr/oujda/villa_2_façades,No,Not tagged
www.avito.ma/fr/oulad_zidane/femme_de_menage_nounou_chauffeurs--à_vendre,No,Not tagged
www.avito.ma/fr/rabat/accessoires_informatique_et_gadgets/telephone_fixe--à_vendre,No,Not tagged
www.avito.ma/fr/rabat/ale--à_vendre,No,Not tagged
www.avito.ma/fr/rabat/art_et_collections/billet_50_dh--à_vendre,No,Not tagged
www.avito.ma/fr/rabat/audio_et_hi_fi/airpods__52776627.htm,No,Not tagged
www.avito.ma/fr/rabat/lincoln--à_vendre,No,Not tagged
www.avito.ma/fr/rabat/magasins_et_commerces/60_à_casablanca--à_vendre,No,Not tagged
www.avito.ma/fr/rabat/motos/leonardo_250--à_vendre,No,Not tagged
www.avito.ma/fr/rabat/nespresso_à_café--à_vendre,No,Not tagged
www.avito.ma/fr/riad_toulal/animaux/niche_de_chien_54724137.htm,No,Not tagged
www.avito.ma/fr/rommani/pcs--à_vendre,No,Not tagged
www.avito.ma/fr/sahel_chamali/meubles_et_décoration-à_vendre,No,Not tagged
www.avito.ma/fr/salé/matériels_professionnels/Banquette_D_attente_Prix_Revendeur_hss_Salé_54671597.htm,No,Not tagged
www.avito.ma/fr/sidi_abdellah/local_à_louer/RDC_et_sous_sol_à_louer_à_Salé_53495887.htm,No,Not tagged
www.avito.ma/fr/sidi_bennour/engins_agricole/en_bon_etat--à_vendre,No,Not tagged
www.avito.ma/fr/sidi_bouzid/locations_de_vacances/Résidence_à_sidi_bouzid_53375171.htm,No,Not tagged
www.avito.ma/fr/sidi_kacem/business_et_affaire_commerciale-à_vendre,No,Not tagged
www.avito.ma/fr/sidi_kacem/des_commerciaux--à_vendre,No,Not tagged
www.avito.ma/fr/sidi_maarouf/magasins__commerces_et_locaux_industriels/local_pour_SUPÉRETTE__54640404.htm,No,Not tagged
www.avito.ma/fr/sidi_maarouf/voitures_d'occasion/Skoda_Fabia_Essence_Manuelle_2017_à_Casablanca_54332355.htm,No,Not tagged
www.avito.ma/fr/sidi_moumen/jeux_vidéo_et_consoles/PS4_avec_des_jeux_53286485.htm,No,Not tagged
www.avito.ma/fr/sidi_moussa_el_majdoub/corset--à_vendre,No,Not tagged
www.avito.ma/fr/sidi_rahal/appartements/Appartement_à_vendre_71_m²_à_Sidi_Rahal_54550581.htm,No,Not tagged
www.avito.ma/fr/souk_el_arbaa/terrains_et_fermes/bo93a_ardiya--à_vendre,No,Not tagged
www.avito.ma/fr/tamesna/apparetement_vendre--à_vendre,No,Not tagged
www.avito.ma/fr/tanger/bouchtaabdelatif/véhicules_autres-à_vendre,No,Not tagged
www.avito.ma/fr/tanger/camions/6_pour--à_vendre,No,Not tagged
www.avito.ma/fr/tanger/charaf/meubles_et_décoration-à_vendre,No,Not tagged
www.avito.ma/fr/tanger/chaussures/*ha--à_vendre,No,Not tagged
www.avito.ma/fr/tanger/maire_de--à_vendre,No,Not tagged
www.avito.ma/fr/tanger/mister_khouch/emploi_et_services--à_vendre,No,Not tagged
www.avito.ma/fr/tanger/pour_aerox,No,Not tagged
www.avito.ma/fr/tanger/ptc--à_vendre,No,Not tagged
www.avito.ma/fr/tanger/sidi_abdellah/femme_de_menage_nounou_chauffeurs-à_vendre,No,Not tagged
www.avito.ma/fr/tanger/terrain_constructible_urbain--à_vendre,No,Not tagged
www.avito.ma/fr/tanger/terrains_et_fermes/100_m2_façade--à_vendre,No,Not tagged
www.avito.ma/fr/tanger/tv_smart_43--à_vendre,No,Not tagged
www.avito.ma/fr/temara/abbadi/appartements/appartement_a_louer,No,Not tagged
www.avito.ma/fr/temara/harley_davidson_forty--à_vendre,No,Not tagged
www.avito.ma/fr/yacoub_el_mansour/accessoires_informatique_et_gadgets/Chargeur_PC_Portable_Original_LENOVO_20V3_25A_65W_50215231.htm,No,Not tagged
www.avito.ma/fr/youssoufia/accessoires_repas/tire_lait__53114886.htm,No,Not tagged
www.avito.ma/fr/zemamra/terrains_et_fermes/terrain_agricole--à_vendre,No,Not tagged
www.avito.ma/fr/zone_industrielle/magasins__commerces_et_locaux_industriels/Hangar_250m_à_Mohammedia__8_55096789.htm,No,Not tagged
www.avito.ma/sp/immobilier/villa-a-rima,No,Not tagged
www.avito.ma/ar/2_مارس/ألعاب_الفيديو/PS5_Call_of_Duty_MW2__53334014.htm,No,Not tagged
www.avito.ma/ar/2_مارس/درجات_نارية/Piaggio_liberty_53244498.htm,No,Not tagged
www.avito.ma/ar/2_مارس/هواتف/Les_iPhone_11_officiel_64_l_état_neuf__54665923.htm,No,Not tagged
www.avito.ma/ar/أحد_بوحسوسن/الأثاثـوـالديكور-للبيع,No,Not tagged
www.avito.ma/ar/أكادير/حي_آخر/للبيع,No,Not tagged
www.avito.ma/ar/اسفي/fiat_palio_bon--للبيع,No,Not tagged
www.avito.ma/ar/اسفي/laayoun/آخر--ﺕﺮﻳﺩ_ﺵﺭﺍﺀ,No,Not tagged
www.avito.ma/ar/اسفي/tripod--للبيع,No,Not tagged
www.avito.ma/ar/الحسنية_1/دار_أو_ڨيلا/Maison_à_vendre_54432582.htm,No,Not tagged
www.avito.ma/ar/الحسيمة/chien_de_chasse--للبيع,No,Not tagged
www.avito.ma/ar/الحسيمة/حيوانات_أليفة/perruche--للبيع,No,Not tagged
www.avito.ma/ar/الحي_الإداري/معدات_مهنية/la_machine_de_gazon_WFR27_54157144.htm,No,Not tagged
www.avito.ma/ar/الدار_البيضاء/algues--للبيع,No,Not tagged
www.avito.ma/ar/الدار_البيضاء/casque_music_bluetooth--للبيع,No,Not tagged
www.avito.ma/ar/الدار_البيضاء/chambre_centre_ville--للبيع,No,Not tagged
www.avito.ma/ar/الدار_البيضاء/coffin--للبيع,No,Not tagged
www.avito.ma/ar/الدار_البيضاء/moissonneuse_batteuse_deutz--للبيع,No,Not tagged
www.avito.ma/ar/الدار_البيضاء/montre_mecanique--للبيع,No,Not tagged
www.avito.ma/ar/الدار_البيضاء/volkswagen_polo_2008--للبيع,No,Not tagged
www.avito.ma/ar/الدار_البيضاء/دراجات_نارية/vente_livraison--للبيع,No,Not tagged
www.avito.ma/ar/الدار_البيضاء/دكاكين_محلات_تجارية/24_24h--للبيع,No,Not tagged
www.avito.ma/ar/الدار_البيضاء/في_الفرنسي--للبيع,No,Not tagged
www.avito.ma/ar/الدار_البيضاء/قطعـالغيارـلوسائلـالنقل/sh--للبيع,No,Not tagged
www.avito.ma/ar/الدار_البيضاء/ﻒﻧ_ﻮﺘﺤﻓ/هدية--للبيع,No,Not tagged
www.avito.ma/ar/الرباط/audi_q5_2013,No,Not tagged
www.avito.ma/ar/الرباط/classe_250,No,Not tagged
www.avito.ma/ar/الرباط/برطما_شقة/de_150_m2,No,Not tagged
www.avito.ma/ar/الرباط/موسيقى_وآلات/rode_nt1--للبيع,No,Not tagged
www.avito.ma/ar/السويسي/سيارات_مستعملة/Jeep_grand_Cherokee__54773645.htm,No,Not tagged
www.avito.ma/ar/القصيبة/ahlane/الأثاثـوـالديكور-للبيع,No,Not tagged
www.avito.ma/ar/القنيطرة/أولاد_أوجيه/للبيع,No,Not tagged
www.avito.ma/ar/القنيطرة/ديور_صنياك/سيارات/voitures_kia--للبيع,No,Not tagged
www.avito.ma/ar/القنيطرة/كمبيوترـمنزلي/l--للبيع,No,Not tagged
www.avito.ma/ar/المسيرة/ألعاب_الفيديو/PS_VR__53941904.htm,No,Not tagged
www.avito.ma/ar/المصلى/أجهزة_صوتية_عالية_الدقة/Casque_jabra_Envole_20_55069585.htm,No,Not tagged
www.avito.ma/ar/المعاريف/ملابس/Jean_Diesel_taille_31_pour_homme_en_très_bon_état_53345906.htm,No,Not tagged
www.avito.ma/ar/المعاريف/منازل_للعطلة/Studios_de_lux_ensoleillée_cours_durée__41561610.htm,No,Not tagged
www.avito.ma/ar/المغرب/disque_dur_externe_4to--للبيع,No,Not tagged
www.avito.ma/ar/المغرب/location_villa_piscine_agadir--للبيع,No,Not tagged
www.avito.ma/ar/المغرب/nikon_d3200_plus--للبيع,No,Not tagged
www.avito.ma/ar/المغرب/s_quatro--للبيع,No,Not tagged
www.avito.ma/ar/المغرب/table_de_nuits--للبيع,No,Not tagged
www.avito.ma/ar/المغرب/الأثاثـوـالديكور/wsada--للبيع,No,Not tagged
www.avito.ma/ar/المغرب/برطما_شقة/fe_tanger,No,Not tagged
www.avito.ma/ar/المغرب/خدمات/isolation_acoustique--للبيع,No,Not tagged
www.avito.ma/ar/المغرب/خدمات/luxe--للبيع,No,Not tagged
www.avito.ma/ar/المغرب/رهن_فيلا--للبيع,No,Not tagged
www.avito.ma/ar/المغرب/طابليط/wifi_jamais--للبيع,No,Not tagged
www.avito.ma/ar/المغرب/معدات_مهنية/machine_acoudre--للبيع,No,Not tagged
www.avito.ma/ar/المغرب/معدات_مهنية/à_2_chambres--للبيع,No,Not tagged
www.avito.ma/ar/المغرب/موسيقى_وآلات/origin--للبيع,No,Not tagged
www.avito.ma/ar/المغرب/وسائل_النقل/mercedes_207_model--للبيع,No,Not tagged
www.avito.ma/ar/الولفة/شقق/Appartement_à_vendre_78_m²_à_Casablanca_55119492.htm,No,Not tagged
www.avito.ma/ar/الوليدية/حقائبـوـأكسسوارات-للبيع,No,Not tagged
www.avito.ma/ar/برشيد/شاحنات/pickup_nissan--للبيع,No,Not tagged
www.avito.ma/ar/بلفدير/سفر_و_تذاكر/Tickets_Demi_Finale_Maroc___Mali___CAN_U23_53248835.htm,No,Not tagged
www.avito.ma/ar/بن_كرير/سيارات/affaires--للبيع,No,Not tagged
www.avito.ma/ar/بوركان/الأثاث_والديكور/Bureau_à_vendre_53606531.htm,No,Not tagged
www.avito.ma/ar/بورنازيل/تجارة_وأعمال_تجارية/Cession_d_un_cabinet_médical__54119412.htm,No,Not tagged
www.avito.ma/ar/بوسكورة/samsung_5_32gb--للبيع,No,Not tagged
www.avito.ma/ar/بولو/هوايات_ورياضة/velo_cardio_decathlon_neuf_54896386.htm,No,Not tagged
www.avito.ma/ar/بير_الرامي/آخر/ارض_للبيع_ببئر_الرامي_الشرقية_القنيطرة_53458808.htm,No,Not tagged
www.avito.ma/ar/تازة/موسيقى_وآلات/musique_piano--للبيع,No,Not tagged
www.avito.ma/ar/تتيلة/الأثاث_والديكور/Salle_à_manger__53664871.htm,No,Not tagged
www.avito.ma/ar/جوهر/معدات_أخرى/_أثاث_مكتب_مستورد_عالي_الجودة_53999267.htm,No,Not tagged
www.avito.ma/ar/حد_السوالم/fauteuille--للبيع,No,Not tagged
www.avito.ma/ar/حسان/هواتف/poco_m4_pro__54425847.htm,No,Not tagged
www.avito.ma/ar/حمرية/تجديد،_بريكولاج_و_إصلاحات_منزلية/plombier_général__54024227.htm,No,Not tagged
www.avito.ma/ar/حنصلة/معدات_مهنية/اصنع_رفوف_ا_تتناسب_مع_احتياجاتك__54746659.htm,No,Not tagged
www.avito.ma/ar/حي_آخر/بقع_و_مزارع_للكراء/terrain_titre_1125m_a_gdir_defla__55008914.htm,No,Not tagged
www.avito.ma/ar/حي_آخر/درجات_نارية/MOTOS_DOKKER_54596679.htm,No,Not tagged
www.avito.ma/ar/حي_آخر/شقق/شقة_مضيئة_80م²___55022566.htm,No,Not tagged
www.avito.ma/ar/حي_آخر/صوت_وصورة/Rabat_radio_sghir_m3a_cable_de_chargeur_53712108.htm,No,Not tagged
www.avito.ma/ar/حي_آخر/معدات_المكتب/mobilier_de_bureau_prix_grossiste_kss_54742293.htm,No,Not tagged
www.avito.ma/ar/حي_آخر/هواتف/SAMSUNG_NOTE_10_256G_54699711.htm,No,Not tagged
www.avito.ma/ar/حي_الحسني/هواتف/One_plus_8_pro__54166191.htm,No,Not tagged
www.avito.ma/ar/حي_القدس/الأثاث/Canapé_élévateur_53205465.htm,No,Not tagged
www.avito.ma/ar/حي_داخلة/شقق/Vente_appartement_meublé__53083973.htm,No,Not tagged
www.avito.ma/ar/حي_شماعو/معدات_رياضية/trotinette__53883397.htm,No,Not tagged
www.avito.ma/ar/ديور_المخزن/حقائب_وأكسسوارات/صاك__للبيع_55010430.htm,No,Not tagged
www.avito.ma/ar/سطات/معدات_مهنية/partner--للبيع,No,Not tagged
www.avito.ma/ar/سلا/pattern--للبيع,No,Not tagged
www.avito.ma/ar/سلا_الجديدة/اكسسوارات_الكمبيوتر_والأجهزة/DISQUE_DUR_SAS_300GB_6G_10K_POUR_LES_SERVEUR_RAK_53591992.htm,No,Not tagged
www.avito.ma/ar/سيدي_برنوصي/درجات_نارية/2017_Yamaha_ymax_250_cc_54561570.htm,No,Not tagged
www.avito.ma/ar/سيدي_برنوصي/شقق/شقة_مجهزة_بالكامل_و_مفروشة_للبيع_بأناسي_Anassi__53474497.htm,No,Not tagged
www.avito.ma/ar/سيدي_رحال/منازل_للعطلة/Apparemment_à_louer_à_sidi_rahal__49942092.htm,No,Not tagged
www.avito.ma/ar/طريق_الدار_البيضاء/معدات_مهنية/Centrale_à_béton_47212052.htm,No,Not tagged
www.avito.ma/ar/طريق_عين_شقف/شقق/Appartement_à_vendre_85_m²_à_Fès_54006458.htm,No,Not tagged
www.avito.ma/ar/طريق_ورزازات/حيوانات_أليفة/Female_Spitz_Pomeranian__54922978.htm,No,Not tagged
www.avito.ma/ar/طريق_ورزازات/شقق/Maison_à_vendre_à_Marrakech_52933968.htm,No,Not tagged
www.avito.ma/ar/طنجة/de_terrain--للبيع,No,Not tagged
www.avito.ma/ar/طنجة/mercedes_glk--للبيع,No,Not tagged
www.avito.ma/ar/طنجة/turbo_jetta--للبيع,No,Not tagged
www.avito.ma/ar/طنجة/صوت_وصورة/de_watts--للبيع,No,Not tagged
www.avito.ma/ar/عامر_السفلية/jawhar/بقعـوـمزارع-للبيع,No,Not tagged
www.avito.ma/ar/عين_السبع/بقع_و_مزارع_للكراء/terrain_a_vendre_54645868.htm,No,Not tagged
www.avito.ma/ar/عين_السبع/طابليط/Tableau_interactif_interwriter_dualboard__54833439.htm,No,Not tagged
www.avito.ma/ar/عين_السبع/معدات_أخرى/Film_Étirable_Pour_Emballage_De_Palettes_Coulées_54571461.htm,No,Not tagged
www.avito.ma/ar/عين_الشق/معدات_أخرى/RAYONNAGE_ECONOMIQUE__53653552.htm,No,Not tagged
www.avito.ma/ar/عين_الشق/هوايات_ورياضة/barre_fixe__53231683.htm,No,Not tagged
www.avito.ma/ar/عين_عمير/سيارات_مستعملة/Chrysler_Pacifica_Diesel_Automatique_2021_à_Fès_55031978.htm,No,Not tagged
www.avito.ma/ar/عين_عودة/مرس_سلطان/هواياتـوـرياضة-للبيع,No,Not tagged
www.avito.ma/ar/عين_هرون/معدات_مهنية/les_BV__chiller_de_eau_VG28_54204681.htm,No,Not tagged
www.avito.ma/ar/فاس/beard--للبيع,No,Not tagged
www.avito.ma/ar/فال_فلوري/تجهيزات_للأطفال_و_الرُضَّع/Berceau_d_acajou_pour_bébé_en_bonne_état_53853762.htm,No,Not tagged
www.avito.ma/ar/قلعة_السراغنة/سيارات_مستعملة/Citroen_Berlingo_Diesel_Manuelle_2003_54785220.htm,No,Not tagged
www.avito.ma/ar/قلعة_السراغنة/سيارات_مستعملة/DACIA_LOGAN_53240755.htm,No,Not tagged
www.avito.ma/ar/كالفورنيا/شقق/Appartement_à_vendre__54050265.htm,No,Not tagged
www.avito.ma/ar/مراكش/الأثاثـوـالديكور/sommier_et_de--للبيع,No,Not tagged
www.avito.ma/ar/مراكش/دراجات/vélo_Scott_à_vendre__52935566.htm,No,Not tagged
www.avito.ma/ar/مرتيل/ملبس/sarwal--للبيع,No,Not tagged
www.avito.ma/ar/مرتيل/منازل_للعطلة/appartement_de_luxe_capo_negro_avec_pissin_55132771.htm,No,Not tagged
www.avito.ma/ar/مكناس/j5_6_samsung--للبيع,No,Not tagged
www.avito.ma/ar/مكناس/storia--للبيع,No,Not tagged
www.avito.ma/ar/ملاباطة/معدات_رياضية/velo_elliptique_domyos_520_54595827.htm,No,Not tagged
www.avito.ma/ar/ميدلت/هواتف/Huawei_Y8p_2020_pochette_53275447.htm,No,Not tagged
www.avito.ma/ar/نرجيس/تجهيزات_للأطفال_و_الرُضَّع/سيارة_أطفال_54843233.htm,No,Not tagged
www.avito.ma/ar/واد_لاو/شاحنات/chauffeur_de--للبيع,No,Not tagged
www.avito.ma/ar/وازيس/حقائب_وأكسسوارات/Sac_à_langer_et_coussin_d_allaitement__53176840.htm,No,Not tagged
www.avito.ma/ar/وجدة/ملابسـللأطفالـوـالرٌدع/ملابس_تركية--للبيع,No,Not tagged
www.avito.ma/ar/وسط_المدينة/آلات_تصوير_و_كاميرات/Stylo_Camera_Full_HD_Audio_Photo_Video_1080P_64Go_55067295.htm,No,Not tagged
www.avito.ma/ar/وسط_المدينة/محلات_للكراء/salon_de_coiffure_à_louer__53291296.htm,No,Not tagged
www.avito.ma/ar/يعقوب_المنصور/سيارات_مستعملة/Maserati_ghibli_pack_sq4__54865803.htm,No,Not tagged
www.avito.ma/auto/neuf/bmw/série-2/225da-avantage/,No,Not tagged
www.avito.ma/auto/neuf/fiat/bravo/,No,Not tagged
www.avito.ma/auto/neuf/renault/zoe/,No,Not tagged
www.avito.ma/fr/2_mars/meubles_et_décoration/Bureaux_professionnels_1_20__avec_caison__54192647.htm,No,Not tagged
www.avito.ma/fr/abi_horaira/autre_matériel_professionel/imapct_outile_pour_drill_53960459.htm,No,Not tagged
www.avito.ma/fr/abouab_sala/meubles_et_décoration/زربية_مليحة_54811360.htm,No,Not tagged
www.avito.ma/fr/agadir/ennahda/véhicules_professionnels--à_vendre,No,Not tagged
www.avito.ma/fr/agadir/peinture_et_décoration--à_vendre,No,Not tagged
www.avito.ma/fr/agdal/matériels_professionnels/Bureau_Bench_Sur_Mesure_6635314444_Aa_Aa_Agdaal_54716858.htm,No,Not tagged
www.avito.ma/fr/ain_leuh/الأثاث_والديكور--à_vendre,No,Not tagged
www.avito.ma/fr/ain_sebaa/autre_matériel_professionel/Vente_vestiaire_métallique_haute_qualité_aa_54412341.htm,No,Not tagged
www.avito.ma/fr/ain_sebaa/voitures_d'occasion/Touareg_diesel_2011_53964127.htm,No,Not tagged
www.avito.ma/fr/al_batha/autre_matériel_professionel/Plaqueise_de_chant_53610823.htm,No,Not tagged
www.avito.ma/fr/al_hoceima/immobilier/garsoniere--à_vendre,No,Not tagged
www.avito.ma/fr/al_hociema/n--à_vendre,No,Not tagged
www.avito.ma/fr/al_kodia/voitures_d'occasion/Golf_6_Dedoiner_2013_54718222.htm,No,Not tagged
www.avito.ma/fr/autre_secteur/appartements/Vente_Appt_à_Casablanca_Californie_de_274_m²_____54687780.htm,No,Not tagged
www.avito.ma/fr/autre_secteur/autre_matériel_professionel/chaine_porte_cable_cnc__54509434.htm,No,Not tagged
www.avito.ma/fr/aïn_borja/autre_matériel_professionel/اعلان_بيع_كنوطوات_صنع_محالي__53839333.htm,No,Not tagged
www.avito.ma/fr/ben_guerir/ipad--à_vendre,No,Not tagged
www.avito.ma/fr/ben_m'sick/meubles_et_décoration/ماريو_مستعمل_كبير_وصحيح__54784906.htm,No,Not tagged
www.avito.ma/fr/berkane/table_basse_salon,No,Not tagged
www.avito.ma/fr/berkane/velo_avendre--à_vendre,No,Not tagged
www.avito.ma/fr/berrechid/téléphones/Huawei_Nova_5T_duos_8Go_128Go_48Mpx_neuf__54881409.htm,No,Not tagged
www.avito.ma/fr/biougra/camions/d--à_vendre,No,Not tagged
www.avito.ma/fr/biyada/appartements/Appartement_à_vendre_97_m²_à_El_Jadida_53072391.htm,No,Not tagged
www.avito.ma/fr/bourgogne/meubles_et_décoration/Salle_à_manger__54339216.htm,No,Not tagged
www.avito.ma/fr/bousselham/camions/ford--à_vendre,No,Not tagged
www.avito.ma/fr/boutiques/settat/fenetre_en_aluminium--à_vendre,No,Not tagged
www.avito.ma/fr/casablanca/adidas_prix--à_vendre,No,Not tagged
www.avito.ma/fr/casablanca/appartements/rez_jardin_casablanca,No,Not tagged
www.avito.ma/fr/casablanca/aqua_parc--à_vendre,No,Not tagged
www.avito.ma/fr/casablanca/de_terrine--à_vendre,No,Not tagged
www.avito.ma/fr/casablanca/location_azli--à_vendre,No,Not tagged
www.avito.ma/fr/casablanca/maison_village--à_vendre,No,Not tagged
www.avito.ma/fr/casablanca/meubles_et_décoration/fabrication_de_salon--à_vendre,No,Not tagged
www.avito.ma/fr/casablanca/offre_stage--à_vendre,No,Not tagged
www.avito.ma/fr/casablanca/pioneer_cdj_1000--à_vendre,No,Not tagged
www.avito.ma/fr/casablanca/pogo--à_vendre,No,Not tagged
www.avito.ma/fr/casablanca/portable_lenovo_i5--à_vendre,No,Not tagged
www.avito.ma/fr/casablanca/services/r..--à_vendre,No,Not tagged
www.avito.ma/fr/casablanca/téléphones/Vivo_y21__53040183.htm,No,Not tagged
www.avito.ma/fr/centre/autre_équipement_pour_bébé_et_enfant/voiture_électrique_pour_les_enfants__53471164.htm,No,Not tagged
www.avito.ma/fr/centre/locations_de_vacances/شقة_قرب_البحر_صورة_حقيقين_طابق_أول__54519704.htm,No,Not tagged
www.avito.ma/fr/centre/matériels_professionnels/Chaise_président_confortable_bonne_qualité_54231935.htm,No,Not tagged
www.avito.ma/fr/centre/ordinateurs_portables/Hp_Elitebook_840_G5_Core_i5_8350U_8Go_256_Go_SSD_54759273.htm,No,Not tagged
www.avito.ma/fr/centre/voitures_d'occasion/MERCEDES_BENZ_C200_54955020.htm,No,Not tagged
www.avito.ma/fr/centre_ville/autre_matériel_professionel/table_réunion_de_fabrication_local_53550399.htm,No,Not tagged
www.avito.ma/fr/centre_ville/chauffeur__déménagement__transport_de_marchandise/Doudiat_marrakech_54795923.htm,No,Not tagged
www.avito.ma/fr/chefchaouen/voitures_d'occasion/داصيا_لوغان_2018_55126477.htm,No,Not tagged
www.avito.ma/fr/cité_adrar/jeux_vidéo_et_consoles/The_Last_Of_Us_Part_II_53537648.htm,No,Not tagged
www.avito.ma/fr/dakhla/golf_6_gt--à_vendre,No,Not tagged
www.avito.ma/fr/dar_mehrez/meubles_et_décoration/Paravent_Purule_Balls_II_54817541.htm,No,Not tagged
www.avito.ma/fr/derb_askar/autre_matériel_professionel/a_fibbbber_cnc_2kw_54114833.htm,No,Not tagged
www.avito.ma/fr/el_hajeb/equipements_pour_enfant/pour_kitea--à_vendre,No,Not tagged
www.avito.ma/fr/el_hajeb/petite_ferme--à_vendre,No,Not tagged
www.avito.ma/fr/el_houda/appartements/حي_سكني_قريب_لجميع_المرافق_الضرورية_للسكن_المريح_54686548.htm,No,Not tagged
www.avito.ma/fr/el_jadida/appartements/de_bir_anzarane,No,Not tagged
www.avito.ma/fr/el_jadida/honda_1800--à_vendre,No,Not tagged
www.avito.ma/fr/el_jadida/metaa--à_vendre,No,Not tagged
www.avito.ma/fr/el_maader_el_kabir/instruments_de_musique/tourne--à_vendre,No,Not tagged
www.avito.ma/fr/errachidia/samsung_refrigerateur--à_vendre,No,Not tagged
www.avito.ma/fr/essaouira/vetements/femme_de_sur--à_vendre,No,Not tagged
www.avito.ma/fr/guéliz/locations_de_vacances/Studio_idéalement_place__54750801.htm,No,Not tagged
www.avito.ma/fr/guéliz/locations_de_vacances/appart_a_location_de_vacvances_54605370.htm,No,Not tagged
www.avito.ma/fr/had_soualem/fiat_uno_2004--à_vendre,No,Not tagged
www.avito.ma/fr/hamria/locations_de_vacances/_حمرية_شقة_كاميرا__54820462.htm,No,Not tagged
www.avito.ma/fr/hassan/voyages_et_billetterie/billets_SCH_a_vendre_55133427.htm,No,Not tagged
www.avito.ma/fr/hay_boudir/image_&_son/MASTER_2_Support_haut_parleurs_pro_pour_enceintes__54199323.htm,No,Not tagged
www.avito.ma/fr/hay_chmaou/appartements/appartement_propre_bien_placé__54772677.htm,No,Not tagged
www.avito.ma/fr/hay_hana/meubles_et_décoration/Vase_Chinois_Traditionnel_54796836.htm,No,Not tagged
www.avito.ma/fr/hay_riad/jeux_vidéo_et_consoles/Manette_PS5_Cobalt_Blue_neuve_54696256.htm,No,Not tagged
www.avito.ma/fr/hay_salam/electroménager_et_vaisselles/شواية_بالفخار__الحجم_الكبير_54837249.htm,No,Not tagged
www.avito.ma/fr/hivernage/bateaux/Jet_ski_kawasaki_ultra_310__54651267.htm,No,Not tagged
www.avito.ma/fr/imouzzer_kendar/voitures_d'occasion/سيارة_ستروين_للبيع_54787624.htm,No,Not tagged
www.avito.ma/fr/inzegan/mania/appartements-à_vendre,No,Not tagged
www.avito.ma/fr/khemisset/f=p--à_vendre,No,Not tagged
www.avito.ma/fr/khmis_ksiba/femme_de_menage_nounou_chauffeurs-à_vendre,No,Not tagged
www.avito.ma/fr/khouribga/animaux/petite_femelle_berger_almant__53720388.htm,No,Not tagged
www.avito.ma/fr/kénitra/sidi_moussa/à_vendre,No,Not tagged
www.avito.ma/fr/lallamaryem/matériels_professionnels/fiber_laser_de_3000w_54568952.htm,No,Not tagged
www.avito.ma/fr/maarif/téléphones/Samsung_A54_5G_128gb__54664116.htm,No,Not tagged
www.avito.ma/fr/maroc/50_m2_safi--à_vendre,No,Not tagged
www.avito.ma/fr/maroc/adaptateur_usb_hdmi__,No,Not tagged
www.avito.ma/fr/maroc/animaux/fixer--à_vendre,No,Not tagged
www.avito.ma/fr/maroc/appartements/de_boxe,No,Not tagged
www.avito.ma/fr/maroc/appartements/villa_sécurisé,No,Not tagged
www.avito.ma/fr/maroc/assistance_technique--à_vendre,No,Not tagged
www.avito.ma/fr/maroc/b_180_cdi--à_vendre,No,Not tagged
www.avito.ma/fr/maroc/blousons--à_vendre,No,Not tagged
www.avito.ma/fr/maroc/cuh_1216a--à_vendre,No,Not tagged
www.avito.ma/fr/maroc/d_immouzer--à_vendre,No,Not tagged
www.avito.ma/fr/maroc/diagnostic_vag--à_vendre,No,Not tagged
www.avito.ma/fr/maroc/feux_r--à_vendre,No,Not tagged
www.avito.ma/fr/maroc/hilux_4--à_vendre,No,Not tagged
www.avito.ma/fr/maroc/immobilier/appartement_golf_benslimane--à_vendre,No,Not tagged
www.avito.ma/fr/maroc/iphone_4_normal--à_vendre,No,Not tagged
www.avito.ma/fr/maroc/jeux_ps3_naruto--à_vendre,No,Not tagged
www.avito.ma/fr/maroc/jeux_vidéo_et_consoles/de_pour_manette--à_vendre,No,Not tagged
www.avito.ma/fr/maroc/jeux_vidéo_et_consoles/ri--à_vendre,No,Not tagged
www.avito.ma/fr/maroc/lm35--à_vendre,No,Not tagged
www.avito.ma/fr/maroc/location_des_caftans--à_vendre,No,Not tagged
www.avito.ma/fr/maroc/mad_in_en--à_vendre,No,Not tagged
www.avito.ma/fr/maroc/matériels_professionnels/x_z--à_vendre,No,Not tagged
www.avito.ma/fr/maroc/meubles_et_décoration/la_plus--à_vendre,No,Not tagged
www.avito.ma/fr/maroc/meubles_et_décoration/الثلاجة--à_vendre,No,Not tagged
www.avito.ma/fr/maroc/mortal_kombat_xl--à_vendre,No,Not tagged
www.avito.ma/fr/maroc/note_3_pro--à_vendre,No,Not tagged
www.avito.ma/fr/maroc/offres_de_emploi/en_comptable--à_vendre,No,Not tagged
www.avito.ma/fr/maroc/ordinateurs_portables/clavier_mac_13--à_vendre,No,Not tagged
www.avito.ma/fr/maroc/ordinateurs_portables/gg--à_vendre,No,Not tagged
www.avito.ma/fr/maroc/ordinateurs_portables/st--à_vendre,No,Not tagged
www.avito.ma/fr/maroc/parking_à_bouznika--à_vendre,No,Not tagged
www.avito.ma/fr/maroc/phares_avant_golf--à_vendre,No,Not tagged
www.avito.ma/fr/maroc/pick_master--à_vendre,No,Not tagged
www.avito.ma/fr/maroc/salon_bahja_et--à_vendre,No,Not tagged
www.avito.ma/fr/maroc/smart_hisense--à_vendre,No,Not tagged
www.avito.ma/fr/maroc/stage_de_formation--à_vendre,No,Not tagged
www.avito.ma/fr/maroc/véhicules/gps_camion--à_vendre,No,Not tagged
www.avito.ma/fr/maroc/vélos/red_en--à_vendre,No,Not tagged
www.avito.ma/fr/maroc/vélos/rs--à_vendre,No,Not tagged
www.avito.ma/fr/maroc/x_box_ultra--à_vendre,No,Not tagged
www.avito.ma/fr/maroc/ماريو_3_بيبان--à_vendre,No,Not tagged
www.avito.ma/fr/marrakech/a_riad_salam--à_vendre,No,Not tagged
www.avito.ma/fr/marrakech/akioud/magasins_et_commerces/salon_de_coiffure--à_vendre,No,Not tagged
www.avito.ma/fr/marrakech/appartements/appartement_a_sidi,No,Not tagged
www.avito.ma/fr/marrakech/av_mohammed_v/avito_entreprise--à_vendre,No,Not tagged
www.avito.ma/fr/marrakech/bab_el_khemis/renovation_bricolage_travaux_de_maison_et_jardin,No,Not tagged
www.avito.ma/fr/marrakech/bureaux_en--demandes,No,Not tagged
www.avito.ma/fr/marrakech/daoudiate/tracteur_agricole--à_vendre,No,Not tagged
www.avito.ma/fr/marrakech/meubles_et_décoration/armoire_deux_portes--à_vendre,No,Not tagged
www.avito.ma/fr/mdiq/locations_de_vacances/super_appartement_MDIQ__53102825.htm,No,Not tagged
www.avito.ma/fr/mesnana/meubles_et_décoration/salon_L_avec_tapis__54877628.htm,No,Not tagged
www.avito.ma/fr/mestegmer/cherokee--à_vendre,No,Not tagged
www.avito.ma/fr/mohammedia/business_et_affaire_commerciale/de_taxi--à_vendre,No,Not tagged
www.avito.ma/fr/mohammedia/polo_essence--à_vendre,No,Not tagged
www.avito.ma/fr/mohammedia/terrains_et_fermes/terrain_marjane--à_vendre,No,Not tagged
www.avito.ma/fr/msala/sports_et_loisirs/4_de_racket_de_tenis_avec_les_pochette__53381679.htm,No,Not tagged
www.avito.ma/fr/nador/de_voitures_peugeot--à_vendre,No,Not tagged
www.avito.ma/fr/nador/terrains_à_et_fermes--à_vendre,No,Not tagged
www.avito.ma/fr/narjis/ordinateurs_portables/victus_rtx_4060_Ryzen_5_neuf_sans_emballage__54603581.htm,No,Not tagged
www.avito.ma/fr/ouarzazate/camions/honda_haifa--à_vendre,No,Not tagged
www.avito.ma/fr/ouarzazate/stocks_et_vente_en_gros/ARMOIRE_MÉTALLIQUE__DE_OUARZAZATE_54717734.htm,No,Not tagged
www.avito.ma/fr/oued_laou/magasins_et_commerces/terrain_la--à_vendre,No,Not tagged
www.avito.ma/fr/oujda/iphone_8_et--à_vendre,No,Not tagged
www.avito.ma/fr/oujda/points_d’accès_wifi--à_vendre,No,Not tagged
www.avito.ma/fr/oujda/produits_de_beaute/vêtements--à_vendre,No,Not tagged
www.avito.ma/fr/oulad_mbarek/amara--à_vendre,No,Not tagged
www.avito.ma/fr/ouled_oujih/sports_et_loisirs/Sac_de_kickboxing__53330414.htm,No,Not tagged
www.avito.ma/fr/oulfa/appartements/Apprt_a_louer_70m2_neuf_5700dh__54448318.htm,No,Not tagged
www.avito.ma/fr/palmeraie/décoration/Paravent_5_Volets_Ornement_Oriental_Ii_Jdest_55047327.htm,No,Not tagged
www.avito.ma/fr/quartier_du_parc/accessoires_informatique_et_gadgets/CARTE_MSI_GeForce_RTX_3070_SUPRIM_X_8GB_GDDR6_50300575.htm,No,Not tagged
www.avito.ma/fr/rabat/animaux/et_maisons--à_vendre,No,Not tagged
www.avito.ma/fr/rabat/appartements/maison_2_etage,No,Not tagged
www.avito.ma/fr/rabat/bahia/meubles_et_décoration-à_vendre,No,Not tagged
www.avito.ma/fr/rabat/boites_vitesse--à_vendre,No,Not tagged
www.avito.ma/fr/rabat/importe_de_la--à_vendre,No,Not tagged
www.avito.ma/fr/rabat/objectifs_nikon--à_vendre,No,Not tagged
www.avito.ma/fr/rabat/pièces_et_accessoires_véhicules/skoda_superb--à_vendre,No,Not tagged
www.avito.ma/fr/rabat/plus_solo,No,Not tagged
www.avito.ma/fr/rabat/sophie--à_vendre,No,Not tagged
www.avito.ma/fr/rabat/voitures_d'occasion/Dacia_dokker__54807248.htm,No,Not tagged
www.avito.ma/fr/settat/ada--à_vendre,No,Not tagged
www.avito.ma/fr/settat/gaming/Xbox_360_Ba9i_n9i___54896483.htm,No,Not tagged
www.avito.ma/fr/sidi_abdellah/voitures_d'occasion/Renault_Kangoo__54953685.htm,No,Not tagged
www.avito.ma/fr/sidi_bouknadel/accessoires_informatique_et_gadgets/imprimante_brother_business_smart_53583487.htm,No,Not tagged
www.avito.ma/fr/sidi_moumen/ordinateurs_portables/Lenovo_i7_Professionnel_Disc_128_SSD__Ram_8_Go_55010877.htm,No,Not tagged
www.avito.ma/fr/sidi_yahya/chaussures/صبردينة_نايك_دوريجييين__53954030.htm,No,Not tagged
www.avito.ma/fr/tanger/embrayage_nitro--à_vendre,No,Not tagged
www.avito.ma/fr/tanger/les_bars--à_vendre,No,Not tagged
www.avito.ma/fr/tanger/mercedes_190_automatique--à_vendre,No,Not tagged
www.avito.ma/fr/tanger/ordinateurs_bureau/ba9ii--à_vendre,No,Not tagged
www.avito.ma/fr/tanger/stages/formation--à_vendre,No,Not tagged
www.avito.ma/fr/tanger/vetements/avec_haute--à_vendre,No,Not tagged
www.avito.ma/fr/tanger/vision_43--à_vendre,No,Not tagged
www.avito.ma/fr/tanger/véhicules/yamaha_nmax--à_vendre,No,Not tagged
www.avito.ma/fr/tanger/à_avenue_moulay--à_vendre,No,Not tagged
www.avito.ma/fr/tanger/رقم_14--à_vendre,No,Not tagged
www.avito.ma/fr/taza/immobilier/appartement_au,No,Not tagged
www.avito.ma/fr/temara/wifak/accessoires_informatique_et_gadgets/services_s--à_vendre,No,Not tagged
www.avito.ma/fr/tétouan/pièces_et_accessoires_véhicules/intérieur--à_vendre,No,Not tagged
www.avito.ma/fr/tétouan/sidi_al_mandri/a--à_vendre,No,Not tagged
www.avito.ma/ar/2_مارس/هواتف/Iphone_13_pro_max_53505212.htm,No,Not tagged
www.avito.ma/ar/2_مرجان/سيارات_مستعملة/Renault_clio_2006__54693871.htm,No,Not tagged
www.avito.ma/ar/agadir/حي_آخر/دكاكين،_محلات_تجارية_ومباني_صناعية-للبيع,No,Not tagged
www.avito.ma/ar/أحباس/اكسسوارات_الكمبيوتر_والأجهزة/_Logitech_MX_Master_3S__Graphite___54336895.htm,No,Not tagged
www.avito.ma/ar/أزمور/faran--للبيع,No,Not tagged
www.avito.ma/ar/أسني/ألعاب_الفيديو/acc_free_fire__53232658.htm,No,Not tagged
www.avito.ma/ar/أكدال/حقائب_وأكسسوارات/christian_dior_original_acheter_à_5000dh_54824206.htm,No,Not tagged
www.avito.ma/ar/أكدال/منازل_للعطلة/_Appartement_3_chs__court_durée_53726749.htm,No,Not tagged
www.avito.ma/ar/أمسرنات/معدات_أخرى/توربين_الهواء_العمودي_54794439.htm,No,Not tagged
www.avito.ma/ar/أولاد_أوجيه/أجهزة_إلكترونية_أخرى/pour_les_télévisions__54872566.htm,No,Not tagged
www.avito.ma/ar/ازلي/خدمات_وإصلاحات_إلكترونية/parabole_Caméra_iptv__54740426.htm,No,Not tagged
www.avito.ma/ar/اسفي/ارض_فلاحية_محفظة--للبيع,No,Not tagged
www.avito.ma/ar/اسفي/كمبيوتر_محمول/PC_portables_Toshiba__53008894.htm,No,Not tagged
www.avito.ma/ar/الجديدة/alfa_roméo_giulietta--للبيع,No,Not tagged
www.avito.ma/ar/الحسيمة/آلةـتصويرـوـكامرا/a_vendre_a--للبيع,No,Not tagged
www.avito.ma/ar/الحسيمة/دراجات_نارية/un_d--للبيع,No,Not tagged
www.avito.ma/ar/الخنك/themes--للبيع,No,Not tagged
www.avito.ma/ar/الدار_البيضاء/ferme_tnine_chtouka--للبيع,No,Not tagged
www.avito.ma/ar/الدار_البيضاء/gandoura_de--للبيع,No,Not tagged
www.avito.ma/ar/الدار_البيضاء/mayssane--للبيع,No,Not tagged
www.avito.ma/ar/الدار_البيضاء/velos_de--للبيع,No,Not tagged
www.avito.ma/ar/الدار_البيضاء/برطما_شقة/louer_bd,No,Not tagged
www.avito.ma/ar/الدار_البيضاء/تجارةـوـأعمالـتجارية/vitrine_de--للبيع,No,Not tagged
www.avito.ma/ar/الدار_البيضاء/حقائب_وأكسسوارات/Porte_feuille_Coach_Pour_Femme__53013060.htm,No,Not tagged
www.avito.ma/ar/الدار_البيضاء/هواياتـوـرياضة/les_roues--للبيع,No,Not tagged
www.avito.ma/ar/الرباط/de_mohammed_5--للبيع,No,Not tagged
www.avito.ma/ar/الرباط/fiât_punto_essence--للبيع,No,Not tagged
www.avito.ma/ar/الرباط/ﻒﻧ_ﻮﺘﺤﻓ/2002--للبيع,No,Not tagged
www.avito.ma/ar/الرحمة/شقق/appartement_a_vendre__53136400.htm,No,Not tagged
www.avito.ma/ar/السمارة/محلات_للكراء/2كراجات_للبيع_بالحي_الصناعي_السمارة_53713231.htm,No,Not tagged
www.avito.ma/ar/الصخور_السوداء/هوايات_ورياضة/Vélo_elliptique_neuf_53915078.htm,No,Not tagged
www.avito.ma/ar/العروي/طابليط/Ipad_mini__53965287.htm,No,Not tagged
www.avito.ma/ar/العطاوية/خدمات/de_sonorisation--للبيع,No,Not tagged
www.avito.ma/ar/العيون/معدات_أخرى/Rayonnage_Supérette__54508046.htm,No,Not tagged
www.avito.ma/ar/القصر_الكبير/صوت_وصورة/1000_dh--للبيع,No,Not tagged
www.avito.ma/ar/القطب_المالي_للدار_البيضاء/آلات_موسيقية_أخرى/Guitare_électrique_Yamaha_RGX_121_Z_black_à_vendre_54533363.htm,No,Not tagged
www.avito.ma/ar/القنيطرة/الحدادة/ملابس--للبيع,No,Not tagged
www.avito.ma/ar/المحاميد/هواتف/nokia_tactile_v_2022_54209821.htm,No,Not tagged
www.avito.ma/ar/المحمدية/سيارات_مستعملة/Kia_Rio__53117826.htm,No,Not tagged
www.avito.ma/ar/المغرب/9420--للبيع,No,Not tagged
www.avito.ma/ar/المغرب/a7x--للبيع,No,Not tagged
www.avito.ma/ar/المغرب/educatrice--للبيع,No,Not tagged
www.avito.ma/ar/المغرب/fujitsu_pc--للبيع,No,Not tagged
www.avito.ma/ar/المغرب/masque_moto--للبيع,No,Not tagged
www.avito.ma/ar/المغرب/samsonge--للبيع,No,Not tagged
www.avito.ma/ar/المغرب/station_d_essence--للبيع,No,Not tagged
www.avito.ma/ar/المغرب/tal--للبيع,No,Not tagged
www.avito.ma/ar/المغرب/أجهزةـالإلكترومناجيـوـالأواني/friteuse--للبيع,No,Not tagged
www.avito.ma/ar/المغرب/بقعـوـمزارع/haj_kaddour--للبيع,No,Not tagged
www.avito.ma/ar/المغرب/حقائبـوـأكسسوارات/1_bon_état--للبيع,No,Not tagged
www.avito.ma/ar/المغرب/دراجات_نارية/lu--للبيع,No,Not tagged
www.avito.ma/ar/المغرب/دراجات_نارية/piaggio_50--للبيع,No,Not tagged
www.avito.ma/ar/المغرب/شاحنات/tous--للبيع,No,Not tagged
www.avito.ma/ar/المغرب/معدات_مهنية/de_55--للبيع,No,Not tagged
www.avito.ma/ar/المنصورية/الأثاث_والديكور/Colonne_de_rangement_IKEA_en_très_bon_état__53390412.htm,No,Not tagged
www.avito.ma/ar/المنطقة_الصناعية_سيدي_غانم/معدات_مهنية/CNC_visa_bill__54150947.htm,No,Not tagged
www.avito.ma/ar/الهدى/سيارات_مستعملة/Volkswagne_Golf_8__54807579.htm,No,Not tagged
www.avito.ma/ar/الولفة/دكاكين،_محلات_تجارية_ومباني_صناعية/MAGASIN_PRÈS_DE_L_HÔPITAL_CHEIKH_KHALIFA_ET_UM6SS_51668703.htm,No,Not tagged
www.avito.ma/ar/اليوسفية/دراجات/btw--للبيع,No,Not tagged
www.avito.ma/ar/باب_بوجلود/معدات_مهنية/تخفيضات_لا_تصدق_على_جميع_مكاتب_54232926.htm,No,Not tagged
www.avito.ma/ar/باب_سبتة/سيارات_مستعملة/HYUNDAI_i30_Excellent_état___faible_kilométrage_54774165.htm,No,Not tagged
www.avito.ma/ar/بير_جديد/بقع_و_مزارع/فيرمة_تيتري_7134م_مسيجة_مع_رخصة_البناء_54006798.htm,No,Not tagged
www.avito.ma/ar/تاديغوست/309_diesel--للبيع,No,Not tagged
www.avito.ma/ar/تازة/آلات_تصوير_و_كاميرات/Camera_Canon__53512536.htm,No,Not tagged
www.avito.ma/ar/تامسنا/وصلان/الحديقة-للبيع,No,Not tagged
www.avito.ma/ar/تزنيت/السيارات--ﺕﺮﻳﺩ_ﺵﺭﺍﺀ,No,Not tagged
www.avito.ma/ar/حي_آخر/الأثاث/Console_en_bois_d_acajou_54477279.htm,No,Not tagged
www.avito.ma/ar/حي_آخر/بقع_و_مزارع_للكراء/Terrain_à_vendre__53745626.htm,No,Not tagged
www.avito.ma/ar/حي_آخر/سيارات_مستعملة/opel_astra__54853230.htm,No,Not tagged
www.avito.ma/ar/حي_آخر/معدات_مهنية/Poste_de_soudure_53335409.htm,No,Not tagged
www.avito.ma/ar/حي_آخر/مكاتب_للكراء/blateaux_bureau_à_louer_53848821.htm,No,Not tagged
www.avito.ma/ar/حي_إزدهار/سيارات_مستعملة/Renault_Fluence_54652678.htm,No,Not tagged
www.avito.ma/ar/حي_الحديقة/هواتف/واد_فاس_الحديقه__54367190.htm,No,Not tagged
www.avito.ma/ar/حي_الرياض/مكاتب/_villa_plateau_bureau_en_Location___49412119.htm,No,Not tagged
www.avito.ma/ar/حي_السلام/تجهيزات_للأطفال_و_الرُضَّع/Tire_lait_éléctrique__54771484.htm,No,Not tagged
www.avito.ma/ar/حي_المحمدي/قطع_الغيار_لوسائل_النقل/glacière_de_transport__53196450.htm,No,Not tagged
www.avito.ma/ar/حي_المحيط/اكسسوارات_الكمبيوتر_والأجهزة/IMPRIMANTE_EPSON_ECOTANK_L3210_COULEUR_A4_53838686.htm,No,Not tagged
www.avito.ma/ar/حي_المحيط/الأثاث_والديكور/Salon_canapés_53092387.htm,No,Not tagged
www.avito.ma/ar/حي_المطار/هواتف/Iphone_14_normal__54769565.htm,No,Not tagged
www.avito.ma/ar/حي_لازارت/الديكور/Tableau_Reflets_abstraits__54851798.htm,No,Not tagged
www.avito.ma/ar/سطات/أجهزةـالإلكترومناجيـوـالأواني/castre--للبيع,No,Not tagged
www.avito.ma/ar/سعيد_حجي/مكاتب_للكراء/magasin_au_bon_emplacement__52021436.htm,No,Not tagged
www.avito.ma/ar/سلا/moto_bécane--للبيع,No,Not tagged
www.avito.ma/ar/سلا/صيكان--للبيع,No,Not tagged
www.avito.ma/ar/سوق_السبت_اولاد_النمة/منتجات_التجميل,No,Not tagged
www.avito.ma/ar/سيدي_برنوصي/ألعاب_الفيديو_وأجهزة_تشغيل_أو_كونصولات/kont_hrban_pes_54874676.htm,No,Not tagged
www.avito.ma/ar/سيدي_برنوصي/الأثاث/placard_de_vétement_55130508.htm,No,Not tagged
www.avito.ma/ar/سيدي_معروف/عقار_آخر_للكراء/بارطمة_بإقامة_تيتر_للبيع_58م_بسيدي_معروف_54294953.htm,No,Not tagged
www.avito.ma/ar/سيدي_مومن/كمبيوتر_محمول/Acer_i5_Professionnel_Disc_Dur_128_SSD_Ram_8_Go_54670852.htm,No,Not tagged
www.avito.ma/ar/طنجة/residence_basma--للبيع,No,Not tagged
www.avito.ma/ar/عين_السبع/سيارات_مستعملة/Kia_Rio_2017_Diesel_très_bon_état__55121334.htm,No,Not tagged
www.avito.ma/ar/عين_السبع/مخزونات_وبيع_بالجملة/عسل_حر_طبيعي_سدر_جودة_اولى_54266902.htm,No,Not tagged
www.avito.ma/ar/عين_الشق/سيارات_مستعملة/Alfa_Romeo_Stelvio_Diesel_Automatique_2018_54778518.htm,No,Not tagged
www.avito.ma/ar/عين_دياب/سيارات_مستعملة/Alpha_Roméo_Giulietta_2_0L__54896465.htm,No,Not tagged
www.avito.ma/ar/فاس/دراجات_نارية/motos_c90--للبيع,No,Not tagged
www.avito.ma/ar/كالفورنيا/سيارات_مستعملة/Audi_A6_Diesel_Automatique_2016_à_Casablanca_51217884.htm,No,Not tagged
www.avito.ma/ar/كلميم/ملبس/†s†--للبيع,No,Not tagged
www.avito.ma/ar/كليز/ملابس/Nike_Haut_rouge_54899976.htm,No,Not tagged
www.avito.ma/ar/مراكش/outar--للبيع,No,Not tagged
www.avito.ma/ar/مراكش/toyota_rav4_automatique--للبيع,No,Not tagged
www.avito.ma/ar/مراكش/ماسار/بقعـوـمزارع/terrain--للبيع,No,Not tagged
www.avito.ma/ar/مرتيل/appartement_100_à--للبيع,No,Not tagged
www.avito.ma/ar/مرتيل/حقائبـوـأكسسوارات/...et...--للبيع,No,Not tagged
www.avito.ma/ar/مكناس/peugeot_partner_2012--للبيع,No,Not tagged
www.avito.ma/ar/مولاي_يعقوب/دراجات_نارية/machine_pour--للبيع,No,Not tagged
www.avito.ma/ar/ميدلت/reservoir--للبيع,No,Not tagged
www.avito.ma/ar/وازان/الأثاث_والديكور/زربية_كبيرة_للبيع_54724804.htm,No,Not tagged
www.avito.ma/ar/وجدة/mercedes_w213--للبيع,No,Not tagged
www.avito.ma/ar/وجدة/peugeot_306_d--للبيع,No,Not tagged
www.avito.ma/ar/وجدة/ps4_tres_bon--للبيع,No,Not tagged
www.avito.ma/ar/وسط_المدينة/اكسسوارات_الكمبيوتر_والأجهزة/Z5_Tracker_GPS_AT4_Mini_4G_53525130.htm,No,Not tagged
www.avito.ma/ar/وسط_المدينة/تجديد،_بريكولاج_و_إصلاحات_منزلية/Réparation_de_machines_à_laver__réfrigérateurs_53937043.htm,No,Not tagged
www.avito.ma/ar/وفاق/اكسسوارات_الكمبيوتر_والأجهزة/smart_watch_54424134.htm,No,Not tagged
www.avito.ma/ar/وفاق/شقق/Appartement_à_vendre_60_m²_à_wifaq_54834675.htm,No,Not tagged
www.avito.ma/auto/neuf/citroen/c4/1.6-hdi-92-i-connect-plus/,No,Not tagged
www.avito.ma/auto/neuf/dacia/logan/1.5-dci-85-ambiance-my/,No,Not tagged
www.avito.ma/auto/neuf/volkswagen/passat/2.0-tdi-140-trendline-dsg/,No,Not tagged
www.avito.ma/fr/2_mars/autres_emplois/صنف_bابحت__عن_عمل_دو_خبرة__54061557.htm,No,Not tagged
www.avito.ma/fr/abouab_sala/autre_matériel_professionel/Banquettes_55085819.htm,No,Not tagged
www.avito.ma/fr/agadir/camions/nissan_pick_up--à_vendre,No,Not tagged
www.avito.ma/fr/agadir/sloughi,No,Not tagged
www.avito.ma/fr/agadir/taddart_anza/materiel_de_bureau-à_vendre,No,Not tagged
www.avito.ma/fr/agdal/appartements/apparemment_à_loué__centre_ville__54696113.htm,No,Not tagged
www.avito.ma/fr/agdal/autre_matériel_professionel/RAYONNAGE_MI_LOURD__53457672.htm,No,Not tagged
www.avito.ma/fr/ain_sebaa/animaux_domestique/chow_chow_femelle_54883101.htm,No,Not tagged
www.avito.ma/fr/al_qods/voitures_d'occasion/jeep_presque_neuve_54975939.htm,No,Not tagged
www.avito.ma/fr/almaz/jeux_vidéo_et_consoles/Manette_filaire_Nintendo_Switch__53282419.htm,No,Not tagged
www.avito.ma/fr/ancienne_médina/animaux/قطط_للتبني_54258368.htm,No,Not tagged
www.avito.ma/fr/anfa/animaux/Chiot_American_Bully_Micro_54844250.htm,No,Not tagged
www.avito.ma/fr/autre_secteur/autre_matériel_professionel/Machines_CNC_de_découpe_laser_co2_1390_à_vendre__54460175.htm,No,Not tagged
www.avito.ma/fr/autre_secteur/locations_de_vacances/appartement_par_jour__54900834.htm,No,Not tagged
www.avito.ma/fr/autre_secteur/locations_de_vacances/شقة_مفروشة_بوسط_مدينة_اسفي_53296225.htm,No,Not tagged
www.avito.ma/fr/autre_secteur/matériels_professionnels/scie_black_decker_54146367.htm,No,Not tagged
www.avito.ma/fr/autre_secteur/sports_et_loisirs/Sac_de_frappe__Bandes_de_boxe_Gans_de_boxe_54802526.htm,No,Not tagged
www.avito.ma/fr/autre_secteur/terrains_et_fermes/بقعة_ارضية_محفضة_متيترا__53082637.htm,No,Not tagged
www.avito.ma/fr/aïn_chock/jouets/MOTO_POLICE_ÉLECTRIQUE_12V_3_Roues___55134770.htm,No,Not tagged
www.avito.ma/fr/aïn_chock/vêtements/Vêtements_à_Casablanca_53486558.htm,No,Not tagged
www.avito.ma/fr/belfaa/petite_vitrine_pour--à_vendre,No,Not tagged
www.avito.ma/fr/ben_guerir/bureaux_et_plateaux/appartement_dans_une--à_vendre,No,Not tagged
www.avito.ma/fr/ben_guerir/jeux_vidéo_et_consoles/Xbox360_fat_mflachi__54144501.htm,No,Not tagged
www.avito.ma/fr/ben_souda/appareils_photo_et_caméras/sid_lhadi_zwagha_54163907.htm,No,Not tagged
www.avito.ma/fr/berkane/jeux_vidéo_et_consoles/jeu_pour--à_vendre,No,Not tagged
www.avito.ma/fr/bouargane/téléphones/Galaxy_a54_5G_54180263.htm,No,Not tagged
www.avito.ma/fr/bouarourou/ordinateurs_portables/PC_MSI_GF63_Thin_10SC_400MA_i7_54736990.htm,No,Not tagged
www.avito.ma/fr/bouhout_1/autre_matériel_professionel/Armoires_réf_8754bjk_48930080.htm,No,Not tagged
www.avito.ma/fr/boutiques/maroc/maison_et_villa--à_vendre,No,Not tagged
www.avito.ma/fr/béni_mellal/petit_electroménager/صينية_ديال_الفضة_حرة__54215257.htm,No,Not tagged
www.avito.ma/fr/casablanca/appartements/les_jardins_de_abdelmoumen,No,Not tagged
www.avito.ma/fr/casablanca/copieurs--à_vendre,No,Not tagged
www.avito.ma/fr/casablanca/escalier_en_aluminium--à_vendre,No,Not tagged
www.avito.ma/fr/casablanca/ionic--à_vendre,No,Not tagged
www.avito.ma/fr/casablanca/la_gare/renovation_bricolage_travaux_de_maison_et_jardin,No,Not tagged
www.avito.ma/fr/casablanca/magasins_et_commerces/à_belvédère--à_vendre,No,Not tagged
www.avito.ma/fr/casablanca/motos/stunt_2012--à_vendre,No,Not tagged
www.avito.ma/fr/casablanca/pour_serigraphie--à_vendre,No,Not tagged
www.avito.ma/fr/casablanca/sidi_bernoussi/antenne_parabolique_en--à_vendre,No,Not tagged
www.avito.ma/fr/casablanca/switch_48_port--à_vendre,No,Not tagged
www.avito.ma/fr/casablanca/tamesna_belle--à_vendre,No,Not tagged
www.avito.ma/fr/casablanca/theatre--à_vendre,No,Not tagged
www.avito.ma/fr/casablanca/trepourtour,No,Not tagged
www.avito.ma/fr/casablanca/vela--à_vendre,No,Not tagged
www.avito.ma/fr/centre/téléphones/Iphone_XR_128Go_54733418.htm,No,Not tagged
www.avito.ma/fr/centre_ville/accessoires_informatique_et_gadgets/HP_ProLiant_DL380p_G8_2_E5_2609____REMIS_A_NEUF__54762699.htm,No,Not tagged
www.avito.ma/fr/centre_ville/accessoires_informatique_et_gadgets/SANTASUN_03_Montre_Caméra_Espion_8Go_Full_HD__54385134.htm,No,Not tagged
www.avito.ma/fr/centre_ville/jeux_vidéo_et_consoles/xbox_one_fat_54113076.htm,No,Not tagged
www.avito.ma/fr/chefchaouen/appartement_meublé--à_vendre,No,Not tagged
www.avito.ma/fr/chefchaouen/kia_cerato--à_vendre,No,Not tagged
www.avito.ma/fr/douar_laarab/autre_matériel_professionel/le_jus_slucheur_CWG_54755779.htm,No,Not tagged
www.avito.ma/fr/el_gara/terrain_route--à_vendre,No,Not tagged
www.avito.ma/fr/el_jadida/kangoo_diesel_d--à_vendre,No,Not tagged
www.avito.ma/fr/el_jadida/rs2--à_vendre,No,Not tagged
www.avito.ma/fr/el_mansouria/engins_agricole/de--à_vendre,No,Not tagged
www.avito.ma/fr/el_mansouria/ordinateurs_portables/ordinateur_portable_acer--à_vendre,No,Not tagged
www.avito.ma/fr/essalam/téléphones/iPhone_xs_53137153.htm,No,Not tagged
www.avito.ma/fr/essaouira/appareils_photo_et_caméras/GOPRO_HERO_12_BLACK__54458397.htm,No,Not tagged
www.avito.ma/fr/essaouira/motos/yamaha_aerox_nitro--à_vendre,No,Not tagged
www.avito.ma/fr/figuig/huawei_y--à_vendre,No,Not tagged
www.avito.ma/fr/fès/port/meubles_et_décoration-à_vendre,No,Not tagged
www.avito.ma/fr/guéliz/smartphone_et_téléphone/iPhone_15_neuf_128gb_54952672.htm,No,Not tagged
www.avito.ma/fr/hassan/téléphones/Chargeur_IPhone_Original__54729249.htm,No,Not tagged
www.avito.ma/fr/haut_founty/locations_de_vacances/Appartement_à_Agadir_53365588.htm,No,Not tagged
www.avito.ma/fr/hay_al_farah/electroménager_et_vaisselles/Lave_vaisselle_bosh_en_tres_bonne_etat_53787877.htm,No,Not tagged
www.avito.ma/fr/hay_hassani/décoration/Tableau_Running_marron_doré_54835429.htm,No,Not tagged
www.avito.ma/fr/hay_hassani/restauration_et_hôtellerie/armoire_vitre_negatif__54875325.htm,No,Not tagged
www.avito.ma/fr/hay_rahma/sports_et_loisirs/4_articles_sportifs_54694017.htm,No,Not tagged
www.avito.ma/fr/hay_riad/voitures_d'occasion/Jaguar_XE_Diesel_Automatique_2017_à_Rabat_54819517.htm,No,Not tagged
www.avito.ma/fr/hermitage/autre_matériel_professionel/bireau_de_luxe_importation__53101127.htm,No,Not tagged
www.avito.ma/fr/ifrane/business_et_affaire_commerciale/equipements--à_vendre,No,Not tagged
www.avito.ma/fr/khemisset/canon_g7_mark--à_vendre,No,Not tagged
www.avito.ma/fr/khouribga/matériels_professionnels/Spindle_cnc_2_2kw_54255889.htm,No,Not tagged
www.avito.ma/fr/kénitra/animaux/الحولي--à_vendre,No,Not tagged
www.avito.ma/fr/kénitra/massira_1/à_vendre,No,Not tagged
www.avito.ma/fr/la_colline/accessoires_informatiques/Casque_Gamer_Onikuma__53910157.htm,No,Not tagged
www.avito.ma/fr/laimoune/electroménager_et_vaisselles/Oximetr_جهاز_قياس_نسبة_الأكسجين__54777448.htm,No,Not tagged
www.avito.ma/fr/maarif/sports_et_loisirs/2_raquettes_tennis_et_squach_54846128.htm,No,Not tagged
www.avito.ma/fr/marchane/meubles_et_décoration/tableau_art_doré_dans_un_cadre_doré__tanger_54874541.htm,No,Not tagged
www.avito.ma/fr/marjane/autre_matériel_professionel/LES_Tiroirs_de_caisse_39269058.htm,No,Not tagged
www.avito.ma/fr/marjane_2/meubles_et_décoration/كراسي__Chaises__54910985.htm,No,Not tagged
www.avito.ma/fr/maroc/16gb_rom_2gb--à_vendre,No,Not tagged
www.avito.ma/fr/maroc/4_g_lte--à_vendre,No,Not tagged
www.avito.ma/fr/maroc/accessoires_informatique_et_gadgets/12v--à_vendre,No,Not tagged
www.avito.ma/fr/maroc/accessoires_informatique_et_gadgets/cache_plus--à_vendre,No,Not tagged
www.avito.ma/fr/maroc/accessoires_informatique_et_gadgets/de_dahua--à_vendre,No,Not tagged
www.avito.ma/fr/maroc/accessoires_informatique_et_gadgets/secours_batterie--à_vendre,No,Not tagged
www.avito.ma/fr/maroc/appareils_photo_cameras/original_cf--à_vendre,No,Not tagged
www.avito.ma/fr/maroc/bache_one_way--à_vendre,No,Not tagged
www.avito.ma/fr/maroc/boite_pour_argent--à_vendre,No,Not tagged
www.avito.ma/fr/maroc/camions/modele_2002--à_vendre,No,Not tagged
www.avito.ma/fr/maroc/des_maisons--demandes,No,Not tagged
www.avito.ma/fr/maroc/l_car--à_vendre,No,Not tagged
www.avito.ma/fr/maroc/meubles_et_décoration/طلامط.--à_vendre,No,Not tagged
www.avito.ma/fr/maroc/microphone_boom--à_vendre,No,Not tagged
www.avito.ma/fr/maroc/montres_et_bijoux/band--à_vendre,No,Not tagged
www.avito.ma/fr/maroc/motos/motor_à_vendre--à_vendre,No,Not tagged
www.avito.ma/fr/maroc/motos/neufs_bon--à_vendre,No,Not tagged
www.avito.ma/fr/maroc/objectif_28_70--à_vendre,No,Not tagged
www.avito.ma/fr/maroc/pinacle_serveur--à_vendre,No,Not tagged
www.avito.ma/fr/maroc/sacs_et_accessoires/الرأس--à_vendre,No,Not tagged
www.avito.ma/fr/maroc/sndok--à_vendre,No,Not tagged
www.avito.ma/fr/maroc/stocks_et_vente_en_gros/en_golf--à_vendre,No,Not tagged
www.avito.ma/fr/maroc/up_cabine,No,Not tagged
www.avito.ma/fr/maroc/vetements/tissu_prix--à_vendre,No,Not tagged
www.avito.ma/fr/maroc/visa_service--à_vendre,No,Not tagged
www.avito.ma/fr/maroc/voitures/de_17_à--à_vendre,No,Not tagged
www.avito.ma/fr/maroc/voitures/de_nissan--à_vendre,No,Not tagged
www.avito.ma/fr/maroc/vélos/a_etat_en--à_vendre,No,Not tagged
www.avito.ma/fr/maroc/à_bahja--à_vendre,No,Not tagged
www.avito.ma/fr/marrakech/agent_sécurité_à--à_vendre,No,Not tagged
www.avito.ma/fr/marrakech/av_mohammed_v/engins_agricole-à_vendre,No,Not tagged
www.avito.ma/fr/marrakech/blacar_de--à_vendre,No,Not tagged
www.avito.ma/fr/marrakech/de_106_m2--à_vendre,No,Not tagged
www.avito.ma/fr/marrakech/inara/video_hd--à_vendre,No,Not tagged
www.avito.ma/fr/marrakech/maison_de_dar,No,Not tagged
www.avito.ma/fr/marrakech/motor_tmax_500--à_vendre,No,Not tagged
www.avito.ma/fr/marrakech/vetements/sac_de_marque--à_vendre,No,Not tagged
www.avito.ma/fr/martil/appartements/Superbe_Appart_de_90m_Titré__54660845.htm,No,Not tagged
www.avito.ma/fr/martil/bureaux_et_plateaux/à_1er_etage--à_vendre,No,Not tagged
www.avito.ma/fr/martil/stocks_et_vente_en_gros/et_homme--à_vendre,No,Not tagged
www.avito.ma/fr/mediouna/véhicules/quad--à_vendre,No,Not tagged
www.avito.ma/fr/mehdia/sol_villa,No,Not tagged
www.avito.ma/fr/midelt/santana--à_vendre,No,Not tagged
www.avito.ma/fr/missour/meubles_et_décoration/pour--à_vendre,No,Not tagged
www.avito.ma/fr/mohammedia/motos/bâche_moto--à_vendre,No,Not tagged
www.avito.ma/fr/mèdina/ordinateurs_portables/LENOVO_2021__GAMER___RYZEN_5___256GB_SSD___8GB_RAM_54693397.htm,No,Not tagged
www.avito.ma/fr/najah/meubles_et_décoration/table_ronde_et_chaises_54710096.htm,No,Not tagged
www.avito.ma/fr/ouarzazate/cafe_avec--à_vendre,No,Not tagged
www.avito.ma/fr/ouarzazate/instruments_de_musique/korg_pa50--à_vendre,No,Not tagged
www.avito.ma/fr/ouarzazate/ordinateurs_portables/Hp_Zbook_i7_workstation_53675172.htm,No,Not tagged
www.avito.ma/fr/oued_laou/clio_3_diesel--à_vendre,No,Not tagged
www.avito.ma/fr/oujda/de_pêche--à_vendre,No,Not tagged
www.avito.ma/fr/oujda/diplome--demandes,No,Not tagged
www.avito.ma/fr/oujda/m_1_étage--à_vendre,No,Not tagged
www.avito.ma/fr/oulfa/locations_de_vacances/Logements_vacances_pour_les_familles_52635361.htm,No,Not tagged
www.avito.ma/fr/rabat/abi_ragrag/engins_agricole-à_vendre,No,Not tagged
www.avito.ma/fr/rabat/appartements/de_center,No,Not tagged
www.avito.ma/fr/rabat/diour_jamaa/poste_multimedia--à_vendre,No,Not tagged
www.avito.ma/fr/rabat/hay_saada/meubles_et_décoration-à_vendre,No,Not tagged
www.avito.ma/fr/saidia/appartements/Appartement_à_vendre_à_Saidia_proche_de_la_plage__32457288.htm,No,Not tagged
www.avito.ma/fr/sidi_bouknadel/villa_1000m2_en--à_vendre,No,Not tagged
www.avito.ma/fr/sidi_kacem/appartements/à_vendre_appartement,No,Not tagged
www.avito.ma/fr/sidi_maarouf/arts_et_collections/براد_نحاس_للبيع_54010114.htm,No,Not tagged
www.avito.ma/fr/sidi_maarouf/colocations/appartement_3_chambres_à_florida_sidi_maarouf__54608057.htm,No,Not tagged
www.avito.ma/fr/sidi_moumen/jeux_vidéo_et_consoles/GTX_1050_TI_4GB_GDDR__54703136.htm,No,Not tagged
www.avito.ma/fr/soualem/ثلاجة_صغيرة_للبيع--à_vendre,No,Not tagged
www.avito.ma/fr/tabriquet/electroménager_et_vaisselles/ثلاجة_تجارية__54865723.htm,No,Not tagged
www.avito.ma/fr/tamri/equipements_pour_enfant/rous--à_vendre,No,Not tagged
www.avito.ma/fr/tanger/benkirane/terrains_et_fermes-à_vendre,No,Not tagged
www.avito.ma/fr/tanger/chaussures/boost--à_vendre,No,Not tagged
www.avito.ma/fr/tanger/de_ruban,No,Not tagged
www.avito.ma/fr/tanger/haddad/véhicules_professionnels--à_vendre,No,Not tagged
www.avito.ma/fr/tanger/j7pro--à_vendre,No,Not tagged
www.avito.ma/fr/tanger/pièces_et_accessoires_véhicules/dialha--à_vendre,No,Not tagged
www.avito.ma/fr/tanger/قطعة_ارضية_محفظة--à_vendre,No,Not tagged
www.avito.ma/fr/taza/accessoires_informatique_et_gadgets/12V_DC_digital_temperature_controller_with_sensor_54518191.htm,No,Not tagged
www.avito.ma/fr/temara/chouka--à_vendre,No,Not tagged
www.avito.ma/fr/temsia/montres_et_bijoux/t--à_vendre,No,Not tagged
www.avito.ma/fr/touissit/toshiba_i5--à_vendre,No,Not tagged
www.avito.ma/fr/yacoub_el_mansour/ordinateurs_de_bureau/Moniteur_gaming_27_Kurved_54370788.htm,No,Not tagged
www.avito.ma/fr/zaïo/téléphones/IPHONE_14_PRO_MAX_55129555.htm,No,Not tagged
www.avito.ma/fr/zemamra/maison_240_à--à_vendre,No,Not tagged
www.avito.ma/fr/zitoune/téléphones/SAMSUNG__GALAXY__S22__NEUF__54702520.htm,No,Not tagged
www.avito.ma/fr/zouagha/ordinateurs_portables/pc_portable_dell__54144338.htm,No,Not tagged
www.avito.ma/fr/مراكش/sakar/ordinateurs_de_bureau,No,Not tagged
www.avito.ma/ar/2_مارس/حيوانات_أليفة/Chat_persan_chinchilla__53640936.htm,No,Not tagged
www.avito.ma/ar/2_مارس/حيوانات_أليفة/Chaw__chaw_54211008.htm,No,Not tagged
www.avito.ma/ar/2_مارس/درجات_نارية/Yamaha_jog_r_54125044.htm,No,Not tagged
www.avito.ma/ar/2_مارس/سيارات_مستعملة/Fiat_Punto_54720837.htm,No,Not tagged
www.avito.ma/ar/أكادير/الأثاث_والديكور/Mable_Tv_on_boi_mdf_sur_komond__agadir___51853286.htm,No,Not tagged
www.avito.ma/ar/ألماز/معدات_أخرى/Rayonnage_Magasin___Supermarché__53264846.htm,No,Not tagged
www.avito.ma/ar/إيفرناج/كمبيوتر_محمول/Lenovo_Yoga_duet_7__52467112.htm,No,Not tagged
www.avito.ma/ar/الحوزية/الأثاث_والديكور/tableau_al_qasba_d4_àà_kkénitra_54844996.htm,No,Not tagged
www.avito.ma/ar/الخنك/دكاكين_محلات_تجارية/gestion--للبيع,No,Not tagged
www.avito.ma/ar/الدار_البيضاء/afficheur_s6_edge--للبيع,No,Not tagged
www.avito.ma/ar/الدار_البيضاء/classe_a_220_cdi--للبيع,No,Not tagged
www.avito.ma/ar/الدار_البيضاء/gta_xbox_360--للبيع,No,Not tagged
www.avito.ma/ar/الدار_البيضاء/huile_moteur_et--للبيع,No,Not tagged
www.avito.ma/ar/الدار_البيضاء/la_moto--للبيع,No,Not tagged
www.avito.ma/ar/الدار_البيضاء/سيارات/van--للبيع,No,Not tagged
www.avito.ma/ar/الدار_البيضاء/صوت_وصورة/monitoring--للبيع,No,Not tagged
www.avito.ma/ar/الدار_البيضاء/عقار_آخر/livraison--للبيع,No,Not tagged
www.avito.ma/ar/الدار_البيضاء/قطعـالغيارـلوسائلـالنقل/dinamo--للبيع,No,Not tagged
www.avito.ma/ar/الدريسية/سيارات_مستعملة/kangoo_evolution__53634782.htm,No,Not tagged
www.avito.ma/ar/الرباط/siyara--للبيع,No,Not tagged
www.avito.ma/ar/الرباط/طابليط/main--للبيع,No,Not tagged
www.avito.ma/ar/الرشيدية/سيارات_مستعملة/renault_kadjar_54875147.htm,No,Not tagged
www.avito.ma/ar/الصويرة/منازل_للعطلة/Appartement_n9iya_a_essouira_center_vill__55121186.htm,No,Not tagged
www.avito.ma/ar/الفنيدق/الأثاث_والديكور/PARAVENT_5_VOLETS_GOLDEN_GATE_BRIDGE_IN_BLACK_II_54373749.htm,No,Not tagged
www.avito.ma/ar/القنيطرة/البلدية/الأثاثـوـالديكور-للبيع,No,Not tagged
www.avito.ma/ar/القنيطرة/مكاتب/terrain_m2_à--للبيع,No,Not tagged
www.avito.ma/ar/المدينة_الجديدة/دار_أو_ڨيلا/_Villa_à_vendre_à_Meknès_52992352.htm,No,Not tagged
www.avito.ma/ar/المغرب/arabo--للبيع,No,Not tagged
www.avito.ma/ar/المغرب/babyliss_en--للبيع,No,Not tagged
www.avito.ma/ar/المغرب/chambre_enfant_kitea--للبيع,No,Not tagged
www.avito.ma/ar/المغرب/cylindre_aerox--للبيع,No,Not tagged
www.avito.ma/ar/المغرب/les_chiot_des_chien--للبيع,No,Not tagged
www.avito.ma/ar/المغرب/s8_jdida--للبيع,No,Not tagged
www.avito.ma/ar/المغرب/tablette_tap_3--للبيع,No,Not tagged
www.avito.ma/ar/المغرب/vendre_hay_riad--للبيع,No,Not tagged
www.avito.ma/ar/المغرب/victoria_garan__,No,Not tagged
www.avito.ma/ar/المغرب/à_hay_smara--للبيع,No,Not tagged
www.avito.ma/ar/المغرب/برطما_شقة/bois_3_golf,No,Not tagged
www.avito.ma/ar/المغرب/برطما_شقة/lwiziya,No,Not tagged
www.avito.ma/ar/المغرب/ساعاتـوـمجوهرات/navy--للبيع,No,Not tagged
www.avito.ma/ar/المغرب/شاحنات/maxi--للبيع,No,Not tagged
www.avito.ma/ar/المغرب/صوت_وصورة/gaming_power--للبيع,No,Not tagged
www.avito.ma/ar/المغرب/مخزوناتـوـبيعـبالجملة/de_stok--للبيع,No,Not tagged
www.avito.ma/ar/المغرب/معدات_مهنية/et_dvd--للبيع,No,Not tagged
www.avito.ma/ar/المغرب/معدات_مهنية/pelliculeuse_a--للبيع,No,Not tagged
www.avito.ma/ar/المغرب/هواياتـوـرياضة/*r1--للبيع,No,Not tagged
www.avito.ma/ar/المنظر_الجمبل/منازل_للعطلة/Villa_de_luxe_et_très_chic_la_belle_vue__54739615.htm,No,Not tagged
www.avito.ma/ar/الناظور/à_vendre_peugeot--للبيع,No,Not tagged
www.avito.ma/ar/الناظور/أحذيية/femmes_et_hommes--للبيع,No,Not tagged
www.avito.ma/ar/الناظور/للمهنيين/avec_carton--للبيع,No,Not tagged
www.avito.ma/ar/النهضة_2/اكسسوارات_الكمبيوتر_والأجهزة/routeur_fibre_53849237.htm,No,Not tagged
www.avito.ma/ar/الولفة/ساعات_و_مجوهرات/Montre_vintage_Seiko_Slim_Quartz_55123075.htm,No,Not tagged
www.avito.ma/ar/باب_دكالة/منازل_للعطلة/شقة_مفروشة_للكراء_اليومي__54845509.htm,No,Not tagged
www.avito.ma/ar/بالميي/شقق/Appartement_à_vendre_114_m²_à_Casablanca_53612699.htm,No,Not tagged
www.avito.ma/ar/بركان/كمبيوترـمحمول/pc_hp_x2--للبيع,No,Not tagged
www.avito.ma/ar/بلفدير/معدات_مهنية/IMPRIMANTE_EPSON_M100_work_force_54713806.htm,No,Not tagged
www.avito.ma/ar/بن_ديبان/هواتف/iphone_11__64gb_batrie_85_54371421.htm,No,Not tagged
www.avito.ma/ar/بنسليمان/petite_villas--للبيع,No,Not tagged
www.avito.ma/ar/تازة/seat_ibiza_diesel--للبيع,No,Not tagged
www.avito.ma/ar/تازة/دكاكين،_محلات_تجارية_ومباني_صناعية/ساروا_للبيع_محل_تجاري_53730676.htm,No,Not tagged
www.avito.ma/ar/تطوان/هوايات_ورياضة/barre_fixe_53215584.htm,No,Not tagged
www.avito.ma/ar/تمنصورت/هواتف_و_هواتف_ذكية/iPhone_12_Pro_53272610.htm,No,Not tagged
www.avito.ma/ar/تيداس/معدات_مهنية/boucher--للبيع,No,Not tagged
www.avito.ma/ar/تيفلت/بقع_و_مزارع/قطعة_فلاحية_محفظة_54727258.htm,No,Not tagged
www.avito.ma/ar/حسان/دكاكين،_محلات_تجارية_ومباني_صناعية/LOCATION_MAGASIN_65_M2_BD_ABDELMOUMEN_A_RABAT_55120550.htm,No,Not tagged
www.avito.ma/ar/حمرية/بقع_و_مزارع/Terrains_à_vendre_à_Meknès_52842473.htm,No,Not tagged
www.avito.ma/ar/حي_آخر/معدات_أخرى/CLASSEUR_METALLIQUE_PROOMOO_53785417.htm,No,Not tagged
www.avito.ma/ar/حي_الطيران___مابيلا/معدات_أخرى/Photocopieur_bizhub_C658_52816365.htm,No,Not tagged
www.avito.ma/ar/حي_المحمدي/تجهيزات_للأطفال_و_الرُضَّع/porte_bébé_randonnée_chicco_54773883.htm,No,Not tagged
www.avito.ma/ar/حي_المحمدي/منازل_للعطلة/ستوديو_مجهز_مع_مسبح_ومرآب_خاص_53817535.htm,No,Not tagged
www.avito.ma/ar/حي_المسيرة/طابليط/ipad_wifi_16_gb_55134054.htm,No,Not tagged
www.avito.ma/ar/زياتين/هواتف/OnePlus_Nord_CE_2_Lite_5G_54119686.htm,No,Not tagged
www.avito.ma/ar/سلا/حي_مولاي_اسماعيل/النسيج-للبيع,No,Not tagged
www.avito.ma/ar/سيال/سيارات_مستعملة/ford_53387148.htm,No,Not tagged
www.avito.ma/ar/سيدي_برنوصي/بقع_و_مزارع/SATIS_TER_E4__BERN_54722988.htm,No,Not tagged
www.avito.ma/ar/سيدي_قاسم/دراجة_نارية--ﺕﺮﻳﺩ_ﺵﺭﺍﺀ,No,Not tagged
www.avito.ma/ar/سيدي_معروف/دكاكين،_محلات_تجارية_ومباني_صناعية/2_Magasins_Accolés_à_Sidi_Maarouf_55135738.htm,No,Not tagged
www.avito.ma/ar/طنجة/chaussures_pour_les_enfants--للبيع,No,Not tagged
www.avito.ma/ar/طنجة/d_bit_n3as--للبيع,No,Not tagged
www.avito.ma/ar/طنجة/kongo_2015--للبيع,No,Not tagged
www.avito.ma/ar/طنجة/poules_et_coqs--للبيع,No,Not tagged
www.avito.ma/ar/طنجة/à_tétouan_medina--للبيع,No,Not tagged
www.avito.ma/ar/طنجة/معدات_مهنية/3m_3m--للبيع,No,Not tagged
www.avito.ma/ar/عين_السبع/الحديقة/Colle_loctite_tube_neuf___51096233.htm,No,Not tagged
www.avito.ma/ar/عين_السبع/الغرفة/Appartement_à_vendre_à_Casablanca_54614731.htm,No,Not tagged
www.avito.ma/ar/عين_الشق/تجهيزات_للأطفال_و_الرُضَّع/Trampoline_AOTOB_54725579.htm,No,Not tagged
www.avito.ma/ar/عين_دياب/تجهيزات_للأطفال_و_الرُضَّع/Poussette_Cybex_Libelle_2_NEUVE_54696699.htm,No,Not tagged
www.avito.ma/ar/عين_دياب/سيارات_مستعملة/Passat_2008_automatique__53529703.htm,No,Not tagged
www.avito.ma/ar/فاس_المدينة/هواتف/iPhone_XR__53565499.htm,No,Not tagged
www.avito.ma/ar/مراكش/clio_4_essence--للبيع,No,Not tagged
www.avito.ma/ar/مراكش/tronsmart--للبيع,No,Not tagged
www.avito.ma/ar/مراكش/شارع_محمد_الخامس/منتجاتـالتجميل-للبيع,No,Not tagged
www.avito.ma/ar/مركز_بوسكورة/دكاكين،_محلات_تجارية_ومباني_صناعية/Local_industriel860m2_ONSSA_proximité_Bouskoura__51085034.htm,No,Not tagged
www.avito.ma/ar/مكناس/peugeot_208_tout--للبيع,No,Not tagged
www.avito.ma/ar/مكناس/المنظر_الجميل/عقارات_للبيع-للبيع,No,Not tagged
www.avito.ma/ar/مكناس/دراجات_نارية/triporteur_en--للبيع,No,Not tagged
www.avito.ma/ar/مونت_فلوري/الأثاث_والديكور/TABLEAU_BIAE_BRZOZY__À_AA_MONT_FLEURI_54914263.htm,No,Not tagged
www.avito.ma/ar/ميدلت/ألعاب_الفيديو_وأجهزة_تشغيل_أو_كونصولات/pocket--للبيع,No,Not tagged
www.avito.ma/ar/نرجيس/الأجهزة_المنزلية_الصغيرة/Electroménager_Climatisseur__et_Vaisselles_à_Fès_52965449.htm,No,Not tagged
www.avito.ma/ar/وجدة/4_tout_option--للبيع,No,Not tagged
www.avito.ma/ar/وسط_المدينة/ألعاب_الفيديو_وأجهزة_تشغيل_أو_كونصولات/Ps4_slim_comme_neuf_fifa24_54527148.htm,No,Not tagged
www.avito.ma/ar/وسط_المدينة/سيارات_مستعملة/Renault_Clio_Diesel_Automatique_2018_à_Tétouan_54900995.htm,No,Not tagged
www.avito.ma/ar/وسط_المدينة/شقق/دار_زوينة_53747782.htm,No,Not tagged
www.avito.ma/ar/وصلان/بقع_و_مزارع/Terrain_et_ferme_à_Meknès_52057989.htm,No,Not tagged
www.avito.ma/ar/ٱيت_ملول/محلات_للكراء/Magasin_500m2_53375036.htm,No,Not tagged
www.avito.ma/ar/ٱيت_ملول/مخزوناتـوـبيعـبالجملة/الفحم--للبيع,No,Not tagged
www.avito.ma/auto/neuf/chery/a1/,No,Not tagged
www.avito.ma/auto/neuf/fiat/fiorino/1.3-multijet-urban-clim/,No,Not tagged
www.avito.ma/auto/neuf/peugeot/208/1.6-hdi-75-i-like-clim/,No,Not tagged
www.avito.ma/fr/administratif/meubles_et_décoration/Tableau_Ww_48_54639150.htm,No,Not tagged
www.avito.ma/fr/agadir/appartements/c,No,Not tagged
www.avito.ma/fr/agadir/voitures_d'occasion/205_économique_à_vendre_52848422.htm,No,Not tagged
www.avito.ma/fr/agdal/voitures_d'occasion/Dacia_dokker_avec_clim__54798863.htm,No,Not tagged
www.avito.ma/fr/ain_aouda/produits_de_beaute/v--à_vendre,No,Not tagged
www.avito.ma/fr/ain_sebaa/voitures_d'occasion/Touareg__54853969.htm,No,Not tagged
www.avito.ma/fr/ain_sebaa/voitures_d'occasion/audi_A6_52868835.htm,No,Not tagged
www.avito.ma/fr/ait_ichou/cheine--à_vendre,No,Not tagged
www.avito.ma/fr/al_hociema/marine--demandes,No,Not tagged
www.avito.ma/fr/al_hociema/mini_4_4,No,Not tagged
www.avito.ma/fr/al_wifaq/art_et_collections/الاماس2078_54567253.htm,No,Not tagged
www.avito.ma/fr/amalou/accessoires_informatique_et_gadgets/magasin--à_vendre,No,Not tagged
www.avito.ma/fr/ancienne_médina/electroménager_et_vaisselles/congélateur_كونجيلاتور_54647807.htm,No,Not tagged
www.avito.ma/fr/anfa/téléphones/Lightning_Adapter_Splitter_2_in_1__54836547.htm,No,Not tagged
www.avito.ma/fr/aquouass_briech/magasins_et_commerces,No,Not tagged
www.avito.ma/fr/autre_secteur/locations_de_vacances/apprt_pour_famille_53305375.htm,No,Not tagged
www.avito.ma/fr/autre_secteur/matériel_de_bureau/Table_ronde_bureau_blanche_plateau_hêtre_clair_45995889.htm,No,Not tagged
www.avito.ma/fr/autre_secteur/matériel_pour_école__garderie_et_espace_de_jeux/_Casier_Vestiaire_métallique__L0Z__54201200.htm,No,Not tagged
www.avito.ma/fr/autre_secteur/matériels_professionnels/Armoire_Metallique_Fabrication_Atelier_Mm_54700990.htm,No,Not tagged
www.avito.ma/fr/autre_secteur/matériels_professionnels/matelas_anti_escarres__54747226.htm,No,Not tagged
www.avito.ma/fr/autre_secteur/meubles_et_décoration/Lit_a_couché_54323549.htm,No,Not tagged
www.avito.ma/fr/autre_secteur/téléphones/iPhone_SE_3eme_gen_2022_55125465.htm,No,Not tagged
www.avito.ma/fr/aïn_borja/local_à_louer/Magasin_avec_cave_avendre_154_m2_54163952.htm,No,Not tagged
www.avito.ma/fr/aïn_chock/stocks_et_vente_en_gros/Vestiaire_en_métal_2P_3P_4P__54520105.htm,No,Not tagged
www.avito.ma/fr/aïn_diab/décoration/Tableau_déco_dim3_54261171.htm,No,Not tagged
www.avito.ma/fr/beausejour/autre_matériel_professionel/_بونكيط_الإستقبال__بثمن_الجملة_54658045.htm,No,Not tagged
www.avito.ma/fr/bele_vue/vêtements_pour_enfant_et_bébé/Basket_adidas_original_54786062.htm,No,Not tagged
www.avito.ma/fr/ben_ejdia/appartements/Appartement_à_vendre_107_m²_à_Casablanca_54347213.htm,No,Not tagged
www.avito.ma/fr/ben_guerir/meubles_et_décoration/paravent_3_volets_lion_calme_ben_guerir_54807822.htm,No,Not tagged
www.avito.ma/fr/berkane/meubles_et_décoration/SEPARATION__5_PARTIES_AZALÉE_EN_NOIR_II_A_BERKANE_54608249.htm,No,Not tagged
www.avito.ma/fr/berrechid/pi,No,Not tagged
www.avito.ma/fr/bin_lkchali/locations_de_vacances/Appartement_à_louer__54847560.htm,No,Not tagged
www.avito.ma/fr/bir_anzarane/matériels_professionnels/une_sugar_cane_outile_Bh3_54291843.htm,No,Not tagged
www.avito.ma/fr/bouakhir/matériels_professionnels/the_cnc_co2_lasser_BV82_54205158.htm,No,Not tagged
www.avito.ma/fr/boumalnedades/stocks_et_vente_en_gros-à_vendre,No,Not tagged
www.avito.ma/fr/boumia/vélos/com*--à_vendre,No,Not tagged
www.avito.ma/fr/californie/appartements/Studio_vide_à_Taddart__Californie_54700607.htm,No,Not tagged
www.avito.ma/fr/californie/jeux_vidéo_et_consoles/Moniteur_ASUS_TUF_Gaming_180Hz_Fast_IPS_54975793.htm,No,Not tagged
www.avito.ma/fr/casablanca/780--à_vendre,No,Not tagged
www.avito.ma/fr/casablanca/animaux/calopsitte__52796551.htm,No,Not tagged
www.avito.ma/fr/casablanca/associer--à_vendre,No,Not tagged
www.avito.ma/fr/casablanca/bureaux_et_plateaux/location_de_bureau*--à_vendre,No,Not tagged
www.avito.ma/fr/casablanca/chaussures/Chaussures_53067323.htm,No,Not tagged
www.avito.ma/fr/casablanca/couple_perouch--à_vendre,No,Not tagged
www.avito.ma/fr/casablanca/dar_lbi3,No,Not tagged
www.avito.ma/fr/casablanca/injecteur_dacia,No,Not tagged
www.avito.ma/fr/casablanca/matériels_professionnels/meuble_et--à_vendre,No,Not tagged
www.avito.ma/fr/casablanca/meubles_et_décoration/90_avec--à_vendre,No,Not tagged
www.avito.ma/fr/casablanca/sacs_et_accessoires/bulgari--à_vendre,No,Not tagged
www.avito.ma/fr/casablanca/voitures_d'occasion/Volkswagen_Jetta_automatique__54701640.htm,No,Not tagged
www.avito.ma/fr/casablanca/voyage_et_billetterie/et_retour--à_vendre,No,Not tagged
www.avito.ma/fr/casablanca/vw_transporter--à_vendre,No,Not tagged
www.avito.ma/fr/casablanca/درجة_هوائية--à_vendre,No,Not tagged
www.avito.ma/fr/casablanca_finance_city/accessoires_informatique_et_gadgets/hp_designjet_t610_54184959.htm,No,Not tagged
www.avito.ma/fr/centre_ville/appartements/Appartement_à_vendre_148m²_VUE_SUR_MER_54877088.htm,No,Not tagged
www.avito.ma/fr/centre_ville/locations_de_vacances/شقة_جميلة_وسط_الكورنيش_الرئيسي_أمام_البحر_الأزرق__54789414.htm,No,Not tagged
www.avito.ma/fr/cheminoits/animaux_domestique/فلوس_فيومي_54618788.htm,No,Not tagged
www.avito.ma/fr/chichaoua/terrain_titré_a--à_vendre,No,Not tagged
www.avito.ma/fr/derb_ghallef/téléphones/Redmi_note_12_Pro_plus_256_8_53856817.htm,No,Not tagged
www.avito.ma/fr/deroua/terrains_et_fermes/jnan_el--à_vendre,No,Not tagged
www.avito.ma/fr/el_ismailia/villas_et_riads/Villa_À_Vendre_À_EL_ISMAILIA_KENITRA_54819710.htm,No,Not tagged
www.avito.ma/fr/errachidia/terrain_agricole_à--à_vendre,No,Not tagged
www.avito.ma/fr/essaouira/tapis_roulants--à_vendre,No,Not tagged
www.avito.ma/fr/essaouira/vetements_pour_enfant/ملابس_تركية--à_vendre,No,Not tagged
www.avito.ma/fr/fezouata/meubles_et_décoration/300dh--à_vendre,No,Not tagged
www.avito.ma/fr/guercif/pc_tr--à_vendre,No,Not tagged
www.avito.ma/fr/hay_al_massar/bureaux_à_louer/Excellente_opportunité_d_affaires__54605333.htm,No,Not tagged
www.avito.ma/fr/hay_hassani/autre_matériel_professionel/gaufrier_Buble_waffle_Europe__54684173.htm,No,Not tagged
www.avito.ma/fr/hay_hassani/matériels_professionnels/distributeur_jus_importe__54469612.htm,No,Not tagged
www.avito.ma/fr/jrada/canon_ixus--à_vendre,No,Not tagged
www.avito.ma/fr/kattara/meubles_et_décoration/pour_porte--à_vendre,No,Not tagged
www.avito.ma/fr/khemisset/emploi_et_services--à_vendre,No,Not tagged
www.avito.ma/fr/kénitra/accessoires_informatique_et_gadgets/clavier_et_souris_sans_fil__50910666.htm,No,Not tagged
www.avito.ma/fr/kénitra/al_baladya/jardin_et_outils_de_bricolage-à_vendre,No,Not tagged
www.avito.ma/fr/laayoune/zitoune/electorménager_et_vaisselle-à_vendre,No,Not tagged
www.avito.ma/fr/larache/magasins_et_commerces/المحل--à_vendre,No,Not tagged
www.avito.ma/fr/laâyoune/jeux_vidéo_et_consoles/Play_4_slim_53872745.htm,No,Not tagged
www.avito.ma/fr/le_boulevard_mohammed_v/locations_de_vacances/شقة_رائعة_قرب_شاطى_والمدينة__54877612.htm,No,Not tagged
www.avito.ma/fr/les_portes_de_marrakech/appartements/Appart_moyen_standing_à_louer_102_m²_à_Marrakech_54718809.htm,No,Not tagged
www.avito.ma/fr/les_portes_de_marrakech/terrains_et_fermes/Terrain_villa_277_m2_a_doha_massira__54378645.htm,No,Not tagged
www.avito.ma/fr/m'hamid/ordinateurs_de_bureau/Unite_HP_Core2duo__Ram_4GO__Hdd_80_GO___Windows_10_53194027.htm,No,Not tagged
www.avito.ma/fr/mabrouka/appartements/شقة_للكراء_مبروكة__54745875.htm,No,Not tagged
www.avito.ma/fr/maroc/160_cartes--à_vendre,No,Not tagged
www.avito.ma/fr/maroc/43pouces_smart--à_vendre,No,Not tagged
www.avito.ma/fr/maroc/accessoires_informatique_et_gadgets/calculatrices--à_vendre,No,Not tagged
www.avito.ma/fr/maroc/accessoires_informatique_et_gadgets/canon_c--à_vendre,No,Not tagged
www.avito.ma/fr/maroc/accessoires_informatique_et_gadgets/pc_i5_8gb--à_vendre,No,Not tagged
www.avito.ma/fr/maroc/alive--à_vendre,No,Not tagged
www.avito.ma/fr/maroc/antivols--à_vendre,No,Not tagged
www.avito.ma/fr/maroc/appartements_abwab_gueliz--à_vendre,No,Not tagged
www.avito.ma/fr/maroc/aue--à_vendre,No,Not tagged
www.avito.ma/fr/maroc/bureaux_et_plateaux/bureau_160--à_vendre,No,Not tagged
www.avito.ma/fr/maroc/chaussures/50dh--à_vendre,No,Not tagged
www.avito.ma/fr/maroc/diessel--à_vendre,No,Not tagged
www.avito.ma/fr/maroc/electorménager_et_vaisselle/ثلاجة_الحجم_الكبير--à_vendre,No,Not tagged
www.avito.ma/fr/maroc/engins_btp/mat,No,Not tagged
www.avito.ma/fr/maroc/et_oneplus_5t--à_vendre,No,Not tagged
www.avito.ma/fr/maroc/feuteille_a--à_vendre,No,Not tagged
www.avito.ma/fr/maroc/flyers_carte_visite--à_vendre,No,Not tagged
www.avito.ma/fr/maroc/g_920--à_vendre,No,Not tagged
www.avito.ma/fr/maroc/golf_shoes--à_vendre,No,Not tagged
www.avito.ma/fr/maroc/graphique_msi_radeon--à_vendre,No,Not tagged
www.avito.ma/fr/maroc/image_et_son/samsung_galaxy_note_pro--à_vendre,No,Not tagged
www.avito.ma/fr/maroc/magasins_et_commerces/peinture_de--à_vendre,No,Not tagged
www.avito.ma/fr/maroc/matériels_professionnels/batterie_one--à_vendre,No,Not tagged
www.avito.ma/fr/maroc/matériels_professionnels/t9--à_vendre,No,Not tagged
www.avito.ma/fr/maroc/meubles_et_décoration/petit_tapis--à_vendre,No,Not tagged
www.avito.ma/fr/maroc/motos/80_motor--à_vendre,No,Not tagged
www.avito.ma/fr/maroc/motos/ba9a_ne9iya--à_vendre,No,Not tagged
www.avito.ma/fr/maroc/motos/stunt_yamaha_moto--à_vendre,No,Not tagged
www.avito.ma/fr/maroc/ordinateurs_bureau/300w--à_vendre,No,Not tagged
www.avito.ma/fr/maroc/ordinateurs_portables/plus_giga--à_vendre,No,Not tagged
www.avito.ma/fr/maroc/pièces_et_accessoires_véhicules/360--à_vendre,No,Not tagged
www.avito.ma/fr/maroc/ps3_slime_en--à_vendre,No,Not tagged
www.avito.ma/fr/maroc/retroviseur_nissan_qashqai--à_vendre,No,Not tagged
www.avito.ma/fr/maroc/sehoul_salé--à_vendre,No,Not tagged
www.avito.ma/fr/maroc/serira--à_vendre,No,Not tagged
www.avito.ma/fr/maroc/système_d_éclairage--à_vendre,No,Not tagged
www.avito.ma/fr/maroc/terrains_et_fermes/fajr--à_vendre,No,Not tagged
www.avito.ma/fr/maroc/téléphones/cam--à_vendre,No,Not tagged
www.avito.ma/fr/maroc/vetements/3_jdad--à_vendre,No,Not tagged
www.avito.ma/fr/maroc/vetements/caftan_de_luxe--à_vendre,No,Not tagged
www.avito.ma/fr/maroc/vetements/etat_excellent--à_vendre,No,Not tagged
www.avito.ma/fr/maroc/véhicules/mégane_diesel--à_vendre,No,Not tagged
www.avito.ma/fr/maroc/vélos/2017_a--à_vendre,No,Not tagged
www.avito.ma/fr/maroc/القاهرة--à_vendre,No,Not tagged
www.avito.ma/fr/marrakech/205_model--à_vendre,No,Not tagged
www.avito.ma/fr/marrakech/accessoires_informatique_et_gadgets/pc_portable_ram--à_vendre,No,Not tagged
www.avito.ma/fr/marrakech/bab_aylan/emploi_et_services--à_vendre,No,Not tagged
www.avito.ma/fr/marrakech/gueliz/terrains_et_fermes/terrain_guéliz--à_vendre,No,Not tagged
www.avito.ma/fr/marrakech/véhicules/corolla--à_vendre,No,Not tagged
www.avito.ma/fr/massira_1/téléphones/iphone_13_pro_max_256gb__54724991.htm,No,Not tagged
www.avito.ma/fr/massira_2/equipements_pour_enfant_et_bébé/cartable_aroulette_54727407.htm,No,Not tagged
www.avito.ma/fr/mehdia/chaussures/des--à_vendre,No,Not tagged
www.avito.ma/fr/meknes/ville_nouvelle/emploi,No,Not tagged
www.avito.ma/fr/meknès/cite_imperiale/emploi_et_services--à_vendre,No,Not tagged
www.avito.ma/fr/mohammedia/el_kasbah/appartements/appartement_louer,No,Not tagged
www.avito.ma/fr/moulay_bousselham/meubles_et_décoration/je_mets_en--à_vendre,No,Not tagged
www.avito.ma/fr/nador/appartements_2--à_vendre,No,Not tagged
www.avito.ma/fr/oued_eddahab/autre_immobilier/Petite_immeuble_avendre_à_oued_dahab__55129959.htm,No,Not tagged
www.avito.ma/fr/oued_jdida/meubles_et_décoration-à_vendre,No,Not tagged
www.avito.ma/fr/oujda/appartement_bon_à--à_vendre,No,Not tagged
www.avito.ma/fr/oujda/pièces_et_accessoires_véhicules/machine_pour_la--à_vendre,No,Not tagged
www.avito.ma/fr/quartier_des_hôpitaux/appartements/Appartement_à_louer_71_m²_à_Casablanca_54518783.htm,No,Not tagged
www.avito.ma/fr/rabat/dur_ssd_externe--à_vendre,No,Not tagged
www.avito.ma/fr/rabat/e100--à_vendre,No,Not tagged
www.avito.ma/fr/route_d'ourika/terrains_et_fermes_à_louer/بقعة_أرضية_53582766.htm,No,Not tagged
www.avito.ma/fr/sala_el_jadida/meubles_et_décoration/3_ثريات_زوينين_ديال_الصالونات__54661307.htm,No,Not tagged
www.avito.ma/fr/sala_el_jadida/ordinateurs_de_bureau/Pc_gemer_54501042.htm,No,Not tagged
www.avito.ma/fr/sefrou/matériels_professionnels/piece--à_vendre,No,Not tagged
www.avito.ma/fr/settat/accessoires_informatique_et_gadgets/pi--à_vendre,No,Not tagged
www.avito.ma/fr/settat/sourji--à_vendre,No,Not tagged
www.avito.ma/fr/settat/à_ourir--à_vendre,No,Not tagged
www.avito.ma/fr/sidi_el_makhfi/meubles_et_décoration/coucher--à_vendre,No,Not tagged
www.avito.ma/fr/sidi_othmane/accessoires_informatique_et_gadgets/wireless_charging_pad__53947292.htm,No,Not tagged
www.avito.ma/fr/sidi_slimane/سكر--à_vendre,No,Not tagged
www.avito.ma/fr/tabriquet/sports_et_loisirs/Hand_grip_0_a_40_KG_NEUF_54790615.htm,No,Not tagged
www.avito.ma/fr/talborjt/meubles_et_décoration/MATELAS_ROSSORT____54698622.htm,No,Not tagged
www.avito.ma/fr/tanger/72_m2--à_vendre,No,Not tagged
www.avito.ma/fr/tanger/boruto--à_vendre,No,Not tagged
www.avito.ma/fr/tanger/canar--à_vendre,No,Not tagged
www.avito.ma/fr/tanger/carte_mere_btc--à_vendre,No,Not tagged
www.avito.ma/fr/tanger/dmax--à_vendre,No,Not tagged
www.avito.ma/fr/tanger/instruments_de_musique/a_bien--à_vendre,No,Not tagged
www.avito.ma/fr/tanger/meubles_et_décoration/tables--à_vendre,No,Not tagged
www.avito.ma/fr/tanger/rebook--à_vendre,No,Not tagged
www.avito.ma/fr/tanger/ria--à_vendre,No,Not tagged
www.avito.ma/fr/tanger/sitrwin--à_vendre,No,Not tagged
www.avito.ma/fr/tanger/skoda_octavia_2013--à_vendre,No,Not tagged
www.avito.ma/fr/tanger/véhicules/bi3--à_vendre,No,Not tagged
www.avito.ma/fr/tanger/à_branes_kdima--à_vendre,No,Not tagged
www.avito.ma/fr/tanja_balia/maisons_et_villas/nouveau_maison_a_vendre_tanja_balia_54840298.htm,No,Not tagged
www.avito.ma/fr/taourirt/matelas_1_place--à_vendre,No,Not tagged
www.avito.ma/fr/tata/remorques_et_caravans-à_vendre,No,Not tagged
www.avito.ma/fr/taza/studio_sidi--à_vendre,No,Not tagged
www.avito.ma/fr/taza/بقع_أرضية--à_vendre,No,Not tagged
www.avito.ma/fr/temara/derd_bennaceur/meubles_et_décoration-à_vendre,No,Not tagged
www.avito.ma/fr/temara/riad_oulad_mtaa/appareils_photo_et_caméras,No,Not tagged
www.avito.ma/fr/tendrara/magasin_de_140m2--à_vendre,No,Not tagged
www.avito.ma/fr/tifelt/ltz_400--à_vendre,No,Not tagged
www.avito.ma/fr/ville_verte/voitures_d'occasion/Audi_Q3_Sportback_Full_Black_54720283.htm,No,Not tagged
www.avito.ma/fr/wifak/gadgets/Oppo_watch_54953466.htm,No,Not tagged
www.avito.ma/fr/wifak/voitures_d'occasion/fiat_linea_pour_entretien__54711341.htm,No,Not tagged
www.avito.ma/sp/immobilier/local-industriel-a-tantonville-casablanca,No,Not tagged
www.avito.ma/sp/immobilier/terrains-a-hay-essalam-safi,No,Not tagged
www.avito.ma/ar/أزرو/منازل_للعطلة/appartement__54291357.htm,No,Not tagged
www.avito.ma/ar/أكدال/سفر_و_تذاكر/Carte_gold_mawazine_55122975.htm,No,Not tagged
www.avito.ma/ar/ألماز/شقق/Appartement_à_louer_Almazz__54375044.htm,No,Not tagged
www.avito.ma/ar/أنفا/حقائب_وأكسسوارات/Guess_sac_New_collection__54293381.htm,No,Not tagged
www.avito.ma/ar/ابطيح/محلات_للكراء/Local_à_louer_à_Prestigia_tte_activité_commerciale_54683886.htm,No,Not tagged
www.avito.ma/ar/اسفي/janoub--للبيع,No,Not tagged
www.avito.ma/ar/الخميسات/اكسسوارات__إلكترونية/SOP8_to_DIP8_150mil_200mil_adapter_Socket_40313746.htm,No,Not tagged
www.avito.ma/ar/الداخلة/الأثاثـوـالديكور/vente_salon_marocain--للبيع,No,Not tagged
www.avito.ma/ar/الدار_البيضاء/sharp_50--للبيع,No,Not tagged
www.avito.ma/ar/الدار_البيضاء/souf--للبيع,No,Not tagged
www.avito.ma/ar/الدار_البيضاء/volkswagen_new_beetle--للبيع,No,Not tagged
www.avito.ma/ar/الدار_البيضاء/سيارات_مستعملة/Tucson_53199559.htm,No,Not tagged
www.avito.ma/ar/الدار_البيضاء/شاحنات/bonne--للبيع,No,Not tagged
www.avito.ma/ar/الرباط/partner_2014--للبيع,No,Not tagged
www.avito.ma/ar/الرباط/السمارة--للبيع,No,Not tagged
www.avito.ma/ar/العرفان/الغرفة/Matelas_en_mousse_dolidol_120x60_pour_lit_de_bebe_53479802.htm,No,Not tagged
www.avito.ma/ar/القنيطرة/protéine--للبيع,No,Not tagged
www.avito.ma/ar/القنيطرة/tv_led--للبيع,No,Not tagged
www.avito.ma/ar/القنيطرة/دراجات_نارية/viseur--للبيع,No,Not tagged
www.avito.ma/ar/المحاميد/الأثاث_والديكور/Placard_en_vente__54505905.htm,No,Not tagged
www.avito.ma/ar/المصلى/أحذية/Les_bottes_bon_qualité__36__40_54281707.htm,No,Not tagged
www.avito.ma/ar/المطار/الأثاث_والديكور/Meubles_et_Décoration_à_Tétouan_52904100.htm,No,Not tagged
www.avito.ma/ar/المغرب/28_coeurs--للبيع,No,Not tagged
www.avito.ma/ar/المغرب/benz_c63_amg--للبيع,No,Not tagged
www.avito.ma/ar/المغرب/cona_pour_bebe--للبيع,No,Not tagged
www.avito.ma/ar/المغرب/fiat_punto_1.3--للبيع,No,Not tagged
www.avito.ma/ar/المغرب/jane_muum_matrix--للبيع,No,Not tagged
www.avito.ma/ar/المغرب/princesse_robe--للبيع,No,Not tagged
www.avito.ma/ar/المغرب/ألعاب_الفيديو_وأجهزة_تشغيل_أو_كونصولات/شركة--للبيع,No,Not tagged
www.avito.ma/ar/المغرب/دراجات_نارية/moto_taman--للبيع,No,Not tagged
www.avito.ma/ar/المغرب/دراجات_نارية/suzuki_r--للبيع,No,Not tagged
www.avito.ma/ar/الولفة/منتجات_التجميل/botte_de_marche_53865518.htm,No,Not tagged
www.avito.ma/ar/بنى_ملال/location_voiture_hyundai--للبيع,No,Not tagged
www.avito.ma/ar/بنى_ملال/منازل_للعطلة/appartement__53841358.htm,No,Not tagged
www.avito.ma/ar/بودير/ألعاب_الفيديو/ps4_للبيع_حاله_جيده_53835870.htm,No,Not tagged
www.avito.ma/ar/بوسكورة/هواتف--للبيع,No,Not tagged
www.avito.ma/ar/تازة/demande_location--ﺕﺄﺠﻳﺭ,No,Not tagged
www.avito.ma/ar/تازة/هواتف/mazal_balmika_54323629.htm,No,Not tagged
www.avito.ma/ar/تامسنا/صوت_وصورة/renault--للبيع,No,Not tagged
www.avito.ma/ar/تمارة/برطما_شقة/appartement_duplex_a,No,Not tagged
www.avito.ma/ar/تنغير/هواتف/Iphone_bon_état__53510549.htm,No,Not tagged
www.avito.ma/ar/حسان/مخزونات_وبيع_بالجملة/Bloodborne_Jeux_PS4_PS5_54228377.htm,No,Not tagged
www.avito.ma/ar/حي_البطوار/كمبيوتر_منزلي/monitour_28_4K_BinQ_53983409.htm,No,Not tagged
www.avito.ma/ar/حي_الرشاد/معدات_أخرى/مرحبا_بك_عند_ياسين_امجهدي__مستوردة_ثمن_جد_مناسب_53840624.htm,No,Not tagged
www.avito.ma/ar/حي_السلام/أجهزة/العسكرية_السويسرية__كوارتز_50_م_55122065.htm,No,Not tagged
www.avito.ma/ar/حي_المحمدي/شقق/Appartement_à_louer_130_m²_à_Agadir_55145960.htm,No,Not tagged
www.avito.ma/ar/حي_حسني/كمبيوتر_منزلي/AURA_C1_BLACK_RGB_Case_54350064.htm,No,Not tagged
www.avito.ma/ar/خريبكة/كمبيوترـمحمول/hp_7500--للبيع,No,Not tagged
www.avito.ma/ar/دار_الشافعي/بقعـوـمزارع/dchira--للبيع,No,Not tagged
www.avito.ma/ar/ديور_الجامع/تجهيزات_للأطفال_والرضع_أخرى/Equipement_pour_Bébé_et_Enfant_à_Rabat_53106106.htm,No,Not tagged
www.avito.ma/ar/زيتون/سيارات_مستعملة/toyota_rav_4_diesel_DKD_54774228.htm,No,Not tagged
www.avito.ma/ar/زيتون/هواتف/APPLE_WATCH_SERIE_5___40___W__44_MM_54916619.htm,No,Not tagged
www.avito.ma/ar/سطات/lit_superposé_en--للبيع,No,Not tagged
www.avito.ma/ar/سلا/mercedes_190_diesel--للبيع,No,Not tagged
www.avito.ma/ar/سيدي_برنوصي/منتجات_التجميل/Lisseur__54728225.htm,No,Not tagged
www.avito.ma/ar/سيدي_حجاج/بقع_و_مزارع_للكراء/Terrain__53380555.htm,No,Not tagged
www.avito.ma/ar/سيدي_رحال/بقع_و_مزارع_للكراء/Terrain_à_vendre__53759364.htm,No,Not tagged
www.avito.ma/ar/صفرو/بقعـوـمزارع/maison_260_m2--للبيع,No,Not tagged
www.avito.ma/ar/صفرو/من_الدار_البيضاء--ﺕﺮﻳﺩ_ﺵﺭﺍﺀ,No,Not tagged
www.avito.ma/ar/طريق_إموزار/سيارات_مستعملة/BMW_X5_Diesel_Automatique_2019_à_Fès_54744361.htm,No,Not tagged
www.avito.ma/ar/طريق_عين_شقف/حيوانات_أليفة/Maison_pour_chtas_et_chien__54280647.htm,No,Not tagged
www.avito.ma/ar/طنجة/74_à--للبيع,No,Not tagged
www.avito.ma/ar/علال_الفاسي/معدات_مهنية/sontose_d_origine__54660123.htm,No,Not tagged
www.avito.ma/ar/عين_السبع/أحذية/Chaussures_louis_vittuon_Master_qualité_54314204.htm,No,Not tagged
www.avito.ma/ar/عين_السبع/بقع_و_مزارع/Lots_de_terrain_à_vendre__Fkass_Ifkak_Aïn_Sebaâ_54810405.htm,No,Not tagged
www.avito.ma/ar/عين_عمير/شقق/شقة_مفروشة_للكراء_اليومي_بفاس_54170402.htm,No,Not tagged
www.avito.ma/ar/كلميم/ﻙﺭﺍﺀ_ﻢﺸﺗﺮﻛ/cherche,No,Not tagged
www.avito.ma/ar/ليساسفة/شقق/Appartement_à_vendre_42_m²_à_Casablanca_54111470.htm,No,Not tagged
www.avito.ma/ar/مراكش/robe--للبيع,No,Not tagged
www.avito.ma/ar/مراكش/صافية/موسيقى_وآلات/...et...--للبيع,No,Not tagged
www.avito.ma/ar/مراكش/قطع_الغيار_لوسائل_النقل/cylindre_50cc_52880700.htm,No,Not tagged
www.avito.ma/ar/مراكش/كمبيوترـمحمول/و_نقية--للبيع,No,Not tagged
www.avito.ma/ar/مراكش/موسيقى_وآلات/de_serie--للبيع,No,Not tagged
www.avito.ma/ar/مراكش/وسائل_النقل/peugeot_306_diesel--للبيع,No,Not tagged
www.avito.ma/ar/مركز_بوسكورة/شقق/appart_neuf_bien_situé__53007403.htm,No,Not tagged
www.avito.ma/ar/مكناس/tole--للبيع,No,Not tagged
www.avito.ma/ar/مكناس/المدينة/ملابس--للبيع,No,Not tagged
www.avito.ma/ar/ميرلفت/دكاكين_محلات_تجارية/à_hay_dakhla--للبيع,No,Not tagged
www.avito.ma/ar/نعيمة/تجارةـوـأعمالـتجارية/com*--للبيع,No,Not tagged
www.avito.ma/ar/وجدة/ألعاب_الفيديو_وأجهزة_تشغيل_أو_كونصولات/ps3_slim--للبيع,No,Not tagged
www.avito.ma/ar/وجدة/حي_التقدم/سيارات-للبيع,No,Not tagged
www.avito.ma/ar/وسط_المدينة/آلات_تصوير_و_كاميرات/ازغنغان_الناظور__54830085.htm,No,Not tagged
www.avito.ma/ar/وسط_المدينة/الحديقة/TONDEUSE_A_GAZON_ELECTRIQUE_1600W_55119247.htm,No,Not tagged
www.avito.ma/ar/وسط_المدينة/دكاكين،_محلات_تجارية_ومباني_صناعية/شقةمفروشة__للكراء_بتمارة__54154180.htm,No,Not tagged
www.avito.ma/ar/وسط_المدينة/معدات_أخرى/ماكينة_ضغط_الهواء_54580340.htm,No,Not tagged
www.avito.ma/ar/يعقوب_المنصور/دكاكين،_محلات_تجارية_ومباني_صناعية/Louez_3_garage__54327731.htm,No,Not tagged
www.avito.ma/auto/neuf/toyota/c-hr/,No,Not tagged
www.avito.ma/fr/2_mars/voitures_d'occasion/Land_Rover_Range_Rover_Vogue_Diesel_Automatique_53724990.htm,No,Not tagged
www.avito.ma/fr/administratif/ordinateurs_portables/Surface_pro_8_54903208.htm,No,Not tagged
www.avito.ma/fr/administratif/services/مكتب_الدراسات_التقنية_لاعمال_البناء_54245265.htm,No,Not tagged
www.avito.ma/fr/agadir/appartements/vente_à_hay,No,Not tagged
www.avito.ma/fr/agadir/instruments_de_musique/quad--à_vendre,No,Not tagged
www.avito.ma/fr/agadir/pour_tv_led--à_vendre,No,Not tagged
www.avito.ma/fr/agadir/بحث_عمل_في--demandes,No,Not tagged
www.avito.ma/fr/agdal/autre_matériel_professionel/عرض_خاص_للمحلات_التجارية_وسوبر_ماركت_53194633.htm,No,Not tagged
www.avito.ma/fr/agdal/décoration/SÉPARATEUR_DE_PIÈCE_BOÀ_TES_GÉOMÉTRIQUES_COLORÉES_54974157.htm,No,Not tagged
www.avito.ma/fr/agdal/equipements_pour_enfant_et_bébé/Poterie_professionnel_pour_enfant__54529286.htm,No,Not tagged
www.avito.ma/fr/aharrarine/matériels_professionnels/كراسي_صناعة_محلية__53160239.htm,No,Not tagged
www.avito.ma/fr/ahlane/décoration/Tableau_yahya_arte_fashion_25_54961788.htm,No,Not tagged
www.avito.ma/fr/ahlane/sports_et_loisirs/ماكينة_للجري__55134433.htm,No,Not tagged
www.avito.ma/fr/ain_sebaa/voitures_d'occasion/Citroen_Nemo_Diesel_Manuelle_2012_à_Casablanca_54757644.htm,No,Not tagged
www.avito.ma/fr/al_hoceima/animaux/de_chat--à_vendre,No,Not tagged
www.avito.ma/fr/al_wifaq/stocks_et_vente_en_gros/Casier_vestiaire_à_petit_prix_en_métallique_YE_52099761.htm,No,Not tagged
www.avito.ma/fr/amsernate/matériels_professionnels/le_chauffing_eau_solaire_54851191.htm,No,Not tagged
www.avito.ma/fr/ancienne_médina/voitures_d'occasion/ford_fiesta_54851342.htm,No,Not tagged
www.avito.ma/fr/andalouss/matériels_professionnels/Matériels_Professionnels_à_Salé_53507510.htm,No,Not tagged
www.avito.ma/fr/arset_el_maach/meubles_et_décoration/ديكور_مائي_رائع_للتزيين_54500785.htm,No,Not tagged
www.avito.ma/fr/asilah/meubles_et_décoration/Tableau_mer4_54276496.htm,No,Not tagged
www.avito.ma/fr/autre_secteur/accessoires_informatique_et_gadgets/DISQUE_DUR_3To_3_5_SAS_SEAGATE_54948716.htm,No,Not tagged
www.avito.ma/fr/autre_secteur/autre_matériel_professionel/les_étagères_importées_de_Turquie__PROMOTION_50956027.htm,No,Not tagged
www.avito.ma/fr/autre_secteur/matériel_de_bureau/Bureaux_haut_de_gamme_fabriqués_par_Magic_Mobilier_54601455.htm,No,Not tagged
www.avito.ma/fr/autre_secteur/matériels_professionnels/LIQUIDATION_AJ_54228019.htm,No,Not tagged
www.avito.ma/fr/autre_secteur/matériels_professionnels/Mobilier_de_bureau_53723884.htm,No,Not tagged
www.avito.ma/fr/autre_secteur/matériels_professionnels/humidificateur_diffuseur_de_vapeur_à_LED_54249129.htm,No,Not tagged
www.avito.ma/fr/av_des_far/magasins__commerces_et_locaux_industriels/Magasin_à_vendre_à_l_Avenue_des_Far_AGADIR_55120879.htm,No,Not tagged
www.avito.ma/fr/azemmour/matériels_professionnels/vitrine_de--à_vendre,No,Not tagged
www.avito.ma/fr/azemmour/بقع--à_vendre,No,Not tagged
www.avito.ma/fr/azzouzia/local_à_louer/تجزئة__ااكرم_55012485.htm,No,Not tagged
www.avito.ma/fr/aïn_chock/voitures_d'occasion/رونو_كليو_ديزل_أوتوماتيك_2019_في_الدار_البيضاء_54271986.htm,No,Not tagged
www.avito.ma/fr/bel_air___val_fleuri/maisons_et_villas/villa_a_quartier_val_fleuri_sur_3façades_54705637.htm,No,Not tagged
www.avito.ma/fr/belvédère/matériels_professionnels/MACHINE_60CM_POUR_DTF_تخفيضات_مهمة_54749809.htm,No,Not tagged
www.avito.ma/fr/belvédère/matériels_professionnels/PRESS_A_CHAUD_CASQUETTE_54820703.htm,No,Not tagged
www.avito.ma/fr/ben_ejdia/matériels_professionnels/Black_Cij_Printer_Videojet_Printing_Core_Ink__54304143.htm,No,Not tagged
www.avito.ma/fr/ben_m'sick/accessoires_informatique_et_gadgets/a_vendre_imprimante__Canon_53853864.htm,No,Not tagged
www.avito.ma/fr/berkane/produits_de_beaute/boucle--à_vendre,No,Not tagged
www.avito.ma/fr/bouaakkaz/animaux/chien_Bichon__54755113.htm,No,Not tagged
www.avito.ma/fr/bourgogne/appartements/A_vendre_sublime_appartement_meublé__Bourgogne_54704397.htm,No,Not tagged
www.avito.ma/fr/bouskoura/animaux/leo--à_vendre,No,Not tagged
www.avito.ma/fr/bouskoura_centre/electroménager_et_vaisselles/FRANKE_Plaque_cuisson_encastrable_54839444.htm,No,Not tagged
www.avito.ma/fr/bousselham/sacs_et_accessoires/pc_portable--à_vendre,No,Not tagged
www.avito.ma/fr/béni_mellal/locations_de_vacances/شقة_مفروشة_بدون_سمسار_52791616.htm,No,Not tagged
www.avito.ma/fr/casablanca/animaux/dyal--à_vendre,No,Not tagged
www.avito.ma/fr/casablanca/centre_ville/femmes_de_ménages__nounous_et_chauffeurs--à_vendre,No,Not tagged
www.avito.ma/fr/casablanca/courant_faible--à_vendre,No,Not tagged
www.avito.ma/fr/casablanca/hyundai_tucson_4x4--à_vendre,No,Not tagged
www.avito.ma/fr/casablanca/i30_2013--à_vendre,No,Not tagged
www.avito.ma/fr/casablanca/étagère_tv--à_vendre,No,Not tagged
www.avito.ma/fr/centre/téléphones/fes__centre_ville__54188281.htm,No,Not tagged
www.avito.ma/fr/centre/vélos/دراجة_هوائية_كهربائية_55122753.htm,No,Not tagged
www.avito.ma/fr/centre_ville/appareils_photo_et_caméras/كاميرامخفية_على_شكل_زر__54530366.htm,No,Not tagged
www.avito.ma/fr/centre_ville/matériels_professionnels/مكتب_كرسي_طاولة_أثاث_المدرسة_51852599.htm,No,Not tagged
www.avito.ma/fr/daoudiate/jeux_vidéo_et_consoles/Assassins_creed_vahalla_Ps4_54434844.htm,No,Not tagged
www.avito.ma/fr/derb_ghallef/voitures_d'occasion/Seat_Leon_FR_original_Auto_2021_importé_neuf__45462729.htm,No,Not tagged
www.avito.ma/fr/drissia/autre_matériel_professionel/_PROMO_رفوف_المحلات_التجارية__52705492.htm,No,Not tagged
www.avito.ma/fr/el_hajeb/véhicules/motorola--à_vendre,No,Not tagged
www.avito.ma/fr/essaouira/bien_être_et_sport,No,Not tagged
www.avito.ma/fr/guelmim/magasins_et_commerces/location_garage--à_vendre,No,Not tagged
www.avito.ma/fr/guelmim/matériels_professionnels/Matériels_Professionnels_à_Guelmim_53322983.htm,No,Not tagged
www.avito.ma/fr/guelmim/motos/103_classique--à_vendre,No,Not tagged
www.avito.ma/fr/guelmim/samsung_s9_64gb--à_vendre,No,Not tagged
www.avito.ma/fr/guéliz/locations_de_vacances/Appartement_meublé__55086157.htm,No,Not tagged
www.avito.ma/fr/hamria/locations_de_vacances/Appartement_Hamria_a_Meknès__54774702.htm,No,Not tagged
www.avito.ma/fr/haut_agdal/voitures_d'occasion/fiat_panda_essence__tres_bonne_etat_54696029.htm,No,Not tagged
www.avito.ma/fr/hay_hassani/téléphones/Infinix_Smart_5__54166006.htm,No,Not tagged
www.avito.ma/fr/hay_izdihar/voitures_d'occasion/Ford_Fiesta_Diesel_Trend_plus_Modèle_2017_54800148.htm,No,Not tagged
www.avito.ma/fr/hay_rahma/stocks_et_vente_en_gros/تلاجة__1_20مترو_54458306.htm,No,Not tagged
www.avito.ma/fr/imsouane/said--à_vendre,No,Not tagged
www.avito.ma/fr/kattara/pick_up_nissan--à_vendre,No,Not tagged
www.avito.ma/fr/khouribga/colocations/maison_louer_pour,No,Not tagged
www.avito.ma/fr/khouribga/electroménager_et_vaisselles/cuisiniére__54924350.htm,No,Not tagged
www.avito.ma/fr/khouribga/generateur--à_vendre,No,Not tagged
www.avito.ma/fr/khénifra/un_lit_de--à_vendre,No,Not tagged
www.avito.ma/fr/laayoune/kubota--à_vendre,No,Not tagged
www.avito.ma/fr/m'hamid/voitures_d'occasion/Clio_Gt_lain_jdida_53271547.htm,No,Not tagged
www.avito.ma/fr/maamora/voitures_d'occasion/Ssangyong_Kyron_Diesel_Manuelle_2008_à_Kénitra_54814828.htm,No,Not tagged
www.avito.ma/fr/malabata/terrains_et_fermes/_terrain_de_villa_autorise_à_vendre_à_Malabata_54680983.htm,No,Not tagged
www.avito.ma/fr/marjane_2/art_et_collections/لهواة_جمع_الاوراق_النقدية_الناذرة__54567521.htm,No,Not tagged
www.avito.ma/fr/maroc/100mm_macro--à_vendre,No,Not tagged
www.avito.ma/fr/maroc/119_à--à_vendre,No,Not tagged
www.avito.ma/fr/maroc/3.5_to--à_vendre,No,Not tagged
www.avito.ma/fr/maroc/accelerateur--à_vendre,No,Not tagged
www.avito.ma/fr/maroc/accessoires_informatique_et_gadgets/jdida_w--à_vendre,No,Not tagged
www.avito.ma/fr/maroc/accessoires_informatique_et_gadgets/téléphone_fix--à_vendre,No,Not tagged
www.avito.ma/fr/maroc/aerox_2--à_vendre,No,Not tagged
www.avito.ma/fr/maroc/ampoule_espion--à_vendre,No,Not tagged
www.avito.ma/fr/maroc/animaux/1_dh--à_vendre,No,Not tagged
www.avito.ma/fr/maroc/apartemen--à_vendre,No,Not tagged
www.avito.ma/fr/maroc/appartements/a_louer_2500dh,No,Not tagged
www.avito.ma/fr/maroc/art_et_collections/un_centre--à_vendre,No,Not tagged
www.avito.ma/fr/maroc/cables_hdmi--à_vendre,No,Not tagged
www.avito.ma/fr/maroc/caddy_6_porte--à_vendre,No,Not tagged
www.avito.ma/fr/maroc/canon_objectif_24_70--à_vendre,No,Not tagged
www.avito.ma/fr/maroc/casque_5_en--à_vendre,No,Not tagged
www.avito.ma/fr/maroc/centre_de_sondage--à_vendre,No,Not tagged
www.avito.ma/fr/maroc/chaise_bn--à_vendre,No,Not tagged
www.avito.ma/fr/maroc/colocations/apartement,No,Not tagged
www.avito.ma/fr/maroc/commercial_derb_omar--à_vendre,No,Not tagged
www.avito.ma/fr/maroc/coques_batterie--à_vendre,No,Not tagged
www.avito.ma/fr/maroc/cp_portable--à_vendre,No,Not tagged
www.avito.ma/fr/maroc/dell_e7250_i7--à_vendre,No,Not tagged
www.avito.ma/fr/maroc/ecran_40_pouce--à_vendre,No,Not tagged
www.avito.ma/fr/maroc/equipement_construction--à_vendre,No,Not tagged
www.avito.ma/fr/maroc/equipements_pour_enfant/housses_pour--à_vendre,No,Not tagged
www.avito.ma/fr/maroc/femme_de_menage_nounou_chauffeurs/à--à_vendre,No,Not tagged
www.avito.ma/fr/maroc/huawei_3gb--à_vendre,No,Not tagged
www.avito.ma/fr/maroc/jardin_et_outils_de_bricolage/de_50_à--à_vendre,No,Not tagged
www.avito.ma/fr/maroc/jet_a_vendre--à_vendre,No,Not tagged
www.avito.ma/fr/maroc/jeux_vidéo_et_consoles/frein_a--à_vendre,No,Not tagged
www.avito.ma/fr/maroc/magasins_et_commerces/pour_faire--à_vendre,No,Not tagged
www.avito.ma/fr/maroc/maison_de_39--à_vendre,No,Not tagged
www.avito.ma/fr/maroc/master_2000--à_vendre,No,Not tagged
www.avito.ma/fr/maroc/matériels_professionnels/passerelle--à_vendre,No,Not tagged
www.avito.ma/fr/maroc/meubles_et_décoration/caniche--à_vendre,No,Not tagged
www.avito.ma/fr/maroc/meubles_et_décoration/rideaux_les--à_vendre,No,Not tagged
www.avito.ma/fr/maroc/meublé_130m--à_vendre,No,Not tagged
www.avito.ma/fr/maroc/moteur_renault_9_diesel--à_vendre,No,Not tagged
www.avito.ma/fr/maroc/motos/de_100_la--à_vendre,No,Not tagged
www.avito.ma/fr/maroc/motos/l_des--à_vendre,No,Not tagged
www.avito.ma/fr/maroc/ordinateurs_portables/sony_1000--à_vendre,No,Not tagged
www.avito.ma/fr/maroc/pc_portable_elitebook--à_vendre,No,Not tagged
www.avito.ma/fr/maroc/produits_de_beaute/valise_un--à_vendre,No,Not tagged
www.avito.ma/fr/maroc/rahi--à_vendre,No,Not tagged
www.avito.ma/fr/maroc/smart_pro_4k--à_vendre,No,Not tagged
www.avito.ma/fr/maroc/smart_tv_24--à_vendre,No,Not tagged
www.avito.ma/fr/maroc/stocks_et_vente_en_gros/à_laver--à_vendre,No,Not tagged
www.avito.ma/fr/maroc/tablettes/vous--à_vendre,No,Not tagged
www.avito.ma/fr/maroc/terrains_et_fermes/deux_en--à_vendre,No,Not tagged
www.avito.ma/fr/maroc/terrains_et_fermes/diwana--à_vendre,No,Not tagged
www.avito.ma/fr/maroc/titan_avec--à_vendre,No,Not tagged
www.avito.ma/fr/maroc/tv_lg_50_smart--à_vendre,No,Not tagged
www.avito.ma/fr/maroc/villa_haute_gamme--à_vendre,No,Not tagged
www.avito.ma/fr/maroc/voyage_et_billetterie/passe--à_vendre,No,Not tagged
www.avito.ma/fr/maroc/voyage_et_billetterie/pour_les_enfants--à_vendre,No,Not tagged
www.avito.ma/fr/maroc/wifi_10--à_vendre,No,Not tagged
www.avito.ma/fr/maroc/à_london--à_vendre,No,Not tagged
www.avito.ma/fr/maroc/الودادية--à_vendre,No,Not tagged
www.avito.ma/fr/marrakech/motos/une_voitures--à_vendre,No,Not tagged
www.avito.ma/fr/marrakech/motos/درجة_نارية--à_vendre,No,Not tagged
www.avito.ma/fr/marrakech/mzian--à_vendre,No,Not tagged
www.avito.ma/fr/marrakech/services/bon_prix--à_vendre,No,Not tagged
www.avito.ma/fr/martil/immobilier/monet,No,Not tagged
www.avito.ma/fr/martil/magasins_et_commerces/m--à_vendre,No,Not tagged
www.avito.ma/fr/massira_2/accessoires_informatique_et_gadgets/Ssd_Externe_Crucial_x6_1to_53756308.htm,No,Not tagged
www.avito.ma/fr/mdiq/nisan_model,No,Not tagged
www.avito.ma/fr/mohammedia/de_camion--à_vendre,No,Not tagged
www.avito.ma/fr/mohammedia/jardin_et_outils_de_bricolage/bronze--à_vendre,No,Not tagged
www.avito.ma/fr/mohammedia/location_longue_durée,No,Not tagged
www.avito.ma/fr/mohammedia/motos/motur--à_vendre,No,Not tagged
www.avito.ma/fr/mont_fleuri_2/ordinateurs_de_bureau/Caisse_tactile_avec_imprimante__53220301.htm,No,Not tagged
www.avito.ma/fr/moujahidine/meubles_et_décoration/Decore__54299101.htm,No,Not tagged
www.avito.ma/fr/oued_laou/colocations/prix_de,No,Not tagged
www.avito.ma/fr/oujda/andalous/engins_btp-à_vendre,No,Not tagged
www.avito.ma/fr/oujda/avito_market,No,Not tagged
www.avito.ma/fr/oujda/motor_c100--à_vendre,No,Not tagged
www.avito.ma/fr/rabat/art_et_collections/carlsberg_lager_53260673.htm,No,Not tagged
www.avito.ma/fr/rabat/chauffeur_de--demandes,No,Not tagged
www.avito.ma/fr/rabat/marke--à_vendre,No,Not tagged
www.avito.ma/fr/rabat/matériel_et_de--demandes,No,Not tagged
www.avito.ma/fr/rabat/peugeot_307_break--à_vendre,No,Not tagged
www.avito.ma/fr/rabat/terrains_et_fermes/للبيع_ارض--à_vendre,No,Not tagged
www.avito.ma/fr/safi/mimouza--à_vendre,No,Not tagged
www.avito.ma/fr/safi/vélos/a_vendre--à_vendre,No,Not tagged
www.avito.ma/fr/settat/2_plus,No,Not tagged
www.avito.ma/fr/sidi_ali/meubles_et_décoration/vendre_bon_état--à_vendre,No,Not tagged
www.avito.ma/fr/sidi_belyout/villas_et_riads/770_Vente_Villa_à_Casablanca_Mers_Sultan_de_95____54687568.htm,No,Not tagged
www.avito.ma/fr/sidi_bouzid/téléphones/f--à_vendre,No,Not tagged
www.avito.ma/fr/sidi_kacem/meubles_et_décoration/تركية--à_vendre,No,Not tagged
www.avito.ma/fr/sidi_slimane_echcharraa/meubles_et_décoration/vente_salon_marocain--à_vendre,No,Not tagged
www.avito.ma/fr/sidi_yahya_el_gharb/voitures_d'occasion/Peugeot__54979098.htm,No,Not tagged
www.avito.ma/fr/sidi_youssef_ben_ali/matériels_professionnels/Lot_de_presentoirs_froid_vertical_et_horizontal_54811998.htm,No,Not tagged
www.avito.ma/fr/tabriquet/animaux/Couple_inséparable_fisher_mojoda_54178030.htm,No,Not tagged
www.avito.ma/fr/tabriquet/téléphones/iPhone_13_Pro_Max_54438608.htm,No,Not tagged
www.avito.ma/fr/tahla/renaut_clio--à_vendre,No,Not tagged
www.avito.ma/fr/talsint/informatique_et_multimedia/courrier--à_vendre,No,Not tagged
www.avito.ma/fr/tanger/gén_4g--à_vendre,No,Not tagged
www.avito.ma/fr/tanger/instruments_de_musique/rme--à_vendre,No,Not tagged
www.avito.ma/fr/tanger/matériels_professionnels/de_electronique--à_vendre,No,Not tagged
www.avito.ma/fr/tanger/matériels_professionnels/machine_tour_cnc--à_vendre,No,Not tagged
www.avito.ma/fr/tanger/mercedis_benz--à_vendre,No,Not tagged
www.avito.ma/fr/tanger/montre_g_shock_casio--à_vendre,No,Not tagged
www.avito.ma/fr/tanger/terrains_et_fermes/sabt--à_vendre,No,Not tagged
www.avito.ma/fr/tanger/youpala_bonne_état--à_vendre,No,Not tagged
www.avito.ma/fr/tanger/دورة_في--à_vendre,No,Not tagged
www.avito.ma/fr/taroudant/un--demandes,No,Not tagged
www.avito.ma/fr/taza/téléphones/Smartphone_et_Téléphone_à_Taza_53197753.htm,No,Not tagged
www.avito.ma/fr/temara/meubles_et_décoration/حنبل_52883627.htm,No,Not tagged
www.avito.ma/fr/tinghir/autres_emplois/je_recherche_un_emploi_de_chauffeur_54350059.htm,No,Not tagged
www.avito.ma/fr/tit_mellil/animaux/6_plus--à_vendre,No,Not tagged
www.avito.ma/fr/tétouan/chauffage_gaz,No,Not tagged
www.avito.ma/fr/ville_verte/villas_et_riads/Villa_majestueuse_à_louer_55125321.htm,No,Not tagged
www.avito.ma/fr/youssoufia/accessoires_informatique_et_gadgets/G7500_GAMING_CASQUE_AVEC_LED_MICROPHONE_54690829.htm,No,Not tagged
www.avito.ma/fr/youssoufia/habillement_et_bien_etre/dakhla--à_vendre,No,Not tagged
www.avito.ma/ar/2_مرجان/دار_أو_ڨيلا/R_plus_deux_comerciale_53226979.htm,No,Not tagged
www.avito.ma/ar/casablanca/أحذية/Sneakers_Chanel_High_quality__51830627.htm,No,Not tagged
www.avito.ma/ar/أكدال/ألعاب_الفيديو_وأجهزة_تشغيل_أو_كونصولات/T3PA_thrustmaster_pro__54314186.htm,No,Not tagged
www.avito.ma/ar/اخفنير/هواياتـوـرياضة/italia--للبيع,No,Not tagged
www.avito.ma/ar/اسفي/الأثاثـوـالديكور/placard_cuisine--للبيع,No,Not tagged
www.avito.ma/ar/الجديدة/ألعاب_الفيديو_وأجهزة_تشغيل_أو_كونصولات/robot_de--للبيع,No,Not tagged
www.avito.ma/ar/الحوزية/سيارات_مستعملة/_logan_tout_optione_2018_54850770.htm,No,Not tagged
www.avito.ma/ar/الخيام/قطع_الغيار_لوسائل_النقل/Retroviseur_Renault_kango__54546091.htm,No,Not tagged
www.avito.ma/ar/الدار_البيضاء/220_2000--للبيع,No,Not tagged
www.avito.ma/ar/الدار_البيضاء/homemax--للبيع,No,Not tagged
www.avito.ma/ar/الدار_البيضاء/infographiste--للبيع,No,Not tagged
www.avito.ma/ar/الدار_البيضاء/mosquée_adarissa--للبيع,No,Not tagged
www.avito.ma/ar/الدار_البيضاء/vêtement_femmes--للبيع,No,Not tagged
www.avito.ma/ar/الدار_البيضاء/برطما_شقة/triangle_d_or,No,Not tagged
www.avito.ma/ar/الدار_البيضاء/حيوانات_أليفة/i--للبيع,No,Not tagged
www.avito.ma/ar/الرباط/montres_pour_femme--للبيع,No,Not tagged
www.avito.ma/ar/الرحمة/ألعاب_الفيديو_وأجهزة_تشغيل_أو_كونصولات/cartouche_gamegear_3ds_54669852.htm,No,Not tagged
www.avito.ma/ar/السمارة/دكاكين_محلات_تجارية/d--للبيع,No,Not tagged
www.avito.ma/ar/السوالم/الأجهزة_المنزلية_الصغيرة-للبيع,No,Not tagged
www.avito.ma/ar/الصخيرات/هواياتـوـرياضة/et_accessoires_de--للبيع,No,Not tagged
www.avito.ma/ar/العزيب/آلات_تصوير_و_كاميرات/Sony_A230__55083325.htm,No,Not tagged
www.avito.ma/ar/المحمدية/آلةـتصويرـوـكامرا/gps_traceur--للبيع,No,Not tagged
www.avito.ma/ar/المسيرة_2/أجهزة_صوتية_عالية_الدقة/Revoox_Speaker_Glow___RS_G01___Noir_54738410.htm,No,Not tagged
www.avito.ma/ar/المعاريف/اكسسوارات_الكمبيوتر_والأجهزة/Arduino_UNO_et_d_autres_accessoires_54314241.htm,No,Not tagged
www.avito.ma/ar/المعاريف/مكاتب/plateau_à_1minute_de_zara_maarif__54770470.htm,No,Not tagged
www.avito.ma/ar/المغرب/alienware_r3--للبيع,No,Not tagged
www.avito.ma/ar/المغرب/citroën_c4_cactus--للبيع,No,Not tagged
www.avito.ma/ar/المغرب/fiat_2_porte--للبيع,No,Not tagged
www.avito.ma/ar/المغرب/grand_tapis_marocain--للبيع,No,Not tagged
www.avito.ma/ar/المغرب/moteur_de_kangoo--للبيع,No,Not tagged
www.avito.ma/ar/المغرب/rideau_pour_petit_salon--للبيع,No,Not tagged
www.avito.ma/ar/المغرب/samsung_curved_tv--للبيع,No,Not tagged
www.avito.ma/ar/المغرب/xiaomi_comme_neuf--للبيع,No,Not tagged
www.avito.ma/ar/المغرب/y7_32_go--للبيع,No,Not tagged
www.avito.ma/ar/المغرب/آلةـتصويرـوـكامرا/r6*--للبيع,No,Not tagged
www.avito.ma/ar/المغرب/ألعاب_الفيديو_وأجهزة_تشغيل_أو_كونصولات/de_135--للبيع,No,Not tagged
www.avito.ma/ar/المغرب/دراجات_نارية/ktm_r--للبيع,No,Not tagged
www.avito.ma/ar/المغرب/عقار/créer_compte,No,Not tagged
www.avito.ma/ar/المغرب/معدات_مهنية/garrett_250--للبيع,No,Not tagged
www.avito.ma/ar/المنصورية/عقار_آخر/pour--للبيع,No,Not tagged
www.avito.ma/ar/الولفة/حيوانات_أليفة/bouledogue_fluffy__54922024.htm,No,Not tagged
www.avito.ma/ar/بنى_ملال/هوايات_ورياضة/Chaussures_de_football_54301949.htm,No,Not tagged
www.avito.ma/ar/بني_افتح/الأثاثـوـالديكور-للبيع,No,Not tagged
www.avito.ma/ar/بودير/سيارات_مستعملة/fiat_500_rouge_nkkia_bzaff__54760422.htm,No,Not tagged
www.avito.ma/ar/بوركون/درجات_نارية/INDIAN_FTR_1200_S__52776413.htm,No,Not tagged
www.avito.ma/ar/تازة/dacia_stepway--للبيع,No,Not tagged
www.avito.ma/ar/تازة/بقعـوـمزارع/des_terrains_à--للبيع,No,Not tagged
www.avito.ma/ar/تاسيلا/دكاكين،_محلات_تجارية_ومباني_صناعية/Usine_à_vendre_à_la_zone_industrielle_Tassila_55000817.htm,No,Not tagged
www.avito.ma/ar/تالسينت/الأثاثـوـالديكور-للبيع,No,Not tagged
www.avito.ma/ar/تتيلة/ألعاب_الفيديو_وأجهزة_تشغيل_أو_كونصولات/Volant_Gaming_T80_Collab_Ferrari_54249004.htm,No,Not tagged
www.avito.ma/ar/تطوان/باطوّات_قوارب/je_mets_en--للبيع,No,Not tagged
www.avito.ma/ar/تطوان/كويلمة/حيوانات_أليفة-للبيع,No,Not tagged
www.avito.ma/ar/تمارة/nijara--للبيع,No,Not tagged
www.avito.ma/ar/حي_آخر/الأثاث_والديكور/Paravent_Tapisserie_Tribu_Mandala_A_Meknès_Cdfnk_54725432.htm,No,Not tagged
www.avito.ma/ar/حي_آخر/بقع_و_مزارع_للكراء/lots_de_terrains_projet__Nassim__Skhirat_42120461.htm,No,Not tagged
www.avito.ma/ar/حي_آخر/فيلات___رياض/43030_Vente_Villa_à___de_20000_m²_54771183.htm,No,Not tagged
www.avito.ma/ar/حي_آخر/معدات_أخرى/peinture_Colorado_cololac_15_kg_54596682.htm,No,Not tagged
www.avito.ma/ar/حي_آخر/معدات_مهنية/Machine_à_crème_glacée_53609970.htm,No,Not tagged
www.avito.ma/ar/حي_الأمل/الأجهزة_المنزلية_الصغيرة/ventilation_et_chauffage_Thomson__55036972.htm,No,Not tagged
www.avito.ma/ar/حي_الرياض/ألعاب_الفيديو_وأجهزة_تشغيل_أو_كونصولات/9_roman_de_journal_d_un_dégonflé_53288458.htm,No,Not tagged
www.avito.ma/ar/حي_السلام/ألعاب_الفيديو/Ps4_slim_500gb_55096623.htm,No,Not tagged
www.avito.ma/ar/حي_المسار/هوايات_ورياضة/equipements_professionnels_musculation_fitness__54767518.htm,No,Not tagged
www.avito.ma/ar/حي_مولاي_رشيد/منتجات_التجميل/Encens_en_bâtonnets_niade__53926747.htm,No,Not tagged
www.avito.ma/ar/خريبكة/كمبيوتر_محمول/LENOVO_ThinkPad_T560_double_carte_54634228.htm,No,Not tagged
www.avito.ma/ar/خريبكة/هواتف/téléphone_oppo_a7__54322074.htm,No,Not tagged
www.avito.ma/ar/دار_مهراز/الديكور/PARAVENT_5_VOLETS__METAL_VALSE_ET_PIANO_II_55118779.htm,No,Not tagged
www.avito.ma/ar/زواغة/هواتف/iphone_12_pro_max_54358274.htm,No,Not tagged
www.avito.ma/ar/سايس/دكاكين،_محلات_تجارية_ومباني_صناعية/Magasin_a_vendre_54437613.htm,No,Not tagged
www.avito.ma/ar/سلا/ﻒﻧ_ﻮﺘﺤﻓ/تحف_نحاس--للبيع,No,Not tagged
www.avito.ma/ar/سيدي_بوزيد/الأثاث_والديكور/Table_artisanale_mosaïque_et_fer_forgé_54800724.htm,No,Not tagged
www.avito.ma/ar/سيدي_موسى/سيارات_مستعملة/Dacia_Logan_Diesel_Manuelle_2015_à_Salé_54701681.htm,No,Not tagged
www.avito.ma/ar/سيدي_مومن/هواتف/J2_khaso_afficheur_53879451.htm,No,Not tagged
www.avito.ma/ar/شارع_عبد_الكريم_الخطابي/شقق/Appartement_89_m²_à_Marrakech_54379958.htm,No,Not tagged
www.avito.ma/ar/طنجة/aquaparck--للبيع,No,Not tagged
www.avito.ma/ar/عبد_المومن/معدات_المكتب/__CHAISE_EN_TISSU_NOIR___PROMO_55074726.htm,No,Not tagged
www.avito.ma/ar/عين_الشق/الأواني/Lave_vaisselle__55134184.htm,No,Not tagged
www.avito.ma/ar/عين_دياب/الديكور/Tableau_yahya_sur_toile_c50_54836518.htm,No,Not tagged
www.avito.ma/ar/عين_عودة/samsung_s7--للبيع,No,Not tagged
www.avito.ma/ar/كابو_نيكرو/منازل_للعطلة/Loft_élégant_à_louer_en_Mirador_55116688.htm,No,Not tagged
www.avito.ma/ar/كلميم/machine_à_tricoter--للبيع,No,Not tagged
www.avito.ma/ar/ليساسفة/شقق/Appartement_à_vendre_à_Casablanca_53419346.htm,No,Not tagged
www.avito.ma/ar/مراكش/montre_connecté--للبيع,No,Not tagged
www.avito.ma/ar/مراكش/دراجات_نارية/moto_kymco--للبيع,No,Not tagged
www.avito.ma/ar/مرتيل/منازل_للعطلة/Appartement_à_louer_à_Martil_53263809.htm,No,Not tagged
www.avito.ma/ar/وسط_المدينة/الأثاث_والديكور/Salon_et_table_television_53888315.htm,No,Not tagged
www.avito.ma/ar/وسط_المدينة/سيارات_مستعملة/Volkswagen_Tiguan_Diesel_Automatique_2021_à_Agadir_54850247.htm,No,Not tagged
www.avito.ma/ar/وسط_المدينة/شقق/Appartement_à_louer_74_m²_à_Casablanca_55131002.htm,No,Not tagged
www.avito.ma/ar/ٱمرشيش/ألعاب_الفيديو_وأجهزة_تشغيل_أو_كونصولات/ps4_pro_bon_état__53769178.htm,No,Not tagged
www.avito.ma/auto/neuf/kia/rio/1.4-109ch-active-bva-4p/,No,Not tagged
www.avito.ma/fr/abdelmoumen/electroménager_et_vaisselles/Lave_vaisselle__54622590.htm,No,Not tagged
www.avito.ma/fr/adrej/croquet--à_vendre,No,Not tagged
www.avito.ma/fr/agadir/maison_de_5000--à_vendre,No,Not tagged
www.avito.ma/fr/agadir/talborjt/vélos/appartement--à_vendre,No,Not tagged
www.avito.ma/fr/agadir_melloul/voitures_d'occasion/Renault_Megane_Essence_Manuelle_2003_54659673.htm,No,Not tagged
www.avito.ma/fr/agdal/art_et_collections/20_pence_1982_54547235.htm,No,Not tagged
www.avito.ma/fr/agdal/motos/Aerox_2012_dd_23_54854296.htm,No,Not tagged
www.avito.ma/fr/agdal/smartphone_et_téléphone/Iphone_13_pro__54483094.htm,No,Not tagged
www.avito.ma/fr/agdal/téléphones/Je_mets_en_vente_iphone_13_prox_max_54228516.htm,No,Not tagged
www.avito.ma/fr/aguelmous/animaux/pour_ferme--à_vendre,No,Not tagged
www.avito.ma/fr/ahlane/appartements/منزل_للكراء_اليوم_مجمع_النور_قرب__54880278.htm,No,Not tagged
www.avito.ma/fr/ain_atig/téléphones/Galaxy_G6_plus_53981169.htm,No,Not tagged
www.avito.ma/fr/ain_sebaa/matériels_professionnels/تجهيزات_مقاهي_ومطاعم_chaise_table_café_37591505.htm,No,Not tagged
www.avito.ma/fr/ain_sebaa/téléphones/Redmi10___54335427.htm,No,Not tagged
www.avito.ma/fr/ain_sebaa/voitures_d'occasion/volkswagen_TRoc_55126935.htm,No,Not tagged
www.avito.ma/fr/al_hociema/motos/n9iya--à_vendre,No,Not tagged
www.avito.ma/fr/al_mandar_al_jamil/smartphone_et_téléphone/هاتف_للبيع_في_حالة_جيدة_53630928.htm,No,Not tagged
www.avito.ma/fr/al_qods/matériels_professionnels/Le_confort_local_Pack_Chaise_54350382.htm,No,Not tagged
www.avito.ma/fr/allal_el_fassi/animaux/chien_cane_corso_pure_race_54858765.htm,No,Not tagged
www.avito.ma/fr/aouama_gharbia/appartements/_Doha_valfleury_Immeuble_9_53248374.htm,No,Not tagged
www.avito.ma/fr/autre_secteur/appareils_photo_et_caméras/KIT_FLASH_GODOX_SK_400W_II_A_CASABLANCA_Réf_4Ntv9_54481033.htm,No,Not tagged
www.avito.ma/fr/autre_secteur/art_et_collections/5_موزونات__54812025.htm,No,Not tagged
www.avito.ma/fr/autre_secteur/autre_matériel_professionel/Rayonnage_de_stockage_53862853.htm,No,Not tagged
www.avito.ma/fr/autre_secteur/autre_matériel_professionel/gondole_économique_supermarché_54544595.htm,No,Not tagged
www.avito.ma/fr/autre_secteur/jeux_vidéo_et_consoles/ps4_en_ligne_53706478.htm,No,Not tagged
www.avito.ma/fr/autre_secteur/matériels_professionnels/Casier_Vestiaire_Métallique_Mm_À__54737379.htm,No,Not tagged
www.avito.ma/fr/autre_secteur/voitures_d'occasion/Audi_Q5_Diesel_Automatique_fin_2019_54730750.htm,No,Not tagged
www.avito.ma/fr/aïn_borja/equipements_pour_enfant_et_bébé/poussette_mon_bébé_3péice_53945059.htm,No,Not tagged
www.avito.ma/fr/bab_doukkala/sports_et_loisirs/حبل_مقاومة__54219752.htm,No,Not tagged
www.avito.ma/fr/bab_fès/matériel_de_bureau/ARMOIRES_METALLIQUES_EN_PROMO_8_10______54492335.htm,No,Not tagged
www.avito.ma/fr/belvédère/matériels_professionnels/PRESS_2_MUG_en_promo_A_CNPRINT_CASA_54754478.htm,No,Not tagged
www.avito.ma/fr/belvédère/meubles_et_décoration/bibliothèque_ikea_54396116.htm,No,Not tagged
www.avito.ma/fr/belvédère/voitures_d'occasion/TOYOTA_COROLLA_VERSO_DIESEL__54861144.htm,No,Not tagged
www.avito.ma/fr/berkane/matériels_professionnels/تجهيزات_مدرسية_لجميع_الاقسام_53164665.htm,No,Not tagged
www.avito.ma/fr/berrechid/business_et_affaire_commerciale/chaise_pour_les--à_vendre,No,Not tagged
www.avito.ma/fr/bourj_moulay_omar/animaux/chien_chiwawa_54674739.htm,No,Not tagged
www.avito.ma/fr/bourj_moulay_omar/meubles_et_décoration/محال_مجهز_بكمباطا_54785635.htm,No,Not tagged
www.avito.ma/fr/bouznika/appartements/7_prix,No,Not tagged
www.avito.ma/fr/béni_mellal/locations_de_vacances/شقة_مجهزة_للكراء_اليومي_للعائلة__54493684.htm,No,Not tagged
www.avito.ma/fr/casablanca/appartements/appartement_double_face,No,Not tagged
www.avito.ma/fr/casablanca/b_konica_bizhub--à_vendre,No,Not tagged
www.avito.ma/fr/casablanca/belvedere/offre_emplois--à_vendre,No,Not tagged
www.avito.ma/fr/casablanca/clever--à_vendre,No,Not tagged
www.avito.ma/fr/casablanca/drap_enfant--à_vendre,No,Not tagged
www.avito.ma/fr/casablanca/hassan/electorménager_et_vaisselle-à_vendre,No,Not tagged
www.avito.ma/fr/casablanca/informatique_et--demandes,No,Not tagged
www.avito.ma/fr/casablanca/mercedes_familiale--à_vendre,No,Not tagged
www.avito.ma/fr/casablanca/motos/kawasaki_750--à_vendre,No,Not tagged
www.avito.ma/fr/casablanca/motos/sh_robot_300--à_vendre,No,Not tagged
www.avito.ma/fr/casablanca/peugeot_boxer_diesel--à_vendre,No,Not tagged
www.avito.ma/fr/casablanca/pour_garçon--à_vendre,No,Not tagged
www.avito.ma/fr/casablanca/pulman--à_vendre,No,Not tagged
www.avito.ma/fr/casablanca/talborjt/meubles_et_décoration-à_vendre,No,Not tagged
www.avito.ma/fr/casablanca/كرسي_الحلاقة--à_vendre,No,Not tagged
www.avito.ma/fr/centre/accessoires_informatique_et_gadgets/RVIKATA_02_Réveil_camera_Espion_HD_720P_WI_FI__54527458.htm,No,Not tagged
www.avito.ma/fr/centre/locations_de_vacances/chic_pièce_pr_les_familles_et_charikat_moldar__54773607.htm,No,Not tagged
www.avito.ma/fr/centre_ville/jardin/Router_Ingco_Industriel_53605071.htm,No,Not tagged
www.avito.ma/fr/centre_ville/voitures_d'occasion/Kia_Sportage_Diesel_Automatique_2020_à_Casablanca_54962836.htm,No,Not tagged
www.avito.ma/fr/comatrav/matériels_professionnels/rayonnage_léger_en_promo__53072068.htm,No,Not tagged
www.avito.ma/fr/de_la_plage/locations_de_vacances/شقق_محترمة_للكراء_أمام_البحر__55032084.htm,No,Not tagged
www.avito.ma/fr/dzouz/الفلين/meubles_et_décoration-à_vendre,No,Not tagged
www.avito.ma/fr/el_ensanche/matériels_professionnels/un_mobile_climatiseur_54851451.htm,No,Not tagged
www.avito.ma/fr/el_houda/voitures_d'occasion/Audi_Q5_Diesel_Automatique_2019_à_Agadir_54858964.htm,No,Not tagged
www.avito.ma/fr/el_jadida/art_et_collections/machine_à--à_vendre,No,Not tagged
www.avito.ma/fr/el_jadida/laver_a_vendre--à_vendre,No,Not tagged
www.avito.ma/fr/el_jadida/ordinateur_portable_core--à_vendre,No,Not tagged
www.avito.ma/fr/el_jadida/robes_de_mariage--à_vendre,No,Not tagged
www.avito.ma/fr/el_jadida/salama/bureaux_et_plateaux/offre_location_de--à_vendre,No,Not tagged
www.avito.ma/fr/el_jadida/stocks_et_vente_en_gros/pneu_et--à_vendre,No,Not tagged
www.avito.ma/fr/es_saada/demandes_d'emploi/infirmière_à_domicile__54097437.htm,No,Not tagged
www.avito.ma/fr/essaouira/ordinateurs_bureau/pc_ultra--à_vendre,No,Not tagged
www.avito.ma/fr/essaouira_el_jadida/matériels_professionnels/Vente_table__54782472.htm,No,Not tagged
www.avito.ma/fr/guéliz/locations_de_vacances/appartement_avec_Wifi__54838645.htm,No,Not tagged
www.avito.ma/fr/hay_chmaou/equipements_pour_enfant_et_bébé/smitat_wlad_jdadd_53805424.htm,No,Not tagged
www.avito.ma/fr/hay_el_fath/matériels_professionnels/Filet__de_sardines__54633690.htm,No,Not tagged
www.avito.ma/fr/hay_hassani/matériels_professionnels/table_pizza_gastro_positif__54670620.htm,No,Not tagged
www.avito.ma/fr/hay_riad/vélos/vélo_VTT_a_vendre_54805336.htm,No,Not tagged
www.avito.ma/fr/ifrane/volkswagen_jetta--à_vendre,No,Not tagged
www.avito.ma/fr/imouzzer/habillement_et_bien_etre/de_jeux--à_vendre,No,Not tagged
www.avito.ma/fr/imzouren/terrains_et_fermes/أرض_محفظة_للبيع_بإمجوظن_امزورن_الحسيمة_55126480.htm,No,Not tagged
www.avito.ma/fr/industriel_nord/sports_et_loisirs/Protege_sky_dyal_bnat__54912456.htm,No,Not tagged
www.avito.ma/fr/jaadar/smartphone_et_téléphone/Iphone_14_54442993.htm,No,Not tagged
www.avito.ma/fr/kattara/toyota_hilux_pick--à_vendre,No,Not tagged
www.avito.ma/fr/khouribga/ordinateurs_portables/et_de_lit--à_vendre,No,Not tagged
www.avito.ma/fr/khouribga/voitures_d'occasion/Opel_Astra_Diesel_Manuelle_2004_à_Khouribga_55124188.htm,No,Not tagged
www.avito.ma/fr/kénitra/produits_de_beaute/bonne--à_vendre,No,Not tagged
www.avito.ma/fr/larache/kango--à_vendre,No,Not tagged
www.avito.ma/fr/le_boulevard_mohammed_v/locations_de_vacances/Appartement_dû_Luxe__54887669.htm,No,Not tagged
www.avito.ma/fr/lissasfa/appartements/Appartement_à_vendre_53m2__53058071.htm,No,Not tagged
www.avito.ma/fr/maarif/bureaux_et_plateaux/plateau_aménagé_à_proximité_zara_maarif__54961623.htm,No,Not tagged
www.avito.ma/fr/maarif/téléphones/Iphone_14_pro_max_256_gb_53341915.htm,No,Not tagged
www.avito.ma/fr/mabrouka/jeux_vidéo_et_consoles/حي_مبروكة_53701853.htm,No,Not tagged
www.avito.ma/fr/maroc/5_cassé--à_vendre,No,Not tagged
www.avito.ma/fr/maroc/adaptateur_usb_android--à_vendre,No,Not tagged
www.avito.ma/fr/maroc/appart_m2_residence--à_vendre,No,Not tagged
www.avito.ma/fr/maroc/appartement_ancienne_médina--à_vendre,No,Not tagged
www.avito.ma/fr/maroc/camion_transit--à_vendre,No,Not tagged
www.avito.ma/fr/maroc/chaise_haute_jamais_utilisé--à_vendre,No,Not tagged
www.avito.ma/fr/maroc/chaussure_talons--à_vendre,No,Not tagged
www.avito.ma/fr/maroc/chaussures/nadya--à_vendre,No,Not tagged
www.avito.ma/fr/maroc/consoles_de_jeux--à_vendre,No,Not tagged
www.avito.ma/fr/maroc/dell_i5_3470--à_vendre,No,Not tagged
www.avito.ma/fr/maroc/engins_agricole/24--à_vendre,No,Not tagged
www.avito.ma/fr/maroc/gerflex_revetement_de--à_vendre,No,Not tagged
www.avito.ma/fr/maroc/gta_v_dvd--à_vendre,No,Not tagged
www.avito.ma/fr/maroc/gtx_75_ti--à_vendre,No,Not tagged
www.avito.ma/fr/maroc/had_brachoua--à_vendre,No,Not tagged
www.avito.ma/fr/maroc/ip_cam--à_vendre,No,Not tagged
www.avito.ma/fr/maroc/kolxi_dyalo--à_vendre,No,Not tagged
www.avito.ma/fr/maroc/led_cercle--à_vendre,No,Not tagged
www.avito.ma/fr/maroc/les_injecteur_dacia--à_vendre,No,Not tagged
www.avito.ma/fr/maroc/m2_bibi--à_vendre,No,Not tagged
www.avito.ma/fr/maroc/m_audio_carte--à_vendre,No,Not tagged
www.avito.ma/fr/maroc/magasins_et_commerces/la_bon--à_vendre,No,Not tagged
www.avito.ma/fr/maroc/marrakech_golf_city--à_vendre,No,Not tagged
www.avito.ma/fr/maroc/matériels_professionnels/barres_pour--à_vendre,No,Not tagged
www.avito.ma/fr/maroc/matériels_professionnels/belle_3--à_vendre,No,Not tagged
www.avito.ma/fr/maroc/matériels_professionnels/vendre_v--à_vendre,No,Not tagged
www.avito.ma/fr/maroc/meubles_et_décoration/marbre_marbre--à_vendre,No,Not tagged
www.avito.ma/fr/maroc/micro_jvc--à_vendre,No,Not tagged
www.avito.ma/fr/maroc/mitsubishi_l200_1--à_vendre,No,Not tagged
www.avito.ma/fr/maroc/motos/moto_yamaha_xtx--à_vendre,No,Not tagged
www.avito.ma/fr/maroc/motos/plaque_immatriculation_moto--à_vendre,No,Not tagged
www.avito.ma/fr/maroc/nvidia_gtx_770,No,Not tagged
www.avito.ma/fr/maroc/pc_hp_4g--à_vendre,No,Not tagged
www.avito.ma/fr/maroc/salam_loto--à_vendre,No,Not tagged
www.avito.ma/fr/maroc/samsung_8_pro--à_vendre,No,Not tagged
www.avito.ma/fr/maroc/stocks_et_vente_en_gros/les_12--à_vendre,No,Not tagged
www.avito.ma/fr/maroc/toyota_5ch_diesel--à_vendre,No,Not tagged
www.avito.ma/fr/maroc/trepied_manfrotto_sachtler--à_vendre,No,Not tagged
www.avito.ma/fr/maroc/uno_205--à_vendre,No,Not tagged
www.avito.ma/fr/maroc/xbox_360_jeux_kinect--à_vendre,No,Not tagged
www.avito.ma/fr/marrakech/immobilier/de_300_autre,No,Not tagged
www.avito.ma/fr/marrakech/inara/de_m2_beni--à_vendre,No,Not tagged
www.avito.ma/fr/marrakech/villa_400_m,No,Not tagged
www.avito.ma/fr/marrakech/zoom_nikon--à_vendre,No,Not tagged
www.avito.ma/fr/massira/accessoires_informatique_et_gadgets/disque_dure_SSD_jdid_256G_53368247.htm,No,Not tagged
www.avito.ma/fr/massira/voitures_d'occasion/Citroen_C3_Aircross_Diesel_Automatique_2021_54707198.htm,No,Not tagged
www.avito.ma/fr/meknès/bettana/magasins_et_commerces-à_vendre,No,Not tagged
www.avito.ma/fr/mkansa/terrains_et_fermes/avendr--à_vendre,No,Not tagged
www.avito.ma/fr/mohammedia/appareils_photo_cameras/canon_5d--à_vendre,No,Not tagged
www.avito.ma/fr/mohammedia/hassania_3/electorménager_et_vaisselle-à_vendre,No,Not tagged
www.avito.ma/fr/nassim/meubles_et_décoration/ساعة_فرنسية_قديمة__54624616.htm,No,Not tagged
www.avito.ma/fr/oued_laou/sacs_et_accessoires/en_100_cm--à_vendre,No,Not tagged
www.avito.ma/fr/oujda/motos/à_en_bonne--à_vendre,No,Not tagged
www.avito.ma/fr/oujda/rhina_de--à_vendre,No,Not tagged
www.avito.ma/fr/oujda/terrain_2000_à--à_vendre,No,Not tagged
www.avito.ma/fr/oujda/vitesse,No,Not tagged
www.avito.ma/fr/ouled_oujih/ordinateurs_portables/Pc_portable__53169988.htm,No,Not tagged
www.avito.ma/fr/rabat/proget--à_vendre,No,Not tagged
www.avito.ma/fr/safi/a_arabe--demandes,No,Not tagged
www.avito.ma/fr/safi/djellaba_pour--à_vendre,No,Not tagged
www.avito.ma/fr/safi/motos/moto_keeway--à_vendre,No,Not tagged
www.avito.ma/fr/sale/sidi_abdellah/services,No,Not tagged
www.avito.ma/fr/settat/golf_7_1.6--à_vendre,No,Not tagged
www.avito.ma/fr/settat/magasins_et_commerces/taza--à_vendre,No,Not tagged
www.avito.ma/fr/settat/mikasa--à_vendre,No,Not tagged
www.avito.ma/fr/sidi_abdallah_el_bouchouari/voitures/suziki--à_vendre,No,Not tagged
www.avito.ma/fr/sidi_bettache/télévisions/ferme--à_vendre,No,Not tagged
www.avito.ma/fr/sidi_kacem/immobilier/maison_a_vendre,No,Not tagged
www.avito.ma/fr/sidi_moussa/appartements/Appartement_à_vendre_83_m²_à_Salé_55046474.htm,No,Not tagged
www.avito.ma/fr/sidi_yahya_zaer/matériels_professionnels/luxe_bon_prix--à_vendre,No,Not tagged
www.avito.ma/fr/sidi_youssef_ben_ali/accessoires_informatique_et_gadgets/Routeur_wifi_D_Link_Adsl_Maroc_Telecom__55006937.htm,No,Not tagged
www.avito.ma/fr/souk_el_arbaa/voitures/fiat--à_vendre,No,Not tagged
www.avito.ma/fr/tabriquet/meubles_et_décoration/New_fauteuil__54414175.htm,No,Not tagged
www.avito.ma/fr/tanger/appartements/toilet,No,Not tagged
www.avito.ma/fr/tanger/avocat_de--à_vendre,No,Not tagged
www.avito.ma/fr/tanger/aymane--à_vendre,No,Not tagged
www.avito.ma/fr/tanger/delaha--à_vendre,No,Not tagged
www.avito.ma/fr/tanger/entreprises/livraison_gratuite_au_maroc.--à_vendre,No,Not tagged
www.avito.ma/fr/tanger/equipe_nationale--à_vendre,No,Not tagged
www.avito.ma/fr/tanger/et_nuit_en--à_vendre,No,Not tagged
www.avito.ma/fr/tanger/jakets--à_vendre,No,Not tagged
www.avito.ma/fr/tanger/koup--à_vendre,No,Not tagged
www.avito.ma/fr/tanger/renault_master_moteur--à_vendre,No,Not tagged
www.avito.ma/fr/tanger/s100--à_vendre,No,Not tagged
www.avito.ma/fr/tanger/voyage_au--à_vendre,No,Not tagged
www.avito.ma/fr/tarfaya/bateaux-à_vendre,No,Not tagged
www.avito.ma/fr/taza/art_et_collections/قطعة_فرنسية_قديمة_54658939.htm,No,Not tagged
www.avito.ma/fr/temara/appartements/m_au_centre,No,Not tagged
www.avito.ma/fr/touissit/link_300mbps--à_vendre,No,Not tagged
www.avito.ma/fr/wifak/promenade/Equipement_pour_Bébé_et_Enfant_à_Temara_53384348.htm,No,Not tagged
www.avito.ma/fr/yacoub_el_mansour/accessoires_informatique_et_gadgets/Support_ordinateur_portable_x2_54827955.htm,No,Not tagged
www.avito.ma/sp/immobilier/villa-a-bir-rami-ouest-kenitra,No,Not tagged
www.avito.ma/ar/2_مارس/هوايات_ورياضة/Gants_de_boxe_ELION_UNCASE___matblack_18_oz_53276582.htm,No,Not tagged
www.avito.ma/ar/rabat/taqaddoum/samsung_galaxy_s8,No,Not tagged
www.avito.ma/ar/أساكا/سيارات_مستعملة/Clio_4_disiel__54785255.htm,No,Not tagged
www.avito.ma/ar/إد_او_مومن/ملبس-للبيع,No,Not tagged
www.avito.ma/ar/اسفي/حي_اناس/الغرفة-للبيع,No,Not tagged
www.avito.ma/ar/البرادعة/معدات_المدارس،_روض_الأطفال_و_أماكن_اللعب/Tables__et_chaises_d_école__53663109.htm,No,Not tagged
www.avito.ma/ar/البطانة/ساعات_و_مجوهرات/Omega_Automatic_54977556.htm,No,Not tagged
www.avito.ma/ar/الجديدة/سيدي_موسى,No,Not tagged
www.avito.ma/ar/الداخلة/دكاكين_محلات_تجارية/vendre_fond_commerce--للبيع,No,Not tagged
www.avito.ma/ar/الدار_البيضاء/207_cc.--للبيع,No,Not tagged
www.avito.ma/ar/الدار_البيضاء/75m_à_rabat--للبيع,No,Not tagged
www.avito.ma/ar/الدار_البيضاء/résidence_majorelle--للبيع,No,Not tagged
www.avito.ma/ar/الدار_البيضاء/vm--للبيع,No,Not tagged
www.avito.ma/ar/الدار_البيضاء/أجهزة_الإلكترومناجي_والأواني/Installation_reparation_climatiseur_51863398.htm,No,Not tagged
www.avito.ma/ar/الدار_البيضاء/الغرفة/sac_Trip_sad_packages_52889673.htm,No,Not tagged
www.avito.ma/ar/الدار_البيضاء/المنارة_العنق/appartement_meublée--للبيع,No,Not tagged
www.avito.ma/ar/الرباط/concentrateur_oxygene--للبيع,No,Not tagged
www.avito.ma/ar/الرباط/pc_acer--للبيع,No,Not tagged
www.avito.ma/ar/الرتبة/بقعـوـمزارع/شقة_للبيع--للبيع,No,Not tagged
www.avito.ma/ar/السمارة/سيارات_مستعملة/c200_modèle_2002_dewana_2010_54924653.htm,No,Not tagged
www.avito.ma/ar/الطيران/حيوانات_أليفة/Siamoi_53678168.htm,No,Not tagged
www.avito.ma/ar/العبادي/سيارات_مستعملة/Ford_cemax_diesel_6_chovo__54761325.htm,No,Not tagged
www.avito.ma/ar/العرائش/معدات_أخرى/machine_aa_coudre_50787493.htm,No,Not tagged
www.avito.ma/ar/العونات/تلفونيات/ma--للبيع,No,Not tagged
www.avito.ma/ar/القنيطرة/300_quartier_industriel--للبيع,No,Not tagged
www.avito.ma/ar/القنيطرة/offre_d_emploi--للبيع,No,Not tagged
www.avito.ma/ar/القنيطرة/برطما_شقة/ismailia,No,Not tagged
www.avito.ma/ar/الكورنيش/سيارات_مستعملة/VW_Arteon_à_vendre_très_rapidement__54813211.htm,No,Not tagged
www.avito.ma/ar/المحمدية/toyota_corolla_millenium--للبيع,No,Not tagged
www.avito.ma/ar/المدينة_القديمة/معدات_مهنية/swani_o_rbi3at_54310078.htm,No,Not tagged
www.avito.ma/ar/المصلى/صوت_وصورة/سماعات_لاسلكية_لينوفو_53583185.htm,No,Not tagged
www.avito.ma/ar/المعاريف/شقق/Studio_Neuf_52m2_5è_étg_Terrasse_Clim_maarif_52977133.htm,No,Not tagged
www.avito.ma/ar/المعاريف/هوايات_ورياضة/accessoire_lumineux_pour_velo__53573122.htm,No,Not tagged
www.avito.ma/ar/المغرب/5555--للبيع,No,Not tagged
www.avito.ma/ar/المغرب/baf_carte--للبيع,No,Not tagged
www.avito.ma/ar/المغرب/de_120000_5--للبيع,No,Not tagged
www.avito.ma/ar/المغرب/ecran_siege_arriere_voiture--للبيع,No,Not tagged
www.avito.ma/ar/المغرب/kit_xenon--للبيع,No,Not tagged
www.avito.ma/ar/المغرب/piaggio_125cc--للبيع,No,Not tagged
www.avito.ma/ar/المغرب/skate_2--للبيع,No,Not tagged
www.avito.ma/ar/المغرب/smart_android_box--للبيع,No,Not tagged
www.avito.ma/ar/المغرب/sprinter_touristique--للبيع,No,Not tagged
www.avito.ma/ar/المغرب/tapis_avec_motifs--للبيع,No,Not tagged
www.avito.ma/ar/المغرب/usb_3.0_32go--للبيع,No,Not tagged
www.avito.ma/ar/المغرب/أحذيية/vente_aux--للبيع,No,Not tagged
www.avito.ma/ar/المغرب/باطوّات_قوارب/taman_taman--للبيع,No,Not tagged
www.avito.ma/ar/المغرب/بقعـوـمزارع/cours_cuisine--للبيع,No,Not tagged
www.avito.ma/ar/المغرب/بقعـوـمزارع/à_ain_atig--للبيع,No,Not tagged
www.avito.ma/ar/المغرب/بليس--للبيع,No,Not tagged
www.avito.ma/ar/المغرب/عقار_آخر/و_جميع--للبيع,No,Not tagged
www.avito.ma/ar/الناظور/rotring--للبيع,No,Not tagged
www.avito.ma/ar/الناظور/جد_مناسب--للبيع,No,Not tagged
www.avito.ma/ar/الوسط/منازل_للعطلة/شقة_قرب_البلادية_لقدم_البحر__طابق_أول__55133524.htm,No,Not tagged
www.avito.ma/ar/الوفاء/منازل_للعطلة/Appartement_vue_suur_pisin_53593107.htm,No,Not tagged
www.avito.ma/ar/الولفة/التنزه/poussette_chicco_stroll_in_2_doublo_53550406.htm,No,Not tagged
www.avito.ma/ar/الوليدية/ملابسـصحةـوـجمال/الملابس--للبيع,No,Not tagged
www.avito.ma/ar/انشادن/بقع_و_مزارع_للكراء/Terrain_d_1_hectare_54123304.htm,No,Not tagged
www.avito.ma/ar/بوسجور/منتجات_محلية/Purée_de_noisette_au_chocolat_blanc_55016508.htm,No,Not tagged
www.avito.ma/ar/تازة/mrc--للبيع,No,Not tagged
www.avito.ma/ar/تازة/ps4_go--للبيع,No,Not tagged
www.avito.ma/ar/تازة/كمبيوترـمنزلي/site_web--للبيع,No,Not tagged
www.avito.ma/ar/تزنيت/شاحنات/les--للبيع,No,Not tagged
www.avito.ma/ar/تمارة/العبادي/دكاكين_محلات_تجارية/...et...--للبيع,No,Not tagged
www.avito.ma/ar/تيط_مليل/اكسسوارات__إلكترونية/DVR_8_chaînes__54384767.htm,No,Not tagged
www.avito.ma/ar/حد_السوالم/chaussures_foot--للبيع,No,Not tagged
www.avito.ma/ar/حي_آخر/اكسسوارات_الكمبيوتر_والأجهزة/Moniteur_portable_ARZOPA_A1_MAX_17_3_USB_C_NEUF_54892129.htm,No,Not tagged
www.avito.ma/ar/حي_آخر/بقع_و_مزارع/بقعة_أرضية_الحوارات_تمارة_54905393.htm,No,Not tagged
www.avito.ma/ar/حي_آخر/معدات_أخرى/gerbeur_manuel_qualité_AM_54700509.htm,No,Not tagged
www.avito.ma/ar/حي_آخر/معدات_أخرى/table_de_réunion_sur_mesure_mm_à__54921902.htm,No,Not tagged
www.avito.ma/ar/حي_آخر/هوايات_ورياضة/Tapis_roulant_55075498.htm,No,Not tagged
www.avito.ma/ar/حي_الحسني/أحذية/spadrille_comme_neuf_a_vendre_n_39__54350286.htm,No,Not tagged
www.avito.ma/ar/حي_الرياض/الأثاث/miroir_de_décoration__54058592.htm,No,Not tagged
www.avito.ma/ar/حي_الرياض/شقق/un_joli_appartement_meublé_à_Hay_riad__54467488.htm,No,Not tagged
www.avito.ma/ar/حي_السلام/سيارات_مستعملة/Toyota_corolla_55134162.htm,No,Not tagged
www.avito.ma/ar/حي_المحمدي/منازل_للعطلة/Appart_Luxueux_Meublé_Avec_Wi_Fi_et_PISCINE_55139985.htm,No,Not tagged
www.avito.ma/ar/حي_المطار/منازل_للعطلة/مساحات_سكنية_تناسب_إحتياجات_عائلتك_بالنت__54657189.htm,No,Not tagged
www.avito.ma/ar/حي_بنكيران/هوايات_ورياضة/Canne_a_peche_53118482.htm,No,Not tagged
www.avito.ma/ar/حي_داخلة/تجهيزات_للأطفال_و_الرُضَّع/Lit_cododo_53603963.htm,No,Not tagged
www.avito.ma/ar/حي_شماعو/هواتف/GalaxyA23_54457483.htm,No,Not tagged
www.avito.ma/ar/حي_لازارت/دار_أو_ڨيلا/Maison_à_vendre__53774931.htm,No,Not tagged
www.avito.ma/ar/خريبكة/50_dirhams--للبيع,No,Not tagged
www.avito.ma/ar/سعيد_حجي/شقق/Appartement_à_Salé_53544686.htm,No,Not tagged
www.avito.ma/ar/سلا/iphone_6_prix--للبيع,No,Not tagged
www.avito.ma/ar/سلا/سيارات/kango--للبيع,No,Not tagged
www.avito.ma/ar/سلا/سيارات_مستعملة/citr_n_c4_en_tres_bon_état_avec_un_bon_prix__54797853.htm,No,Not tagged
www.avito.ma/ar/سلا/كمبيوتر_محمول/حاسوب_مزيان_للجادين_53904831.htm,No,Not tagged
www.avito.ma/ar/سيدي_برنوصي/الأثاث_والديكور/Rangement_de_chaussures_avec_portes_pour_24_paires_53854849.htm,No,Not tagged
www.avito.ma/ar/سيدي_برنوصي/سيارات_مستعملة/Dacia_Logan_Diesel_Manuelle_2013_à_Casablanca_54975627.htm,No,Not tagged
www.avito.ma/ar/سيدي_عثمان/ملابس/Chemise_hm_original_taille_M_54356198.htm,No,Not tagged
www.avito.ma/ar/سيدي_معروف/حيوانات_أليفة/deux_chatons_siamois_mâle_et_femelle__54578997.htm,No,Not tagged
www.avito.ma/ar/شعلة/معدات_أخرى/رفوف_بأحسن_الأثمان___عروض_الصيف__53295515.htm,No,Not tagged
www.avito.ma/ar/صفرو/كمبيوترـمحمول/mat--للبيع,No,Not tagged
www.avito.ma/ar/طريق_إموزار/تجهيزات_للأطفال_و_الرُضَّع/maxi_cosi_importé__54258099.htm,No,Not tagged
www.avito.ma/ar/طريق_ورزازات/سيارات_مستعملة/C4_PICASSO_diwana_2016_7_places__54777882.htm,No,Not tagged
www.avito.ma/ar/طنجة/4_zero--للبيع,No,Not tagged
www.avito.ma/ar/طنجة/camera_et_dvr--للبيع,No,Not tagged
www.avito.ma/ar/طنجة/de_93m2_ain--للبيع,No,Not tagged
www.avito.ma/ar/طنجة/اكسسواراتـالكمبيوترـوـالأجهزة/rg--للبيع,No,Not tagged
www.avito.ma/ar/طنجة/دراجات_نارية/mt07--للبيع,No,Not tagged
www.avito.ma/ar/عوينات_الحجاج/سيارات_مستعملة/Golf_4_53503758.htm,No,Not tagged
www.avito.ma/ar/عين_السبع/آلات_موسيقية_أخرى/شاز_تركي_ممتاز__53285042.htm,No,Not tagged
www.avito.ma/ar/عين_السبع/شقق/Appartement_à_louer_110_m²_à_Casablanca_54671738.htm,No,Not tagged
www.avito.ma/ar/عين_الشق/معدات_مهنية/la_generate_outile_jhg82_54210417.htm,No,Not tagged
www.avito.ma/ar/عين_الشق/هواتف/Samsung_A52_8G_Ram_53795279.htm,No,Not tagged
www.avito.ma/ar/عين_تاوجطات/ﻙﺭﺍﺀ_ﻢﺸﺗﺮﻛ/شقة_للبيع,No,Not tagged
www.avito.ma/ar/عين_عودة/بقع_و_مزارع/terrain_à_Ain_Aouda_52327866.htm,No,Not tagged
www.avito.ma/ar/فاس/mercedes_benz_slk--للبيع,No,Not tagged
www.avito.ma/ar/فاس/moto_103_en--للبيع,No,Not tagged
www.avito.ma/ar/كليز/هواتف_و_هواتف_ذكية/Redmi_Note_12_Pro_plus__5G_53281053.htm,No,Not tagged
www.avito.ma/ar/كيش_الوداية/سيارات_مستعملة/Peugeot_Partner_diesel__54728395.htm,No,Not tagged
www.avito.ma/ar/لالة_زهرة/محلات_للكراء/Local_Comercial__53374869.htm,No,Not tagged
www.avito.ma/ar/مدينة_الرحمة/ملابس/بيجامة__53016404.htm,No,Not tagged
www.avito.ma/ar/مراكش/برطما_شقة/appartement_de_70m2,No,Not tagged
www.avito.ma/ar/مراكش/عقار/m2_a_rabat,No,Not tagged
www.avito.ma/ar/مرتيل/ﻒﻧ_ﻮﺘﺤﻓ/a--للبيع,No,Not tagged
www.avito.ma/ar/مرشان/معدات_مهنية/Matériels_Professionnels_à_Tanger_53553144.htm,No,Not tagged
www.avito.ma/ar/مكناس/بقعـوـمزارع/hotel--للبيع,No,Not tagged
www.avito.ma/ar/مكناس/ملبس/fille_de--للبيع,No,Not tagged
www.avito.ma/ar/ميدلت/ﻙﺭﺍﺀ_ﻢﺸﺗﺮﻛ/al_aman,No,Not tagged
www.avito.ma/ar/ميسور/samsung_j6_neuf--للبيع,No,Not tagged
www.avito.ma/ar/وازان/سيارات_مستعملة/Duster_2016_a_vendre__54815740.htm,No,Not tagged
www.avito.ma/ar/وازيس/سيارات_مستعملة/tigwan_à_vendre_54055537.htm,No,Not tagged
www.avito.ma/ar/وجدة/sflya--للبيع,No,Not tagged
www.avito.ma/ar/وجدة/tondeuse_pour_et--للبيع,No,Not tagged
www.avito.ma/ar/وجدة/دراجات_نارية/à_pour_les--للبيع,No,Not tagged
www.avito.ma/ar/وسط_المدينة/آلات_تصوير_و_كاميرات/Canon_6D_Boitier_54098778.htm,No,Not tagged
www.avito.ma/ar/وسط_المدينة/ألعاب_الفيديو_وأجهزة_تشغيل_أو_كونصولات/Jeux_cd_ps4_54706827.htm,No,Not tagged
www.avito.ma/ar/وسط_المدينة/الأثاث_والديكور/Fauteuil_bois_marron_et_cuire_51624246.htm,No,Not tagged
www.avito.ma/ar/يعقوب_المنصور/ساعات_و_مجوهرات/henna_a_domicile__54127541.htm,No,Not tagged
www.avito.ma/ar/ٱمرشيش/سيارات_مستعملة/Jeep_Grand_cherokee_très_bon_état__53308977.htm,No,Not tagged
www.avito.ma/auto/neuf/mercedes-benz/classe-e/400-bva/,No,Not tagged
www.avito.ma/fr/abouab_sala/tablettes/Tablette_TAB_E_54891858.htm,No,Not tagged
www.avito.ma/fr/achakar/vêtements/طنجة_عرفن_2_54220727.htm,No,Not tagged
www.avito.ma/fr/administratif/vêtements/Jacket_veste_hommes_GSTAR_جاكيت_من_ماركة_مشهورة_54621477.htm,No,Not tagged
www.avito.ma/fr/agadir/marteaux--à_vendre,No,Not tagged
www.avito.ma/fr/agadir/services/femme_menage_et--à_vendre,No,Not tagged
www.avito.ma/fr/agadir/volvo_s80_essence--à_vendre,No,Not tagged
www.avito.ma/fr/agadir_melloul/equipements_pour_enfant_et_bébé/___et_lit_bébé__54831359.htm,No,Not tagged
www.avito.ma/fr/ahfir/posters--à_vendre,No,Not tagged
www.avito.ma/fr/ahfir/services/emballage--à_vendre,No,Not tagged
www.avito.ma/fr/ain_aouda/voitures_d'occasion/فياط_بونتو__54796132.htm,No,Not tagged
www.avito.ma/fr/ain_harrouda/couple_calopsitte--à_vendre,No,Not tagged
www.avito.ma/fr/ain_sebaa/equipements_pour_enfant_et_bébé/lit_pour_enfants_en_bois_avec_matelas____ikea___53395092.htm,No,Not tagged
www.avito.ma/fr/akka/colocations/l,No,Not tagged
www.avito.ma/fr/al_azhar/jeux_vidéo_et_consoles/OFFRE_PLAYSTATION_5_CD_1TB_NEUF_53170459.htm,No,Not tagged
www.avito.ma/fr/al_boustane/matériels_professionnels/Étagère_Premium_Turc__h4khB7C6_54840267.htm,No,Not tagged
www.avito.ma/fr/al_hociema/moto_cross--à_vendre,No,Not tagged
www.avito.ma/fr/alaouiyine/meubles/3_خوامي_من_النوع_الممتاز__54471932.htm,No,Not tagged
www.avito.ma/fr/amerchich/matériels_professionnels/bureau_bench_4_positions_avec_caissons_lla7_54852788.htm,No,Not tagged
www.avito.ma/fr/anfa/meubles_et_décoration/TAPIS_LAINE_noué_à_la_main_très_léger_54756718.htm,No,Not tagged
www.avito.ma/fr/assam/matériel_de_bureau/_CLAPET_MÉTALLIQUE_EN_PRIX_REVENDEUR_________55004383.htm,No,Not tagged
www.avito.ma/fr/autre_secteur/equipements_pour_enfant_et_bébé/Sac_repas__53833281.htm,No,Not tagged
www.avito.ma/fr/autre_secteur/ordinateurs_de_bureau/HP_800_G2_Mini__Intel_Core_i3__6e_génération_55008744.htm,No,Not tagged
www.avito.ma/fr/autre_secteur/ordinateurs_portables/dell_core_2_DUO_4GB_RAM_150_GB_strockage_54548516.htm,No,Not tagged
www.avito.ma/fr/autre_secteur/terrains_et_fermes/قطعة_أرضية_محفظة__53081822.htm,No,Not tagged
www.avito.ma/fr/autre_secteur/téléphones/iPhone_12_pro_128_GB_53398924.htm,No,Not tagged
www.avito.ma/fr/aïn_chock/appartements/Appartement_à_vendre_34_m²_à_Casablanca_54710824.htm,No,Not tagged
www.avito.ma/fr/aïn_chock/meubles/Table_en_bois__54023804.htm,No,Not tagged
www.avito.ma/fr/bele_vue/téléphones/iPhone_11pro_54124769.htm,No,Not tagged
www.avito.ma/fr/belvédère/autre_matériel_professionel/IMPRIMANTE_EPSON_M100_work_force_54713806.htm,No,Not tagged
www.avito.ma/fr/belvédère/matériels_professionnels/pack_sublimation_A4_COMPLET_PRIX_CHOC_A_CASA_54778462.htm,No,Not tagged
www.avito.ma/fr/ben_guerir/sports_et_loisirs/equipement_materiel--à_vendre,No,Not tagged
www.avito.ma/fr/ben_guerir/studio_m--à_vendre,No,Not tagged
www.avito.ma/fr/berkane/golf_2.0--à_vendre,No,Not tagged
www.avito.ma/fr/berrechid/equipements_pour_enfant/en_vélo--à_vendre,No,Not tagged
www.avito.ma/fr/bir_rami_est/accessoires_informatique_et_gadgets/imprimante_HP_desk_jet_multi_services__54438630.htm,No,Not tagged
www.avito.ma/fr/biyada/meubles_et_décoration/Tableau_yahya_sur_toile_b39_54826098.htm,No,Not tagged
www.avito.ma/fr/boujdade/ordinateurs_de_bureau/HP_Prodesk_600_G1_TWR_i5_4590_8Go__REMIS_A_NEUF__54766360.htm,No,Not tagged
www.avito.ma/fr/boujdour/immobilier-demandes,No,Not tagged
www.avito.ma/fr/boulemane/cart_grafic--à_vendre,No,Not tagged
www.avito.ma/fr/bouskoura/basatine--à_vendre,No,Not tagged
www.avito.ma/fr/casablanca/al_fida/bureaux_et_plateaux/agence_immobilier--à_vendre,No,Not tagged
www.avito.ma/fr/casablanca/bungalow_plage--à_vendre,No,Not tagged
www.avito.ma/fr/casablanca/du_barrage--à_vendre,No,Not tagged
www.avito.ma/fr/casablanca/et_poney--à_vendre,No,Not tagged
www.avito.ma/fr/casablanca/gants_de_box--à_vendre,No,Not tagged
www.avito.ma/fr/casablanca/hay_hassani/vetements/l--à_vendre,No,Not tagged
www.avito.ma/fr/casablanca/informatique_et_multimedia/decoder--à_vendre,No,Not tagged
www.avito.ma/fr/casablanca/iphone_x_neufs--à_vendre,No,Not tagged
www.avito.ma/fr/casablanca/john--à_vendre,No,Not tagged
www.avito.ma/fr/casablanca/leonardo_250_st--à_vendre,No,Not tagged
www.avito.ma/fr/casablanca/marshall_major--à_vendre,No,Not tagged
www.avito.ma/fr/casablanca/matelas_medical_richbond--à_vendre,No,Not tagged
www.avito.ma/fr/casablanca/meubles_et_décoration/prendre--à_vendre,No,Not tagged
www.avito.ma/fr/casablanca/meubles_et_décoration/table_basse_de--à_vendre,No,Not tagged
www.avito.ma/fr/casablanca/motos/vende--à_vendre,No,Not tagged
www.avito.ma/fr/casablanca/radio_player--à_vendre,No,Not tagged
www.avito.ma/fr/casablanca/restaurant_poisson--à_vendre,No,Not tagged
www.avito.ma/fr/casablanca/salon_marocain_luxe--à_vendre,No,Not tagged
www.avito.ma/fr/casablanca/sidi_bernoussi/maison_94_à--à_vendre,No,Not tagged
www.avito.ma/fr/casablanca/str--à_vendre,No,Not tagged
www.avito.ma/fr/casablanca/tmax_530_moto--à_vendre,No,Not tagged
www.avito.ma/fr/casablanca/vetements_pour_enfant/rouge_et--à_vendre,No,Not tagged
www.avito.ma/fr/casablanca/voitures_d'occasion/Renault_53056876.htm,No,Not tagged
www.avito.ma/fr/casablanca/x360_i7_tactile--à_vendre,No,Not tagged
www.avito.ma/fr/centre/voitures_d'occasion/Fiat_Ducato_Diesel_Manuelle_2020_à_Fès_54851266.htm,No,Not tagged
www.avito.ma/fr/centre_ville/sacs_et_accessoires/Sacs_et_Accessoires_à_Tanger_53391864.htm,No,Not tagged
www.avito.ma/fr/chefchaouen/voitures_d'occasion/شفشوان__54713643.htm,No,Not tagged
www.avito.ma/fr/corniche/locations_de_vacances/pour_les_familles_de_ville_54905052.htm,No,Not tagged
www.avito.ma/fr/derb_omar/bureaux_à_louer/Bureau_28_m2_Derb_Omar_Saroute__54033310.htm,No,Not tagged
www.avito.ma/fr/deroua/korsi--à_vendre,No,Not tagged
www.avito.ma/fr/echemmaia/art_et_collections/ford--à_vendre,No,Not tagged
www.avito.ma/fr/el_jadida/appartements_luxe_pour,No,Not tagged
www.avito.ma/fr/essaouira/centre_ville/produits_de_beauté,No,Not tagged
www.avito.ma/fr/goulmima/mini_one--à_vendre,No,Not tagged
www.avito.ma/fr/guelmim/meubles_et_décoration/bien--à_vendre,No,Not tagged
www.avito.ma/fr/guéliz/locations_de_vacances/Appartement_haut_standing_Marrakech__54632900.htm,No,Not tagged
www.avito.ma/fr/guéliz/téléphones/Oppo_A57s_importé_bonne_Etat_54723365.htm,No,Not tagged
www.avito.ma/fr/had_soualem/terrains_et_fermes_à_louer/Terrains_à_vendre_à_Had_Soualem_53255847.htm,No,Not tagged
www.avito.ma/fr/hassan/montres_et_bijoux/Montres_Michael_Kors_54599791.htm,No,Not tagged
www.avito.ma/fr/haut_agdal/accessoires_informatique_et_gadgets/webcam_Logitech_HD_pro__54386726.htm,No,Not tagged
www.avito.ma/fr/hay_hassani/matériels_professionnels/armoire_métallique_de_bonne_qualité_53364168.htm,No,Not tagged
www.avito.ma/fr/hay_hassani/matériels_professionnels/présentoir_a_gastro_positif__54709230.htm,No,Not tagged
www.avito.ma/fr/hay_sanyat_zine_el_abidine/meubles/الأثاث_والديكور_في_اسفي_53037151.htm,No,Not tagged
www.avito.ma/fr/hay_targa/jeux_vidéo_et_consoles/Manette_PS5_Original_54706791.htm,No,Not tagged
www.avito.ma/fr/ibn_taymia/décoration/Paravent_Chevaux_Collection_54701714.htm,No,Not tagged
www.avito.ma/fr/khouribga/animaux_domestique/Animalerie_à_Khouribga_53179557.htm,No,Not tagged
www.avito.ma/fr/larache/vélos/Vélos_à_Larache_53089513.htm,No,Not tagged
www.avito.ma/fr/laâyoune/art--à_vendre,No,Not tagged
www.avito.ma/fr/lkheng/sports_et_loisirs/camera--à_vendre,No,Not tagged
www.avito.ma/fr/malabata/locations_de_vacances/شقة_باثات_عصري__وجميل_للكراء_اليومي_54569993.htm,No,Not tagged
www.avito.ma/fr/marjane_2/jeux_vidéo_et_consoles/ps4_slim_500_GB_n9ia__avec_FIFA_23_et_RD2_54265034.htm,No,Not tagged
www.avito.ma/fr/marjane_2/voitures_d'occasion/Kia_54887788.htm,No,Not tagged
www.avito.ma/fr/maroc/60_m2_maarif--à_vendre,No,Not tagged
www.avito.ma/fr/maroc/6570b_i5--à_vendre,No,Not tagged
www.avito.ma/fr/maroc/6s_128--à_vendre,No,Not tagged
www.avito.ma/fr/maroc/accessoires_informatique_et_gadgets/blu--à_vendre,No,Not tagged
www.avito.ma/fr/maroc/air_os--à_vendre,No,Not tagged
www.avito.ma/fr/maroc/appartement_17_casablanca--à_vendre,No,Not tagged
www.avito.ma/fr/maroc/appartements/picin,No,Not tagged
www.avito.ma/fr/maroc/business_et_affaire_commerciale/bleu_et--à_vendre,No,Not tagged
www.avito.ma/fr/maroc/canon_35_mm--à_vendre,No,Not tagged
www.avito.ma/fr/maroc/chien_danger--à_vendre,No,Not tagged
www.avito.ma/fr/maroc/citroen_nemo_diesel--à_vendre,No,Not tagged
www.avito.ma/fr/maroc/clef_a--à_vendre,No,Not tagged
www.avito.ma/fr/maroc/digital_mbk--à_vendre,No,Not tagged
www.avito.ma/fr/maroc/e_toutes_options--à_vendre,No,Not tagged
www.avito.ma/fr/maroc/edge_s7_plus--à_vendre,No,Not tagged
www.avito.ma/fr/maroc/equipements_pour_enfant/baignoire_de_salle_de_bain--à_vendre,No,Not tagged
www.avito.ma/fr/maroc/honda_750_cc--à_vendre,No,Not tagged
www.avito.ma/fr/maroc/hp_280_mt_i3--à_vendre,No,Not tagged
www.avito.ma/fr/maroc/leve_vitre_peugeot--à_vendre,No,Not tagged
www.avito.ma/fr/maroc/location_camion_isuzu--à_vendre,No,Not tagged
www.avito.ma/fr/maroc/loisirs_et_divertissement/tente_de_camping--à_vendre,No,Not tagged
www.avito.ma/fr/maroc/machine_a_lave_cuisine--à_vendre,No,Not tagged
www.avito.ma/fr/maroc/maison_k--à_vendre,No,Not tagged
www.avito.ma/fr/maroc/meubles_et_décoration/immeuble--à_vendre,No,Not tagged
www.avito.ma/fr/maroc/meubles_et_décoration/بونجات--à_vendre,No,Not tagged
www.avito.ma/fr/maroc/moderne_petit--à_vendre,No,Not tagged
www.avito.ma/fr/maroc/montres_et_bijoux/1_6--à_vendre,No,Not tagged
www.avito.ma/fr/maroc/montres_et_bijoux/casio_de--à_vendre,No,Not tagged
www.avito.ma/fr/maroc/motos/commande_de--à_vendre,No,Not tagged
www.avito.ma/fr/maroc/motos_jog_r--à_vendre,No,Not tagged
www.avito.ma/fr/maroc/ordinateurs_portables/gb_pci--à_vendre,No,Not tagged
www.avito.ma/fr/maroc/ordinateurs_portables/macbook_air_de--à_vendre,No,Not tagged
www.avito.ma/fr/maroc/pièces_et_accessoires_véhicules/15_195--à_vendre,No,Not tagged
www.avito.ma/fr/maroc/pièces_et_accessoires_véhicules/gtr_1400--à_vendre,No,Not tagged
www.avito.ma/fr/maroc/pièces_et_accessoires_véhicules/pour_spirale--à_vendre,No,Not tagged
www.avito.ma/fr/maroc/pièces_et_accessoires_véhicules/tube_et--à_vendre,No,Not tagged
www.avito.ma/fr/maroc/pièces_occasion_auto--à_vendre,No,Not tagged
www.avito.ma/fr/maroc/polo_roue--à_vendre,No,Not tagged
www.avito.ma/fr/maroc/pulle--à_vendre,No,Not tagged
www.avito.ma/fr/maroc/richebond--à_vendre,No,Not tagged
www.avito.ma/fr/maroc/samsung_2_10.1--à_vendre,No,Not tagged
www.avito.ma/fr/maroc/sports_et_loisirs/you--à_vendre,No,Not tagged
www.avito.ma/fr/maroc/terrains_et_fermes/400.000--à_vendre,No,Not tagged
www.avito.ma/fr/maroc/terrains_et_fermes/a_el_massira--à_vendre,No,Not tagged
www.avito.ma/fr/maroc/terrains_et_fermes/formation--à_vendre,No,Not tagged
www.avito.ma/fr/maroc/télévisions/android_ram--à_vendre,No,Not tagged
www.avito.ma/fr/maroc/vetements/b_pour--à_vendre,No,Not tagged
www.avito.ma/fr/maroc/voitures/fiat_en_bon--à_vendre,No,Not tagged
www.avito.ma/fr/maroc/widadyat--à_vendre,No,Not tagged
www.avito.ma/fr/marrakech/animaux/appartement_à--à_vendre,No,Not tagged
www.avito.ma/fr/marrakech/samsung_2016--à_vendre,No,Not tagged
www.avito.ma/fr/martil/animaux/230dh--à_vendre,No,Not tagged
www.avito.ma/fr/massira/meubles_et_décoration/Bureaux_importés_de_l_étranger_à_vendre__53910169.htm,No,Not tagged
www.avito.ma/fr/mdiq/vélos/balade--à_vendre,No,Not tagged
www.avito.ma/fr/mediouna/avito_market--à_vendre,No,Not tagged
www.avito.ma/fr/oued_fès/jeux_vidéo_et_consoles/Xbox_360___2_manette__53996370.htm,No,Not tagged
www.avito.ma/fr/oujda/terrains_et_fermes/terrain_25_ha--à_vendre,No,Not tagged
www.avito.ma/fr/oujda/vetements/marque--à_vendre,No,Not tagged
www.avito.ma/fr/oulad_mbarek/magasins_et_commerces/youssef--à_vendre,No,Not tagged
www.avito.ma/fr/palmeraie/appartements/sublime_appartement_palmeraie_avec_piscine__54743306.htm,No,Not tagged
www.avito.ma/fr/quods/animaux/Pekinois_femelle_54814587.htm,No,Not tagged
www.avito.ma/fr/rabat/100_ml_de--à_vendre,No,Not tagged
www.avito.ma/fr/rabat/bmw_318_essence--à_vendre,No,Not tagged
www.avito.ma/fr/rabat/les_ambassadeurs/equipements_pour_enfant/lit_pour_bébé--à_vendre,No,Not tagged
www.avito.ma/fr/rabat/montre_guess_femme--à_vendre,No,Not tagged
www.avito.ma/fr/riad_oulad_mtaa/appartements/studio_a_louer__53658453.htm,No,Not tagged
www.avito.ma/fr/route_d'ourika/terrains_et_fermes_à_louer/بقعة_ارضية_تحدادت___53547179.htm,No,Not tagged
www.avito.ma/fr/route_de_casablanca/tapis/زربية_رباطية_53932153.htm,No,Not tagged
www.avito.ma/fr/route_jerada/sports_et_loisirs/nicopatchlib_7mg_28_dispositifs__54859659.htm,No,Not tagged
www.avito.ma/fr/safi/equipements_pour_enfant/a_c--à_vendre,No,Not tagged
www.avito.ma/fr/safi/المنار/films_livres_magazines-à_vendre,No,Not tagged
www.avito.ma/fr/saidia/appartements/Appartement_de_luxe_à_vendre__53084490.htm,No,Not tagged
www.avito.ma/fr/saidia/magasins_et_commerces/مستعملة_للبيع--à_vendre,No,Not tagged
www.avito.ma/fr/settat/matériels_professionnels/rayonnage_économique_pour_votre_supermarché_AM_54629612.htm,No,Not tagged
www.avito.ma/fr/sidi_slimane/de_location_voitures--demandes,No,Not tagged
www.avito.ma/fr/sidi_yahya_el_gharb/voitures_d'occasion/Dacia_Logan_54724935.htm,No,Not tagged
www.avito.ma/fr/smia/services/com*--à_vendre,No,Not tagged
www.avito.ma/fr/sonaba/appartements/Appartement_toute_neuf_vide_en_location_agadirbay_54551667.htm,No,Not tagged
www.avito.ma/fr/tameslohte/chambre-à_vendre,No,Not tagged
www.avito.ma/fr/tanger/ain_el_hayani/services-à_vendre,No,Not tagged
www.avito.ma/fr/tanger/de_amal--à_vendre,No,Not tagged
www.avito.ma/fr/tanger/locations_de_voiture--à_vendre,No,Not tagged
www.avito.ma/fr/tanger/lots___terrains--à_vendre,No,Not tagged
www.avito.ma/fr/tanger/sefliya--à_vendre,No,Not tagged
www.avito.ma/fr/tanger/souani/centre_appels-à_vendre,No,Not tagged
www.avito.ma/fr/tanger/timbrando--à_vendre,No,Not tagged
www.avito.ma/fr/tanger/vetements_pour_enfant/tous--à_vendre,No,Not tagged
www.avito.ma/fr/tanja_balia/appartements/Appartement_louer_meublé_près_la_gare_tgv_54697545.htm,No,Not tagged
www.avito.ma/fr/temara/sports_et_loisirs/skateboard_53094896.htm,No,Not tagged
www.avito.ma/sp/voitures/kia-sorento-2-2-crdi,No,Not tagged
www.avito.ma/ar/2_المسيرة/كمبيوتر_محمول/HP_EliteBook_840G5_I5_7Gen___8GB_DDR4_256GB_SSD_54149672.htm,No,Not tagged
www.avito.ma/ar/2_مارس/سيارات_مستعملة/Citroen_Xsara_Essence_Manuelle_2001_à_Casablanca_53295547.htm,No,Not tagged
www.avito.ma/ar/2_مارس/معدات_رياضية/lasto_sportif_en_gros_54262812.htm,No,Not tagged
www.avito.ma/ar/2_مرجان/سيارات_مستعملة/بوجو__بارتنير__2011____ديزل_54892852.htm,No,Not tagged
www.avito.ma/ar/أكادير/a_taddart_anza,No,Not tagged
www.avito.ma/ar/أكدال/أجهزة_الإلكترومناجي_والأواني/Robinet_noir_extensible_avec_Douchette_à_3_Modes_54765910.htm,No,Not tagged
www.avito.ma/ar/أكدال/ألعاب_الفيديو_وأجهزة_تشغيل_أو_كونصولات/Spirit_Of_Gamer_race_wheel_pro_2_volant_de_course_54327149.htm,No,Not tagged
www.avito.ma/ar/أمال/هوايات_ورياضة/NINBOT_G30_MAX_LE_BATERIE_PRÉPARÉ__55015709.htm,No,Not tagged
www.avito.ma/ar/اسفي/pompe_à_chaleur--للبيع,No,Not tagged
www.avito.ma/ar/البلدية/معدات_أخرى/4744_driver_cnc_CNC__52416373.htm,No,Not tagged
www.avito.ma/ar/الجديدة/stocker--للبيع,No,Not tagged
www.avito.ma/ar/الجديدة/كمبيوترـمنزلي/3_pro_gold--للبيع,No,Not tagged
www.avito.ma/ar/الحي_الصناعي/معدات_أخرى/L_arrivage_de_transpalette_peseur_4VYrpm22_54489867.htm,No,Not tagged
www.avito.ma/ar/الخميسات/اكسسوارات_الكمبيوتر_والأجهزة/SOP8_to_DIP8_150mil_200mil_adapter_Socket_40313746.htm,No,Not tagged
www.avito.ma/ar/الدار_البيضاء/city_mall_tanger--للبيع,No,Not tagged
www.avito.ma/ar/الدار_البيضاء/grand_tapis_rouge--للبيع,No,Not tagged
www.avito.ma/ar/الدار_البيضاء/mitsubishi_fk--للبيع,No,Not tagged
www.avito.ma/ar/الدار_البيضاء/terrain_à_tetouan--للبيع,No,Not tagged
www.avito.ma/ar/الدار_البيضاء/المنارة_العنق/ألعاب_الفيديو_وأجهزة_تشغيل_أو_كونصولات/spider_man--للبيع,No,Not tagged
www.avito.ma/ar/الدار_البيضاء/سيارات_مستعملة/picanto_2006_53168954.htm,No,Not tagged
www.avito.ma/ar/الرباط/2eme_bac--للبيع,No,Not tagged
www.avito.ma/ar/الرباط/avenue_des--ﺕﺮﻳﺩ_ﺵﺭﺍﺀ,No,Not tagged
www.avito.ma/ar/الرباط/i3_4g_500g--للبيع,No,Not tagged
www.avito.ma/ar/الرباط/samsung_tv_40--للبيع,No,Not tagged
www.avito.ma/ar/الرباط/خدمات/de_1000_la--للبيع,No,Not tagged
www.avito.ma/ar/الرشيدية/آلاتـالبناء/groupe_électrogène--للبيع,No,Not tagged
www.avito.ma/ar/السعيدية/منازل_للعطلة/Appartement_à_Saidia_55128536.htm,No,Not tagged
www.avito.ma/ar/السملالية/الأثاث/table_artisanale_53733583.htm,No,Not tagged
www.avito.ma/ar/الشلالات/isuzu_dmax--للبيع,No,Not tagged
www.avito.ma/ar/الصخيرات/عين_عروز/voitures_d'occasion--للبيع,No,Not tagged
www.avito.ma/ar/القنيطرة/laguna_3--للبيع,No,Not tagged
www.avito.ma/ar/القنيطرة/ﻙﺭﺍﺀ_ﻢﺸﺗﺮﻛ/casablanca_pour,No,Not tagged
www.avito.ma/ar/المحمدية/يهمه_الأمر--للبيع,No,Not tagged
www.avito.ma/ar/المديق/e220--للبيع,No,Not tagged
www.avito.ma/ar/المدينة_القديمة/هواتف/samsung_s24_54728907.htm,No,Not tagged
www.avito.ma/ar/المسيرة/اكسسوارات_الكمبيوتر_والأجهزة/اكسسوارات__إلكترونية_في_مراكش_52971507.htm,No,Not tagged
www.avito.ma/ar/المسيرة_2/أجهزة/HIYA_SmartWatch___RSW_W04___Doré_54734043.htm,No,Not tagged
www.avito.ma/ar/المغرب/12v_ac--للبيع,No,Not tagged
www.avito.ma/ar/المغرب/2013_a_vendre--للبيع,No,Not tagged
www.avito.ma/ar/المغرب/couple_brahma--للبيع,No,Not tagged
www.avito.ma/ar/المغرب/encre_hp--للبيع,No,Not tagged
www.avito.ma/ar/المغرب/f&o=4--للبيع,No,Not tagged
www.avito.ma/ar/المغرب/gold_standard___whey_protein--للبيع,No,Not tagged
www.avito.ma/ar/المغرب/kimono_de_taekwondo--للبيع,No,Not tagged
www.avito.ma/ar/المغرب/logan_blanche--للبيع,No,Not tagged
www.avito.ma/ar/المغرب/lunettes_pour_voir--للبيع,No,Not tagged
www.avito.ma/ar/المغرب/nokia_32_gb--للبيع,No,Not tagged
www.avito.ma/ar/المغرب/power_bank_konfulon--للبيع,No,Not tagged
www.avito.ma/ar/المغرب/renault_essence_à--للبيع,No,Not tagged
www.avito.ma/ar/المغرب/sac_a_dos_nike--للبيع,No,Not tagged
www.avito.ma/ar/المغرب/smartphone_motorola--للبيع,No,Not tagged
www.avito.ma/ar/المغرب/tétouan_safir--للبيع,No,Not tagged
www.avito.ma/ar/المغرب/أجهزةـالإلكترومناجيـوـالأواني/جميع_المغرب--للبيع,No,Not tagged
www.avito.ma/ar/المغرب/أحذيية/jemla--للبيع,No,Not tagged
www.avito.ma/ar/المغرب/حقائبـوـأكسسوارات/el--للبيع,No,Not tagged
www.avito.ma/ar/المغرب/دراجات_نارية/sh_état--للبيع,No,Not tagged
www.avito.ma/ar/المغرب/ملبس/2_piece--للبيع,No,Not tagged
www.avito.ma/ar/المغرب/هواياتـوـترفيه/vélo_de--للبيع,No,Not tagged
www.avito.ma/ar/المغرب/ﺍﻵﻼـﺎﻟﺯﺭﺎﻌﻳﺓ/fi--للبيع,No,Not tagged
www.avito.ma/ar/المنطقة_الصناعية_سانية_سبيحي/معدات_مهنية/Vente_de_bureau_en_liquidation___Économisez_gros_53120031.htm,No,Not tagged
www.avito.ma/ar/الناظور/de_opel_corsa--للبيع,No,Not tagged
www.avito.ma/ar/الوليدية/opel_vectra--للبيع,No,Not tagged
www.avito.ma/ar/امسوان/bab--للبيع,No,Not tagged
www.avito.ma/ar/باب_فاس/معدات_أخرى/قنيطرة_باب_فاس_54582946.htm,No,Not tagged
www.avito.ma/ar/بنى_ملال/معدات_مهنية/3_Banant_Dyawl_Bach_hdid_Ghlad_Ba9in_Jdad__54694367.htm,No,Not tagged
www.avito.ma/ar/بنى_ملال/منازل_للعطلة/شقة_نقية_خلاص_للعائلات__53185173.htm,No,Not tagged
www.avito.ma/ar/بورنازيل/سيارات_مستعملة/Ford_Fiesta_Essence_54209233.htm,No,Not tagged
www.avito.ma/ar/بوسجور/الأثاث_والديكور/Vitréna__فيترينا_54268638.htm,No,Not tagged
www.avito.ma/ar/تازة/pompe_injection--للبيع,No,Not tagged
www.avito.ma/ar/تامسنا/ﻙﺭﺍﺀ_ﻢﺸﺗﺮﻛ/dar,No,Not tagged
www.avito.ma/ar/تزنيت/طابليط_و_الكتاب_الاليكتروني/Tablettes_et_E_book_à_Tiznit_53563383.htm,No,Not tagged
www.avito.ma/ar/تطوان/الأمل/الأثاثـوـالديكور-للبيع,No,Not tagged
www.avito.ma/ar/تمارة/ﻒﻧ_ﻮﺘﺤﻓ/pour_neuve--للبيع,No,Not tagged
www.avito.ma/ar/حد_السوالم/103--للبيع,No,Not tagged
www.avito.ma/ar/حي_آخر/تلفزيون/LG_hdmi_42_53427639.htm,No,Not tagged
www.avito.ma/ar/حي_آخر/مخزونات_وبيع_بالجملة/Armoire_métallique__Prix_spéciale___54965846.htm,No,Not tagged
www.avito.ma/ar/حي_آخر/معدات_أخرى/Matériels_Professionnels_à_Casablanca_53115921.htm,No,Not tagged
www.avito.ma/ar/حي_آخر/معدات_أخرى/Rayonnage_Lourd_54508535.htm,No,Not tagged
www.avito.ma/ar/حي_آخر/معدات_أخرى/rayonnage_de_stockage_ab_54745290.htm,No,Not tagged
www.avito.ma/ar/حي_آخر/معدات_مهنية/TABLE_SCOLAIRE_INDIVIDUEL_SANS_CHAISE_L_BVDEZS_À__54646375.htm,No,Not tagged
www.avito.ma/ar/حي_الأندلس/الديكور/Paravent_Volets_Morris_Mineur_Bleu_Qsqej_54816187.htm,No,Not tagged
www.avito.ma/ar/حي_المحمدي/معدات_مهنية/rayonnage_supermarché__47695769.htm,No,Not tagged
www.avito.ma/ar/حي_المحيط/الأثاث_والديكور/Meubles_et_Décoration_à_Rabat_53169184.htm,No,Not tagged
www.avito.ma/ar/حي_النجاح/ألعاب_الفيديو_وأجهزة_تشغيل_أو_كونصولات/2_consoles_wii_flashé__54223082.htm,No,Not tagged
www.avito.ma/ar/خريبكة/سيارات_مستعملة/Ford_focus_BVA_2021_54501776.htm,No,Not tagged
www.avito.ma/ar/خنيفرة/بقع_و_مزارع_للكراء/TERRAIN_TITRE_DE_30H_DOMAUINES_FORISTIERS_48245803.htm,No,Not tagged
www.avito.ma/ar/دار_بوعزة/سيارات_مستعملة/Particulier_Vente_BMW_Serie_3_e90_54797206.htm,No,Not tagged
www.avito.ma/ar/درب_غلف/ملابس/Vêtements_à_Khouribga_53274642.htm,No,Not tagged
www.avito.ma/ar/راسين/شقق/SUPER_OPORTUNITE_APT_Bd_EL_MASSIRA_220m2__54286549.htm,No,Not tagged
www.avito.ma/ar/زايدة/manar/عقار,No,Not tagged
www.avito.ma/ar/زايو/آلات_البناء/Engins_BTP_à_Zaïo_53208130.htm,No,Not tagged
www.avito.ma/ar/سباتة/حيوانات_أليفة/CAT_______Meknès__54633385.htm,No,Not tagged
www.avito.ma/ar/سعادة/معدات_مهنية/للبيع_بثمن_مناسب--للبيع,No,Not tagged
www.avito.ma/ar/سلا/هواتف/iPhone_14_pro_max_54660349.htm,No,Not tagged
www.avito.ma/ar/سيدي_برنوصي/طابليط_و_الكتاب_الاليكتروني/iPad_Pro_2020_11___512_Gb_53467634.htm,No,Not tagged
www.avito.ma/ar/سيدي_معروف/محلات_للكراء/Magasin_à_louer_quartier_Sidi_Maarouf_54946751.htm,No,Not tagged
www.avito.ma/ar/سيدي_موسى/دراجات/دراجة_هوائية_بالحي_الصناعي__54734171.htm,No,Not tagged
www.avito.ma/ar/شفشاون/marmite--للبيع,No,Not tagged
www.avito.ma/ar/طماريس/مكاتب/t--للبيع,No,Not tagged
www.avito.ma/ar/طنجة/asisti--للبيع,No,Not tagged
www.avito.ma/ar/طنجة/claver--للبيع,No,Not tagged
www.avito.ma/ar/طنجة/f2.8_macro--للبيع,No,Not tagged
www.avito.ma/ar/طنجة/i5_3_generation--للبيع,No,Not tagged
www.avito.ma/ar/طنجة/ملابسـللأطفالـوـالرٌدع/a--للبيع,No,Not tagged
www.avito.ma/ar/عين_السبع/منتجات_التجميل/عطرسطور_لطافة_52573520.htm,No,Not tagged
www.avito.ma/ar/عين_الشق/أحذية/Gat_original__54930041.htm,No,Not tagged
www.avito.ma/ar/عين_الشق/هواتف/Iphone_11_pro_max__53431532.htm,No,Not tagged
www.avito.ma/ar/عين_برجة/سيارات_مستعملة/Land_rover_diesel_9_chv_automatique__54701965.htm,No,Not tagged
www.avito.ma/ar/عين_دياب/ملابس/بطانية_قابلة_للإرتداء_54196326.htm,No,Not tagged
www.avito.ma/ar/فاس/bourgogne/أجهزةـالإلكترومناجيـوـالأواني-للبيع,No,Not tagged
www.avito.ma/ar/فال_فلوري/شقق/Appartement_à_vendre_à_Casablanca_53408938.htm,No,Not tagged
www.avito.ma/ar/فرخانة/الأثاثـوـالديكور-للبيع,No,Not tagged
www.avito.ma/ar/كلميم/takamine--للبيع,No,Not tagged
www.avito.ma/ar/كليز/اكسسوارات_الكمبيوتر_والأجهزة/Boitier_d_écoute_mouchard_avec_micro_53412593.htm,No,Not tagged
www.avito.ma/ar/كنفودة/afficheur_samsung_j5--للبيع,No,Not tagged
www.avito.ma/ar/لبلالية/ألعاب/relax_pour_bébé__55132336.htm,No,Not tagged
www.avito.ma/ar/مراكش/دكاكين_محلات_تجارية/à_vendre_casa--للبيع,No,Not tagged
www.avito.ma/ar/مراكش/ساعاتـوـمجوهرات/pour_et_enfants--للبيع,No,Not tagged
www.avito.ma/ar/مراكش/عقار/ziane,No,Not tagged
www.avito.ma/ar/مراكش/قطعـالغيارـلوسائلـالنقل/ملابس--للبيع,No,Not tagged
www.avito.ma/ar/مرس_سلطان/أجهزة_الإلكترومناجي_والأواني/Cuisinière_4_feux_et_four__54729773.htm,No,Not tagged
www.avito.ma/ar/مكناس/بقعـوـمزارع/a_vendre_meknes--للبيع,No,Not tagged
www.avito.ma/ar/واد_زم/chaussure_de--للبيع,No,Not tagged
www.avito.ma/ar/وسط_المدينة/حيوانات_أليفة/Étalon_pur_sang_arabe__55032257.htm,No,Not tagged
www.avito.ma/ar/وسط_المدينة/معدات_رياضية/gants_de_boxe_venum_53733587.htm,No,Not tagged
www.avito.ma/ar/يعقوب_المنصور/تأجير_السيارات/Voitures_de_location_Peugeot_208_52844003.htm,No,Not tagged
www.avito.ma/ar/يعقوب_المنصور/حيوانات_أليفة/مسرح_للفراخ_54727813.htm,No,Not tagged
www.avito.ma/auto/neuf/fiat/doblo/,No,Not tagged
www.avito.ma/fr/achakar/autre_matériel_professionel/table_scolaire_i_53714145.htm,No,Not tagged
www.avito.ma/fr/achakar/jeux_vidéo_et_consoles/حساب_فري_فاير_53605059.htm,No,Not tagged
www.avito.ma/fr/agadir/animaux/acheter--à_vendre,No,Not tagged
www.avito.ma/fr/agadir/autres_immobilier/location_de_appartement--à_vendre,No,Not tagged
www.avito.ma/fr/agadir/magasins_et_commerces/hay_nahda_rabat--à_vendre,No,Not tagged
www.avito.ma/fr/agadir/pâtisserie--demandes,No,Not tagged
www.avito.ma/fr/agdal/appareils_photo_et_caméras/T_20_Reveil_camera_espion_FHD_1080P_vison_de_nui_53272229.htm,No,Not tagged
